question_id,exam,outcome,points,format,calculator,image_metadata,task_flags,outcome_candidate_generators,review_status,source_file
mb-pc40s-2013-jan-q01,2013-jan,12P.T.5,3,frq,calculator-active,False,,mb-40s-te-verify;mb-40s-te-first-degree;mb-40s-te-first-degree-approx;mb-40s-te-double-angle;mb-40s-te-second-degree;mb-40s-te-identities;mb-40s-te-general;mb-40s-te-find-error;mb-40s-te-graphical,inventory only; detailed coverage unassessed,../../../../../banks/manitoba-precalculus-40s-provincial-exams-documents/questions/mb-pc40s-2013-jan-q01.json
mb-pc40s-2013-jan-q02,2013-jan,12P.P.4,3,frq,calculator-active,False,,mb-40s-bin-pascal;mb-40s-bin-expand;mb-40s-bin-term;mb-40s-bin-term-power;mb-40s-bin-coefficient,inventory only; detailed coverage unassessed,../../../../../banks/manitoba-precalculus-40s-provincial-exams-documents/questions/mb-pc40s-2013-jan-q02.json
mb-pc40s-2013-jan-q03,2013-jan,12P.R.10,3,frq,calculator-active,False,,mb-40s-exp-common-base;mb-40s-exp-logs;mb-40s-exp-growth-decay;mb-40s-exp-finance;mb-40s-log-solve;mb-40s-log-scales,inventory only; detailed coverage unassessed,../../../../../banks/manitoba-precalculus-40s-provincial-exams-documents/questions/mb-pc40s-2013-jan-q03.json
mb-pc40s-2013-jan-q04,2013-jan,12P.R.10,3,frq,calculator-active,False,,mb-40s-exp-common-base;mb-40s-exp-logs;mb-40s-exp-growth-decay;mb-40s-exp-finance;mb-40s-log-solve;mb-40s-log-scales,inventory only; detailed coverage unassessed,../../../../../banks/manitoba-precalculus-40s-provincial-exams-documents/questions/mb-pc40s-2013-jan-q04.json
mb-pc40s-2013-jan-q05,2013-jan,12P.P.2,2,frq,calculator-active,False,explanation,mb-40s-pc-factorial;mb-40s-pc-permutations;mb-40s-pc-identical;mb-40s-pc-conditions;mb-40s-pc-npr-equation;mb-40s-pc-which,inventory only; detailed coverage unassessed,../../../../../banks/manitoba-precalculus-40s-provincial-exams-documents/questions/mb-pc40s-2013-jan-q05.json
mb-pc40s-2013-jan-q06,2013-jan,12P.P.3,3,frq,calculator-active,False,,mb-40s-pc-combinations;mb-40s-pc-combination-cases;mb-40s-pc-ncr-equation;mb-40s-pc-which,inventory only; detailed coverage unassessed,../../../../../banks/manitoba-precalculus-40s-provincial-exams-documents/questions/mb-pc40s-2013-jan-q06.json
mb-pc40s-2013-jan-q07,2013-jan,12P.T.1,2,frq,no-calculator,False,error-analysis;explanation,mb-40s-ang-deg-to-rad;mb-40s-ang-rad-to-deg;mb-40s-ang-coterminal;mb-40s-ang-coterminal-general;mb-40s-ang-arc-length;mb-40s-ang-sketch,inventory only; detailed coverage unassessed,../../../../../banks/manitoba-precalculus-40s-provincial-exams-documents/questions/mb-pc40s-2013-jan-q07.json
mb-pc40s-2013-jan-q08,2013-jan,12P.R.1,1,frq,no-calculator,True,explanation,mb-40s-op-equation;mb-40s-op-domain;mb-40s-op-evaluate;mb-40s-op-compose-evaluate;mb-40s-op-compose-equation;mb-40s-op-decompose;mb-40s-op-from-graphs;mb-40s-op-sketch;mb-40s-op-abs-reciprocal,inventory only; detailed coverage unassessed,../../../../../banks/manitoba-precalculus-40s-provincial-exams-documents/questions/mb-pc40s-2013-jan-q08.json
mb-pc40s-2013-jan-q09,2013-jan,12P.R.10,1,frq,no-calculator,False,error-analysis;explanation,mb-40s-exp-common-base;mb-40s-exp-logs;mb-40s-exp-growth-decay;mb-40s-exp-finance;mb-40s-log-solve;mb-40s-log-scales,inventory only; detailed coverage unassessed,../../../../../banks/manitoba-precalculus-40s-provincial-exams-documents/questions/mb-pc40s-2013-jan-q09.json
mb-pc40s-2013-jan-q10,2013-jan,12P.R.13,1,frq,no-calculator,True,,mb-40s-rad-domain-range;mb-40s-rad-describe;mb-40s-rad-sqrt-f-domain;mb-40s-rad-sketch-table;mb-40s-rad-sketch-transform;mb-40s-rad-sketch-sqrt-f;mb-40s-rad-solve-graphically,inventory only; detailed coverage unassessed,../../../../../banks/manitoba-precalculus-40s-provincial-exams-documents/questions/mb-pc40s-2013-jan-q10.json
mb-pc40s-2013-jan-q11,2013-jan,12P.P.1,1,frq,no-calculator,False,error-analysis,mb-40s-pc-fcp,inventory only; detailed coverage unassessed,../../../../../banks/manitoba-precalculus-40s-provincial-exams-documents/questions/mb-pc40s-2013-jan-q11.json
mb-pc40s-2013-jan-q12,2013-jan,12P.P.4,1,frq,no-calculator,False,explanation,mb-40s-bin-pascal;mb-40s-bin-expand;mb-40s-bin-term;mb-40s-bin-term-power;mb-40s-bin-coefficient,inventory only; detailed coverage unassessed,../../../../../banks/manitoba-precalculus-40s-provincial-exams-documents/questions/mb-pc40s-2013-jan-q12.json
mb-pc40s-2013-jan-q13,2013-jan,12P.T.6,3,frq,no-calculator,False,identity-proof,mb-40s-te-identities;mb-40s-id-simplify;mb-40s-id-npv;mb-40s-id-verify-numeric;mb-40s-id-exact-sum-diff;mb-40s-id-exact-double;mb-40s-id-single-function;mb-40s-id-prove,inventory only; detailed coverage unassessed,../../../../../banks/manitoba-precalculus-40s-provincial-exams-documents/questions/mb-pc40s-2013-jan-q13.json
mb-pc40s-2013-jan-q14,2013-jan,12P.T.3,2,frq,no-calculator,False,explanation,mb-40s-ratio-exact;mb-40s-ratio-approx;mb-40s-ratio-terminal-point;mb-40s-ratio-terminal-angle;mb-40s-ratio-given-one;mb-40s-ratio-find-angles;mb-40s-ratio-problem,inventory only; detailed coverage unassessed,../../../../../banks/manitoba-precalculus-40s-provincial-exams-documents/questions/mb-pc40s-2013-jan-q14.json
mb-pc40s-2013-jan-q15,2013-jan,12P.R.1,2,frq,no-calculator,True,,mb-40s-op-equation;mb-40s-op-domain;mb-40s-op-evaluate;mb-40s-op-compose-evaluate;mb-40s-op-compose-equation;mb-40s-op-decompose;mb-40s-op-from-graphs;mb-40s-op-sketch;mb-40s-op-abs-reciprocal,inventory only; detailed coverage unassessed,../../../../../banks/manitoba-precalculus-40s-provincial-exams-documents/questions/mb-pc40s-2013-jan-q15.json
mb-pc40s-2013-jan-q16,2013-jan,12P.R.3,1,mcq,no-calculator,False,,mb-40s-tr-describe;mb-40s-tr-write-equation;mb-40s-tr-map-point;mb-40s-tr-sketch-stretch;mb-40s-tr-equation-from-graph,inventory only; detailed coverage unassessed,../../../../../banks/manitoba-precalculus-40s-provincial-exams-documents/questions/mb-pc40s-2013-jan-q16.json
mb-pc40s-2013-jan-q17,2013-jan,12P.T.1,1,mcq,no-calculator,True,,mb-40s-ang-deg-to-rad;mb-40s-ang-rad-to-deg;mb-40s-ang-coterminal;mb-40s-ang-coterminal-general;mb-40s-ang-arc-length;mb-40s-ang-sketch,inventory only; detailed coverage unassessed,../../../../../banks/manitoba-precalculus-40s-provincial-exams-documents/questions/mb-pc40s-2013-jan-q17.json
mb-pc40s-2013-jan-q18,2013-jan,12P.R.7,1,mcq,no-calculator,False,,mb-40s-log-convert;mb-40s-log-evaluate;mb-40s-log-estimate,inventory only; detailed coverage unassessed,../../../../../banks/manitoba-precalculus-40s-provincial-exams-documents/questions/mb-pc40s-2013-jan-q18.json
mb-pc40s-2013-jan-q19,2013-jan,12P.T.6,1,mcq,no-calculator,False,,mb-40s-te-identities;mb-40s-id-simplify;mb-40s-id-npv;mb-40s-id-verify-numeric;mb-40s-id-exact-sum-diff;mb-40s-id-exact-double;mb-40s-id-single-function;mb-40s-id-prove,inventory only; detailed coverage unassessed,../../../../../banks/manitoba-precalculus-40s-provincial-exams-documents/questions/mb-pc40s-2013-jan-q19.json
mb-pc40s-2013-jan-q20,2013-jan,12P.R.14,1,mcq,no-calculator,True,,mb-40s-rat-npv;mb-40s-rat-features;mb-40s-rat-hole;mb-40s-rat-behaviour;mb-40s-rat-sketch;mb-40s-rat-match;mb-40s-rat-solve-graphically,inventory only; detailed coverage unassessed,../../../../../banks/manitoba-precalculus-40s-provincial-exams-documents/questions/mb-pc40s-2013-jan-q20.json
mb-pc40s-2013-jan-q21,2013-jan,12P.P.4,1,mcq,no-calculator,False,,mb-40s-bin-pascal;mb-40s-bin-expand;mb-40s-bin-term;mb-40s-bin-term-power;mb-40s-bin-coefficient,inventory only; detailed coverage unassessed,../../../../../banks/manitoba-precalculus-40s-provincial-exams-documents/questions/mb-pc40s-2013-jan-q21.json
mb-pc40s-2013-jan-q22,2013-jan,12P.R.6,1,mcq,no-calculator,False,,mb-40s-inv-linear;mb-40s-inv-quadratic;mb-40s-inv-verify;mb-40s-inv-domain-range;mb-40s-inv-is-function;mb-40s-inv-sketch,inventory only; detailed coverage unassessed,../../../../../banks/manitoba-precalculus-40s-provincial-exams-documents/questions/mb-pc40s-2013-jan-q22.json
mb-pc40s-2013-jan-q23,2013-jan,12P.P.2,1,mcq,no-calculator,False,,mb-40s-pc-factorial;mb-40s-pc-permutations;mb-40s-pc-identical;mb-40s-pc-conditions;mb-40s-pc-npr-equation;mb-40s-pc-which,inventory only; detailed coverage unassessed,../../../../../banks/manitoba-precalculus-40s-provincial-exams-documents/questions/mb-pc40s-2013-jan-q23.json
mb-pc40s-2013-jan-q24,2013-jan,12P.R.9,1,mcq,no-calculator,False,,mb-40s-exp-characteristics;mb-40s-exp-transformed;mb-40s-exp-sketch;mb-40s-log-characteristics;mb-40s-log-sketch,inventory only; detailed coverage unassessed,../../../../../banks/manitoba-precalculus-40s-provincial-exams-documents/questions/mb-pc40s-2013-jan-q24.json
mb-pc40s-2013-jan-q25,2013-jan,12P.R.7,1,frq,no-calculator,False,,mb-40s-log-convert;mb-40s-log-evaluate;mb-40s-log-estimate,inventory only; detailed coverage unassessed,../../../../../banks/manitoba-precalculus-40s-provincial-exams-documents/questions/mb-pc40s-2013-jan-q25.json
mb-pc40s-2013-jan-q26,2013-jan,12P.R.5,1,frq,no-calculator,False,explanation,mb-40s-tr-reflect-point;mb-40s-tr-reflect-equation;mb-40s-tr-reflect-sketch,inventory only; detailed coverage unassessed,../../../../../banks/manitoba-precalculus-40s-provincial-exams-documents/questions/mb-pc40s-2013-jan-q26.json
mb-pc40s-2013-jan-q27,2013-jan,12P.R.12,3,frq,no-calculator,True,,mb-40s-poly-solve;mb-40s-poly-zeros-multiplicity;mb-40s-poly-end-behaviour;mb-40s-poly-identify;mb-40s-poly-write;mb-40s-poly-model;mb-40s-poly-sketch;mb-40s-poly-match;mb-40s-poly-from-graph,inventory only; detailed coverage unassessed,../../../../../banks/manitoba-precalculus-40s-provincial-exams-documents/questions/mb-pc40s-2013-jan-q27.json
mb-pc40s-2013-jan-q28,2013-jan,12P.T.4,2,frq,no-calculator,False,,mb-40s-tf-characteristics-basic;mb-40s-tf-characteristics;mb-40s-tf-max-min;mb-40s-tf-equation-from-features;mb-40s-tf-model;mb-40s-tf-sketch;mb-40s-tf-equation-from-graph,inventory only; detailed coverage unassessed,../../../../../banks/manitoba-precalculus-40s-provincial-exams-documents/questions/mb-pc40s-2013-jan-q28.json
mb-pc40s-2013-jan-q29,2013-jan,12P.R.1,1,frq,no-calculator,False,,mb-40s-op-equation;mb-40s-op-domain;mb-40s-op-evaluate;mb-40s-op-compose-evaluate;mb-40s-op-compose-equation;mb-40s-op-decompose;mb-40s-op-from-graphs;mb-40s-op-sketch;mb-40s-op-abs-reciprocal,inventory only; detailed coverage unassessed,../../../../../banks/manitoba-precalculus-40s-provincial-exams-documents/questions/mb-pc40s-2013-jan-q29.json
mb-pc40s-2013-jan-q30,2013-jan,12P.R.9,3,frq,no-calculator,True,explanation;multipart,mb-40s-exp-characteristics;mb-40s-exp-transformed;mb-40s-exp-sketch;mb-40s-log-characteristics;mb-40s-log-sketch,inventory only; detailed coverage unassessed,../../../../../banks/manitoba-precalculus-40s-provincial-exams-documents/questions/mb-pc40s-2013-jan-q30.json
mb-pc40s-2013-jan-q31,2013-jan,12P.R.11,5,frq,no-calculator,False,,mb-40s-poly-divide;mb-40s-poly-remainder;mb-40s-poly-remainder-unknown;mb-40s-poly-factor-theorem;mb-40s-poly-factor;mb-40s-poly-solve,inventory only; detailed coverage unassessed,../../../../../banks/manitoba-precalculus-40s-provincial-exams-documents/questions/mb-pc40s-2013-jan-q31.json
mb-pc40s-2013-jan-q32,2013-jan,12P.R.5,1,frq,no-calculator,True,,mb-40s-tr-reflect-point;mb-40s-tr-reflect-equation;mb-40s-tr-reflect-sketch,inventory only; detailed coverage unassessed,../../../../../banks/manitoba-precalculus-40s-provincial-exams-documents/questions/mb-pc40s-2013-jan-q32.json
mb-pc40s-2013-jan-q33,2013-jan,12P.T.2,1,frq,no-calculator,False,,mb-40s-uc-point;mb-40s-uc-circle-equation,inventory only; detailed coverage unassessed,../../../../../banks/manitoba-precalculus-40s-provincial-exams-documents/questions/mb-pc40s-2013-jan-q33.json
mb-pc40s-2013-jan-q34,2013-jan,12P.T.4,3,frq,no-calculator,True,,mb-40s-tf-characteristics-basic;mb-40s-tf-characteristics;mb-40s-tf-max-min;mb-40s-tf-equation-from-features;mb-40s-tf-model;mb-40s-tf-sketch;mb-40s-tf-equation-from-graph,inventory only; detailed coverage unassessed,../../../../../banks/manitoba-precalculus-40s-provincial-exams-documents/questions/mb-pc40s-2013-jan-q34.json
mb-pc40s-2013-jan-q35,2013-jan,12P.R.13,3,frq,no-calculator,True,,mb-40s-rad-domain-range;mb-40s-rad-describe;mb-40s-rad-sqrt-f-domain;mb-40s-rad-sketch-table;mb-40s-rad-sketch-transform;mb-40s-rad-sketch-sqrt-f;mb-40s-rad-solve-graphically,inventory only; detailed coverage unassessed,../../../../../banks/manitoba-precalculus-40s-provincial-exams-documents/questions/mb-pc40s-2013-jan-q35.json
mb-pc40s-2013-jan-q36,2013-jan,12P.R.6,2,frq,no-calculator,False,,mb-40s-inv-linear;mb-40s-inv-quadratic;mb-40s-inv-verify;mb-40s-inv-domain-range;mb-40s-inv-is-function;mb-40s-inv-sketch,inventory only; detailed coverage unassessed,../../../../../banks/manitoba-precalculus-40s-provincial-exams-documents/questions/mb-pc40s-2013-jan-q36.json
mb-pc40s-2013-jan-q37,2013-jan,12P.R.8,1,frq,no-calculator,False,error-analysis,mb-40s-log-expand;mb-40s-log-condense;mb-40s-log-evaluate-laws;mb-40s-log-approx;mb-40s-log-prove-law,inventory only; detailed coverage unassessed,../../../../../banks/manitoba-precalculus-40s-provincial-exams-documents/questions/mb-pc40s-2013-jan-q37.json
mb-pc40s-2013-jan-q38,2013-jan,12P.T.6,3,frq,no-calculator,False,explanation,mb-40s-te-identities;mb-40s-id-simplify;mb-40s-id-npv;mb-40s-id-verify-numeric;mb-40s-id-exact-sum-diff;mb-40s-id-exact-double;mb-40s-id-single-function;mb-40s-id-prove,inventory only; detailed coverage unassessed,../../../../../banks/manitoba-precalculus-40s-provincial-exams-documents/questions/mb-pc40s-2013-jan-q38.json
mb-pc40s-2013-jan-q39,2013-jan,12P.R.1,3,frq,no-calculator,True,multipart,mb-40s-op-equation;mb-40s-op-domain;mb-40s-op-evaluate;mb-40s-op-compose-evaluate;mb-40s-op-compose-equation;mb-40s-op-decompose;mb-40s-op-from-graphs;mb-40s-op-sketch;mb-40s-op-abs-reciprocal,inventory only; detailed coverage unassessed,../../../../../banks/manitoba-precalculus-40s-provincial-exams-documents/questions/mb-pc40s-2013-jan-q39.json
mb-pc40s-2013-jan-q40,2013-jan,12P.R.1,1,frq,no-calculator,False,,mb-40s-op-equation;mb-40s-op-domain;mb-40s-op-evaluate;mb-40s-op-compose-evaluate;mb-40s-op-compose-equation;mb-40s-op-decompose;mb-40s-op-from-graphs;mb-40s-op-sketch;mb-40s-op-abs-reciprocal,inventory only; detailed coverage unassessed,../../../../../banks/manitoba-precalculus-40s-provincial-exams-documents/questions/mb-pc40s-2013-jan-q40.json
mb-pc40s-2013-jan-q41,2013-jan,12P.T.5,1,frq,no-calculator,True,,mb-40s-te-verify;mb-40s-te-first-degree;mb-40s-te-first-degree-approx;mb-40s-te-double-angle;mb-40s-te-second-degree;mb-40s-te-identities;mb-40s-te-general;mb-40s-te-find-error;mb-40s-te-graphical,inventory only; detailed coverage unassessed,../../../../../banks/manitoba-precalculus-40s-provincial-exams-documents/questions/mb-pc40s-2013-jan-q41.json
mb-pc40s-2013-jan-q42,2013-jan,12P.R.1,1,frq,no-calculator,False,,mb-40s-op-equation;mb-40s-op-domain;mb-40s-op-evaluate;mb-40s-op-compose-evaluate;mb-40s-op-compose-equation;mb-40s-op-decompose;mb-40s-op-from-graphs;mb-40s-op-sketch;mb-40s-op-abs-reciprocal,inventory only; detailed coverage unassessed,../../../../../banks/manitoba-precalculus-40s-provincial-exams-documents/questions/mb-pc40s-2013-jan-q42.json
mb-pc40s-2013-jan-q43,2013-jan,12P.T.1,1,frq,no-calculator,True,,mb-40s-ang-deg-to-rad;mb-40s-ang-rad-to-deg;mb-40s-ang-coterminal;mb-40s-ang-coterminal-general;mb-40s-ang-arc-length;mb-40s-ang-sketch,inventory only; detailed coverage unassessed,../../../../../banks/manitoba-precalculus-40s-provincial-exams-documents/questions/mb-pc40s-2013-jan-q43.json
mb-pc40s-2013-jan-q44,2013-jan,12P.T.3,3,frq,no-calculator,False,,mb-40s-ratio-exact;mb-40s-ratio-approx;mb-40s-ratio-terminal-point;mb-40s-ratio-terminal-angle;mb-40s-ratio-given-one;mb-40s-ratio-find-angles;mb-40s-ratio-problem,inventory only; detailed coverage unassessed,../../../../../banks/manitoba-precalculus-40s-provincial-exams-documents/questions/mb-pc40s-2013-jan-q44.json
mb-pc40s-2013-jan-q45,2013-jan,12P.R.14,3,frq,no-calculator,True,,mb-40s-rat-npv;mb-40s-rat-features;mb-40s-rat-hole;mb-40s-rat-behaviour;mb-40s-rat-sketch;mb-40s-rat-match;mb-40s-rat-solve-graphically,inventory only; detailed coverage unassessed,../../../../../banks/manitoba-precalculus-40s-provincial-exams-documents/questions/mb-pc40s-2013-jan-q45.json
mb-pc40s-2013-jan-q46,2013-jan,12P.R.7,1,frq,no-calculator,False,explanation,mb-40s-log-convert;mb-40s-log-evaluate;mb-40s-log-estimate,inventory only; detailed coverage unassessed,../../../../../banks/manitoba-precalculus-40s-provincial-exams-documents/questions/mb-pc40s-2013-jan-q46.json
mb-pc40s-2013-jan-q47,2013-jan,12P.R.11,1,frq,no-calculator,False,,mb-40s-poly-divide;mb-40s-poly-remainder;mb-40s-poly-remainder-unknown;mb-40s-poly-factor-theorem;mb-40s-poly-factor;mb-40s-poly-solve,inventory only; detailed coverage unassessed,../../../../../banks/manitoba-precalculus-40s-provincial-exams-documents/questions/mb-pc40s-2013-jan-q47.json
mb-pc40s-2013-jan-q48,2013-jan,12P.R.2,1,frq,no-calculator,False,,mb-40s-tr-describe;mb-40s-tr-write-equation;mb-40s-tr-map-point;mb-40s-tr-sketch-translation;mb-40s-tr-equation-from-graph,inventory only; detailed coverage unassessed,../../../../../banks/manitoba-precalculus-40s-provincial-exams-documents/questions/mb-pc40s-2013-jan-q48.json
mb-pc40s-2013-jan-q49,2013-jan,12P.T.3,3,frq,no-calculator,False,,mb-40s-ratio-exact;mb-40s-ratio-approx;mb-40s-ratio-terminal-point;mb-40s-ratio-terminal-angle;mb-40s-ratio-given-one;mb-40s-ratio-find-angles;mb-40s-ratio-problem,inventory only; detailed coverage unassessed,../../../../../banks/manitoba-precalculus-40s-provincial-exams-documents/questions/mb-pc40s-2013-jan-q49.json
mb-pc40s-2013-jun-q01,2013-jun,12P.T.1,2,frq,calculator-active,False,,mb-40s-ang-deg-to-rad;mb-40s-ang-rad-to-deg;mb-40s-ang-coterminal;mb-40s-ang-coterminal-general;mb-40s-ang-arc-length;mb-40s-ang-sketch,inventory only; detailed coverage unassessed,../../../../../banks/manitoba-precalculus-40s-provincial-exams-documents/questions/mb-pc40s-2013-jun-q01.json
mb-pc40s-2013-jun-q02,2013-jun,12P.T.3,4,frq,calculator-active,False,,mb-40s-ratio-exact;mb-40s-ratio-approx;mb-40s-ratio-terminal-point;mb-40s-ratio-terminal-angle;mb-40s-ratio-given-one;mb-40s-ratio-find-angles;mb-40s-ratio-problem,inventory only; detailed coverage unassessed,../../../../../banks/manitoba-precalculus-40s-provincial-exams-documents/questions/mb-pc40s-2013-jun-q02.json
mb-pc40s-2013-jun-q03,2013-jun,12P.R.10,3,frq,calculator-active,False,,mb-40s-exp-common-base;mb-40s-exp-logs;mb-40s-exp-growth-decay;mb-40s-exp-finance;mb-40s-log-solve;mb-40s-log-scales,inventory only; detailed coverage unassessed,../../../../../banks/manitoba-precalculus-40s-provincial-exams-documents/questions/mb-pc40s-2013-jun-q03.json
mb-pc40s-2013-jun-q04,2013-jun,12P.P.4,3,frq,calculator-active,False,,mb-40s-bin-pascal;mb-40s-bin-expand;mb-40s-bin-term;mb-40s-bin-term-power;mb-40s-bin-coefficient,inventory only; detailed coverage unassessed,../../../../../banks/manitoba-precalculus-40s-provincial-exams-documents/questions/mb-pc40s-2013-jun-q04.json
mb-pc40s-2013-jun-q05,2013-jun,12P.P.1,1,frq,no-calculator,False,explanation,mb-40s-pc-fcp,inventory only; detailed coverage unassessed,../../../../../banks/manitoba-precalculus-40s-provincial-exams-documents/questions/mb-pc40s-2013-jun-q05.json
mb-pc40s-2013-jun-q06,2013-jun,12P.P.4,2,frq,no-calculator,False,explanation,mb-40s-bin-pascal;mb-40s-bin-expand;mb-40s-bin-term;mb-40s-bin-term-power;mb-40s-bin-coefficient,inventory only; detailed coverage unassessed,../../../../../banks/manitoba-precalculus-40s-provincial-exams-documents/questions/mb-pc40s-2013-jun-q06.json
mb-pc40s-2013-jun-q07,2013-jun,12P.T.3,4,frq,no-calculator,False,,mb-40s-ratio-exact;mb-40s-ratio-approx;mb-40s-ratio-terminal-point;mb-40s-ratio-terminal-angle;mb-40s-ratio-given-one;mb-40s-ratio-find-angles;mb-40s-ratio-problem,inventory only; detailed coverage unassessed,../../../../../banks/manitoba-precalculus-40s-provincial-exams-documents/questions/mb-pc40s-2013-jun-q07.json
mb-pc40s-2013-jun-q08,2013-jun,12P.R.10,3,frq,no-calculator,False,,mb-40s-exp-common-base;mb-40s-exp-logs;mb-40s-exp-growth-decay;mb-40s-exp-finance;mb-40s-log-solve;mb-40s-log-scales,inventory only; detailed coverage unassessed,../../../../../banks/manitoba-precalculus-40s-provincial-exams-documents/questions/mb-pc40s-2013-jun-q08.json
mb-pc40s-2013-jun-q09,2013-jun,12P.R.1,1,frq,no-calculator,False,,mb-40s-op-equation;mb-40s-op-domain;mb-40s-op-evaluate;mb-40s-op-compose-evaluate;mb-40s-op-compose-equation;mb-40s-op-decompose;mb-40s-op-from-graphs;mb-40s-op-sketch;mb-40s-op-abs-reciprocal,inventory only; detailed coverage unassessed,../../../../../banks/manitoba-precalculus-40s-provincial-exams-documents/questions/mb-pc40s-2013-jun-q09.json
mb-pc40s-2013-jun-q10,2013-jun,12P.R.1,2,frq,no-calculator,True,,mb-40s-op-equation;mb-40s-op-domain;mb-40s-op-evaluate;mb-40s-op-compose-evaluate;mb-40s-op-compose-equation;mb-40s-op-decompose;mb-40s-op-from-graphs;mb-40s-op-sketch;mb-40s-op-abs-reciprocal,inventory only; detailed coverage unassessed,../../../../../banks/manitoba-precalculus-40s-provincial-exams-documents/questions/mb-pc40s-2013-jun-q10.json
mb-pc40s-2013-jun-q11,2013-jun,12P.R.2,2,frq,no-calculator,False,,mb-40s-tr-describe;mb-40s-tr-write-equation;mb-40s-tr-map-point;mb-40s-tr-sketch-translation;mb-40s-tr-equation-from-graph,inventory only; detailed coverage unassessed,../../../../../banks/manitoba-precalculus-40s-provincial-exams-documents/questions/mb-pc40s-2013-jun-q11.json
mb-pc40s-2013-jun-q12,2013-jun,12P.R.5,1,frq,no-calculator,False,,mb-40s-tr-reflect-point;mb-40s-tr-reflect-equation;mb-40s-tr-reflect-sketch,inventory only; detailed coverage unassessed,../../../../../banks/manitoba-precalculus-40s-provincial-exams-documents/questions/mb-pc40s-2013-jun-q12.json
mb-pc40s-2013-jun-q13,2013-jun,12P.R.8,3,frq,no-calculator,False,,mb-40s-log-expand;mb-40s-log-condense;mb-40s-log-evaluate-laws;mb-40s-log-approx;mb-40s-log-prove-law,inventory only; detailed coverage unassessed,../../../../../banks/manitoba-precalculus-40s-provincial-exams-documents/questions/mb-pc40s-2013-jun-q13.json
mb-pc40s-2013-jun-q14,2013-jun,12P.T.1,1,frq,no-calculator,True,,mb-40s-ang-deg-to-rad;mb-40s-ang-rad-to-deg;mb-40s-ang-coterminal;mb-40s-ang-coterminal-general;mb-40s-ang-arc-length;mb-40s-ang-sketch,inventory only; detailed coverage unassessed,../../../../../banks/manitoba-precalculus-40s-provincial-exams-documents/questions/mb-pc40s-2013-jun-q14.json
mb-pc40s-2013-jun-q15,2013-jun,12P.T.6,3,frq,no-calculator,False,identity-proof,mb-40s-te-identities;mb-40s-id-simplify;mb-40s-id-npv;mb-40s-id-verify-numeric;mb-40s-id-exact-sum-diff;mb-40s-id-exact-double;mb-40s-id-single-function;mb-40s-id-prove,inventory only; detailed coverage unassessed,../../../../../banks/manitoba-precalculus-40s-provincial-exams-documents/questions/mb-pc40s-2013-jun-q15.json
mb-pc40s-2013-jun-q16,2013-jun,12P.P.3,3,frq,no-calculator,False,,mb-40s-pc-combinations;mb-40s-pc-combination-cases;mb-40s-pc-ncr-equation;mb-40s-pc-which,inventory only; detailed coverage unassessed,../../../../../banks/manitoba-precalculus-40s-provincial-exams-documents/questions/mb-pc40s-2013-jun-q16.json
mb-pc40s-2013-jun-q17,2013-jun,12P.P.2,1,mcq,no-calculator,False,,mb-40s-pc-factorial;mb-40s-pc-permutations;mb-40s-pc-identical;mb-40s-pc-conditions;mb-40s-pc-npr-equation;mb-40s-pc-which,inventory only; detailed coverage unassessed,../../../../../banks/manitoba-precalculus-40s-provincial-exams-documents/questions/mb-pc40s-2013-jun-q17.json
mb-pc40s-2013-jun-q18,2013-jun,12P.T.1,1,mcq,no-calculator,False,,mb-40s-ang-deg-to-rad;mb-40s-ang-rad-to-deg;mb-40s-ang-coterminal;mb-40s-ang-coterminal-general;mb-40s-ang-arc-length;mb-40s-ang-sketch,inventory only; detailed coverage unassessed,../../../../../banks/manitoba-precalculus-40s-provincial-exams-documents/questions/mb-pc40s-2013-jun-q18.json
mb-pc40s-2013-jun-q19,2013-jun,12P.P.4,1,mcq,no-calculator,False,,mb-40s-bin-pascal;mb-40s-bin-expand;mb-40s-bin-term;mb-40s-bin-term-power;mb-40s-bin-coefficient,inventory only; detailed coverage unassessed,../../../../../banks/manitoba-precalculus-40s-provincial-exams-documents/questions/mb-pc40s-2013-jun-q19.json
mb-pc40s-2013-jun-q20,2013-jun,12P.T.4,1,mcq,no-calculator,False,,mb-40s-tf-characteristics-basic;mb-40s-tf-characteristics;mb-40s-tf-max-min;mb-40s-tf-equation-from-features;mb-40s-tf-model;mb-40s-tf-sketch;mb-40s-tf-equation-from-graph,inventory only; detailed coverage unassessed,../../../../../banks/manitoba-precalculus-40s-provincial-exams-documents/questions/mb-pc40s-2013-jun-q20.json
mb-pc40s-2013-jun-q21,2013-jun,12P.T.5,1,mcq,no-calculator,False,,mb-40s-te-verify;mb-40s-te-first-degree;mb-40s-te-first-degree-approx;mb-40s-te-double-angle;mb-40s-te-second-degree;mb-40s-te-identities;mb-40s-te-general;mb-40s-te-find-error;mb-40s-te-graphical,inventory only; detailed coverage unassessed,../../../../../banks/manitoba-precalculus-40s-provincial-exams-documents/questions/mb-pc40s-2013-jun-q21.json
mb-pc40s-2013-jun-q22,2013-jun,12P.R.4,1,mcq,no-calculator,False,,mb-40s-tr-describe;mb-40s-tr-write-equation;mb-40s-tr-map-point;mb-40s-tr-mapping-rule;mb-40s-tr-domain-range;mb-40s-tr-sketch-combined;mb-40s-tr-equation-from-graph,inventory only; detailed coverage unassessed,../../../../../banks/manitoba-precalculus-40s-provincial-exams-documents/questions/mb-pc40s-2013-jun-q22.json
mb-pc40s-2013-jun-q23,2013-jun,12P.R.9,1,mcq,no-calculator,True,,mb-40s-exp-characteristics;mb-40s-exp-transformed;mb-40s-exp-sketch;mb-40s-log-characteristics;mb-40s-log-sketch,inventory only; detailed coverage unassessed,../../../../../banks/manitoba-precalculus-40s-provincial-exams-documents/questions/mb-pc40s-2013-jun-q23.json
mb-pc40s-2013-jun-q24,2013-jun,12P.R.12,1,mcq,no-calculator,True,,mb-40s-poly-solve;mb-40s-poly-zeros-multiplicity;mb-40s-poly-end-behaviour;mb-40s-poly-identify;mb-40s-poly-write;mb-40s-poly-model;mb-40s-poly-sketch;mb-40s-poly-match;mb-40s-poly-from-graph,inventory only; detailed coverage unassessed,../../../../../banks/manitoba-precalculus-40s-provincial-exams-documents/questions/mb-pc40s-2013-jun-q24.json
mb-pc40s-2013-jun-q25,2013-jun,12P.T.4,1,frq,no-calculator,True,,mb-40s-tf-characteristics-basic;mb-40s-tf-characteristics;mb-40s-tf-max-min;mb-40s-tf-equation-from-features;mb-40s-tf-model;mb-40s-tf-sketch;mb-40s-tf-equation-from-graph,inventory only; detailed coverage unassessed,../../../../../banks/manitoba-precalculus-40s-provincial-exams-documents/questions/mb-pc40s-2013-jun-q25.json
mb-pc40s-2013-jun-q26,2013-jun,12P.R.1,2,frq,no-calculator,False,,mb-40s-op-equation;mb-40s-op-domain;mb-40s-op-evaluate;mb-40s-op-compose-evaluate;mb-40s-op-compose-equation;mb-40s-op-decompose;mb-40s-op-from-graphs;mb-40s-op-sketch;mb-40s-op-abs-reciprocal,inventory only; detailed coverage unassessed,../../../../../banks/manitoba-precalculus-40s-provincial-exams-documents/questions/mb-pc40s-2013-jun-q26.json
mb-pc40s-2013-jun-q27,2013-jun,12P.T.3,2,frq,no-calculator,False,explanation,mb-40s-ratio-exact;mb-40s-ratio-approx;mb-40s-ratio-terminal-point;mb-40s-ratio-terminal-angle;mb-40s-ratio-given-one;mb-40s-ratio-find-angles;mb-40s-ratio-problem,inventory only; detailed coverage unassessed,../../../../../banks/manitoba-precalculus-40s-provincial-exams-documents/questions/mb-pc40s-2013-jun-q27.json
mb-pc40s-2013-jun-q28,2013-jun,12P.R.6,1,frq,no-calculator,True,,mb-40s-inv-linear;mb-40s-inv-quadratic;mb-40s-inv-verify;mb-40s-inv-domain-range;mb-40s-inv-is-function;mb-40s-inv-sketch,inventory only; detailed coverage unassessed,../../../../../banks/manitoba-precalculus-40s-provincial-exams-documents/questions/mb-pc40s-2013-jun-q28.json
mb-pc40s-2013-jun-q29,2013-jun,12P.R.12,3,frq,no-calculator,True,,mb-40s-poly-solve;mb-40s-poly-zeros-multiplicity;mb-40s-poly-end-behaviour;mb-40s-poly-identify;mb-40s-poly-write;mb-40s-poly-model;mb-40s-poly-sketch;mb-40s-poly-match;mb-40s-poly-from-graph,inventory only; detailed coverage unassessed,../../../../../banks/manitoba-precalculus-40s-provincial-exams-documents/questions/mb-pc40s-2013-jun-q29.json
mb-pc40s-2013-jun-q30,2013-jun,12P.R.7,1,frq,no-calculator,True,explanation,mb-40s-log-convert;mb-40s-log-evaluate;mb-40s-log-estimate,inventory only; detailed coverage unassessed,../../../../../banks/manitoba-precalculus-40s-provincial-exams-documents/questions/mb-pc40s-2013-jun-q30.json
mb-pc40s-2013-jun-q31,2013-jun,12P.R.12,1,frq,no-calculator,True,explanation,mb-40s-poly-solve;mb-40s-poly-zeros-multiplicity;mb-40s-poly-end-behaviour;mb-40s-poly-identify;mb-40s-poly-write;mb-40s-poly-model;mb-40s-poly-sketch;mb-40s-poly-match;mb-40s-poly-from-graph,inventory only; detailed coverage unassessed,../../../../../banks/manitoba-precalculus-40s-provincial-exams-documents/questions/mb-pc40s-2013-jun-q31.json
mb-pc40s-2013-jun-q32,2013-jun,12P.T.2,2,frq,no-calculator,False,,mb-40s-uc-point;mb-40s-uc-circle-equation,inventory only; detailed coverage unassessed,../../../../../banks/manitoba-precalculus-40s-provincial-exams-documents/questions/mb-pc40s-2013-jun-q32.json
mb-pc40s-2013-jun-q33,2013-jun,12P.R.1,2,frq,no-calculator,True,,mb-40s-op-equation;mb-40s-op-domain;mb-40s-op-evaluate;mb-40s-op-compose-evaluate;mb-40s-op-compose-equation;mb-40s-op-decompose;mb-40s-op-from-graphs;mb-40s-op-sketch;mb-40s-op-abs-reciprocal,inventory only; detailed coverage unassessed,../../../../../banks/manitoba-precalculus-40s-provincial-exams-documents/questions/mb-pc40s-2013-jun-q33.json
mb-pc40s-2013-jun-q34,2013-jun,12P.R.14,2,frq,no-calculator,False,,mb-40s-rat-npv;mb-40s-rat-features;mb-40s-rat-hole;mb-40s-rat-behaviour;mb-40s-rat-sketch;mb-40s-rat-match;mb-40s-rat-solve-graphically,inventory only; detailed coverage unassessed,../../../../../banks/manitoba-precalculus-40s-provincial-exams-documents/questions/mb-pc40s-2013-jun-q34.json
mb-pc40s-2013-jun-q35,2013-jun,12P.R.11,2,frq,no-calculator,False,,mb-40s-poly-divide;mb-40s-poly-remainder;mb-40s-poly-remainder-unknown;mb-40s-poly-factor-theorem;mb-40s-poly-factor;mb-40s-poly-solve,inventory only; detailed coverage unassessed,../../../../../banks/manitoba-precalculus-40s-provincial-exams-documents/questions/mb-pc40s-2013-jun-q35.json
mb-pc40s-2013-jun-q36,2013-jun,12P.T.6,2,frq,no-calculator,False,,mb-40s-te-identities;mb-40s-id-simplify;mb-40s-id-npv;mb-40s-id-verify-numeric;mb-40s-id-exact-sum-diff;mb-40s-id-exact-double;mb-40s-id-single-function;mb-40s-id-prove,inventory only; detailed coverage unassessed,../../../../../banks/manitoba-precalculus-40s-provincial-exams-documents/questions/mb-pc40s-2013-jun-q36.json
mb-pc40s-2013-jun-q37,2013-jun,12P.R.13,3,frq,no-calculator,True,,mb-40s-rad-domain-range;mb-40s-rad-describe;mb-40s-rad-sqrt-f-domain;mb-40s-rad-sketch-table;mb-40s-rad-sketch-transform;mb-40s-rad-sketch-sqrt-f;mb-40s-rad-solve-graphically,inventory only; detailed coverage unassessed,../../../../../banks/manitoba-precalculus-40s-provincial-exams-documents/questions/mb-pc40s-2013-jun-q37.json
mb-pc40s-2013-jun-q38,2013-jun,12P.T.4,1,frq,no-calculator,True,error-analysis;explanation,mb-40s-tf-characteristics-basic;mb-40s-tf-characteristics;mb-40s-tf-max-min;mb-40s-tf-equation-from-features;mb-40s-tf-model;mb-40s-tf-sketch;mb-40s-tf-equation-from-graph,inventory only; detailed coverage unassessed,../../../../../banks/manitoba-precalculus-40s-provincial-exams-documents/questions/mb-pc40s-2013-jun-q38.json
mb-pc40s-2013-jun-q39,2013-jun,12P.T.6,2,frq,no-calculator,False,,mb-40s-te-identities;mb-40s-id-simplify;mb-40s-id-npv;mb-40s-id-verify-numeric;mb-40s-id-exact-sum-diff;mb-40s-id-exact-double;mb-40s-id-single-function;mb-40s-id-prove,inventory only; detailed coverage unassessed,../../../../../banks/manitoba-precalculus-40s-provincial-exams-documents/questions/mb-pc40s-2013-jun-q39.json
mb-pc40s-2013-jun-q40,2013-jun,12P.R.9,4,frq,no-calculator,True,multipart,mb-40s-exp-characteristics;mb-40s-exp-transformed;mb-40s-exp-sketch;mb-40s-log-characteristics;mb-40s-log-sketch,inventory only; detailed coverage unassessed,../../../../../banks/manitoba-precalculus-40s-provincial-exams-documents/questions/mb-pc40s-2013-jun-q40.json
mb-pc40s-2013-jun-q41,2013-jun,12P.R.1,2,frq,no-calculator,False,explanation,mb-40s-op-equation;mb-40s-op-domain;mb-40s-op-evaluate;mb-40s-op-compose-evaluate;mb-40s-op-compose-equation;mb-40s-op-decompose;mb-40s-op-from-graphs;mb-40s-op-sketch;mb-40s-op-abs-reciprocal,inventory only; detailed coverage unassessed,../../../../../banks/manitoba-precalculus-40s-provincial-exams-documents/questions/mb-pc40s-2013-jun-q41.json
mb-pc40s-2013-jun-q42,2013-jun,12P.T.4,3,frq,no-calculator,True,,mb-40s-tf-characteristics-basic;mb-40s-tf-characteristics;mb-40s-tf-max-min;mb-40s-tf-equation-from-features;mb-40s-tf-model;mb-40s-tf-sketch;mb-40s-tf-equation-from-graph,inventory only; detailed coverage unassessed,../../../../../banks/manitoba-precalculus-40s-provincial-exams-documents/questions/mb-pc40s-2013-jun-q42.json
mb-pc40s-2013-jun-q43,2013-jun,12P.R.14,4,frq,no-calculator,True,,mb-40s-rat-npv;mb-40s-rat-features;mb-40s-rat-hole;mb-40s-rat-behaviour;mb-40s-rat-sketch;mb-40s-rat-match;mb-40s-rat-solve-graphically,inventory only; detailed coverage unassessed,../../../../../banks/manitoba-precalculus-40s-provincial-exams-documents/questions/mb-pc40s-2013-jun-q43.json
mb-pc40s-2013-jun-q44,2013-jun,12P.R.11,2,frq,no-calculator,False,explanation,mb-40s-poly-divide;mb-40s-poly-remainder;mb-40s-poly-remainder-unknown;mb-40s-poly-factor-theorem;mb-40s-poly-factor;mb-40s-poly-solve,inventory only; detailed coverage unassessed,../../../../../banks/manitoba-precalculus-40s-provincial-exams-documents/questions/mb-pc40s-2013-jun-q44.json
mb-pc40s-2013-jun-q45,2013-jun,12P.R.1,2,frq,no-calculator,True,,mb-40s-op-equation;mb-40s-op-domain;mb-40s-op-evaluate;mb-40s-op-compose-evaluate;mb-40s-op-compose-equation;mb-40s-op-decompose;mb-40s-op-from-graphs;mb-40s-op-sketch;mb-40s-op-abs-reciprocal,inventory only; detailed coverage unassessed,../../../../../banks/manitoba-precalculus-40s-provincial-exams-documents/questions/mb-pc40s-2013-jun-q45.json
mb-pc40s-2014-jan-q01,2014-jan,12P.T.1,2,frq,calculator-active,False,,mb-40s-ang-deg-to-rad;mb-40s-ang-rad-to-deg;mb-40s-ang-coterminal;mb-40s-ang-coterminal-general;mb-40s-ang-arc-length;mb-40s-ang-sketch,inventory only; detailed coverage unassessed,../../../../../banks/manitoba-precalculus-40s-provincial-exams-documents/questions/mb-pc40s-2014-jan-q01.json
mb-pc40s-2014-jan-q02,2014-jan,12P.T.5,3,frq,calculator-active,False,,mb-40s-te-verify;mb-40s-te-first-degree;mb-40s-te-first-degree-approx;mb-40s-te-double-angle;mb-40s-te-second-degree;mb-40s-te-identities;mb-40s-te-general;mb-40s-te-find-error;mb-40s-te-graphical,inventory only; detailed coverage unassessed,../../../../../banks/manitoba-precalculus-40s-provincial-exams-documents/questions/mb-pc40s-2014-jan-q02.json
mb-pc40s-2014-jan-q03,2014-jan,12P.R.10,2,frq,calculator-active,False,,mb-40s-exp-common-base;mb-40s-exp-logs;mb-40s-exp-growth-decay;mb-40s-exp-finance;mb-40s-log-solve;mb-40s-log-scales,inventory only; detailed coverage unassessed,../../../../../banks/manitoba-precalculus-40s-provincial-exams-documents/questions/mb-pc40s-2014-jan-q03.json
mb-pc40s-2014-jan-q04,2014-jan,12P.P.4,2,frq,calculator-active,False,,mb-40s-bin-pascal;mb-40s-bin-expand;mb-40s-bin-term;mb-40s-bin-term-power;mb-40s-bin-coefficient,inventory only; detailed coverage unassessed,../../../../../banks/manitoba-precalculus-40s-provincial-exams-documents/questions/mb-pc40s-2014-jan-q04.json
mb-pc40s-2014-jan-q05,2014-jan,12P.R.8,3,frq,calculator-active,False,,mb-40s-log-expand;mb-40s-log-condense;mb-40s-log-evaluate-laws;mb-40s-log-approx;mb-40s-log-prove-law,inventory only; detailed coverage unassessed,../../../../../banks/manitoba-precalculus-40s-provincial-exams-documents/questions/mb-pc40s-2014-jan-q05.json
mb-pc40s-2014-jan-q06,2014-jan,12P.P.2,2,frq,calculator-active,True,,mb-40s-pc-factorial;mb-40s-pc-permutations;mb-40s-pc-identical;mb-40s-pc-conditions;mb-40s-pc-npr-equation;mb-40s-pc-which,inventory only; detailed coverage unassessed,../../../../../banks/manitoba-precalculus-40s-provincial-exams-documents/questions/mb-pc40s-2014-jan-q06.json
mb-pc40s-2014-jan-q07,2014-jan,12P.T.3,4,frq,no-calculator,False,,mb-40s-ratio-exact;mb-40s-ratio-approx;mb-40s-ratio-terminal-point;mb-40s-ratio-terminal-angle;mb-40s-ratio-given-one;mb-40s-ratio-find-angles;mb-40s-ratio-problem,inventory only; detailed coverage unassessed,../../../../../banks/manitoba-precalculus-40s-provincial-exams-documents/questions/mb-pc40s-2014-jan-q07.json
mb-pc40s-2014-jan-q08,2014-jan,12P.R.4,1,frq,no-calculator,False,error-analysis;explanation,mb-40s-tr-describe;mb-40s-tr-write-equation;mb-40s-tr-map-point;mb-40s-tr-mapping-rule;mb-40s-tr-domain-range;mb-40s-tr-sketch-combined;mb-40s-tr-equation-from-graph,inventory only; detailed coverage unassessed,../../../../../banks/manitoba-precalculus-40s-provincial-exams-documents/questions/mb-pc40s-2014-jan-q08.json
mb-pc40s-2014-jan-q09,2014-jan,12P.T.1,1,frq,no-calculator,True,,mb-40s-ang-deg-to-rad;mb-40s-ang-rad-to-deg;mb-40s-ang-coterminal;mb-40s-ang-coterminal-general;mb-40s-ang-arc-length;mb-40s-ang-sketch,inventory only; detailed coverage unassessed,../../../../../banks/manitoba-precalculus-40s-provincial-exams-documents/questions/mb-pc40s-2014-jan-q09.json
mb-pc40s-2014-jan-q10,2014-jan,12P.R.1,2,frq,no-calculator,True,,mb-40s-op-equation;mb-40s-op-domain;mb-40s-op-evaluate;mb-40s-op-compose-evaluate;mb-40s-op-compose-equation;mb-40s-op-decompose;mb-40s-op-from-graphs;mb-40s-op-sketch;mb-40s-op-abs-reciprocal,inventory only; detailed coverage unassessed,../../../../../banks/manitoba-precalculus-40s-provincial-exams-documents/questions/mb-pc40s-2014-jan-q10.json
mb-pc40s-2014-jan-q11,2014-jan,12P.P.3,2,frq,no-calculator,False,explanation,mb-40s-pc-combinations;mb-40s-pc-combination-cases;mb-40s-pc-ncr-equation;mb-40s-pc-which,inventory only; detailed coverage unassessed,../../../../../banks/manitoba-precalculus-40s-provincial-exams-documents/questions/mb-pc40s-2014-jan-q11.json
mb-pc40s-2014-jan-q12,2014-jan,12P.T.6,4,frq,no-calculator,False,identity-proof;multipart,mb-40s-te-identities;mb-40s-id-simplify;mb-40s-id-npv;mb-40s-id-verify-numeric;mb-40s-id-exact-sum-diff;mb-40s-id-exact-double;mb-40s-id-single-function;mb-40s-id-prove,inventory only; detailed coverage unassessed,../../../../../banks/manitoba-precalculus-40s-provincial-exams-documents/questions/mb-pc40s-2014-jan-q12.json
mb-pc40s-2014-jan-q13,2014-jan,12P.R.2,2,frq,no-calculator,True,,mb-40s-tr-describe;mb-40s-tr-write-equation;mb-40s-tr-map-point;mb-40s-tr-sketch-translation;mb-40s-tr-equation-from-graph,inventory only; detailed coverage unassessed,../../../../../banks/manitoba-precalculus-40s-provincial-exams-documents/questions/mb-pc40s-2014-jan-q13.json
mb-pc40s-2014-jan-q14,2014-jan,12P.T.6,4,frq,no-calculator,True,multipart,mb-40s-te-identities;mb-40s-id-simplify;mb-40s-id-npv;mb-40s-id-verify-numeric;mb-40s-id-exact-sum-diff;mb-40s-id-exact-double;mb-40s-id-single-function;mb-40s-id-prove,inventory only; detailed coverage unassessed,../../../../../banks/manitoba-precalculus-40s-provincial-exams-documents/questions/mb-pc40s-2014-jan-q14.json
mb-pc40s-2014-jan-q15,2014-jan,12P.R.1,1,frq,no-calculator,False,,mb-40s-op-equation;mb-40s-op-domain;mb-40s-op-evaluate;mb-40s-op-compose-evaluate;mb-40s-op-compose-equation;mb-40s-op-decompose;mb-40s-op-from-graphs;mb-40s-op-sketch;mb-40s-op-abs-reciprocal,inventory only; detailed coverage unassessed,../../../../../banks/manitoba-precalculus-40s-provincial-exams-documents/questions/mb-pc40s-2014-jan-q15.json
mb-pc40s-2014-jan-q16,2014-jan,12P.R.3,1,mcq,no-calculator,False,,mb-40s-tr-describe;mb-40s-tr-write-equation;mb-40s-tr-map-point;mb-40s-tr-sketch-stretch;mb-40s-tr-equation-from-graph,inventory only; detailed coverage unassessed,../../../../../banks/manitoba-precalculus-40s-provincial-exams-documents/questions/mb-pc40s-2014-jan-q16.json
mb-pc40s-2014-jan-q17,2014-jan,12P.R.9,1,mcq,no-calculator,False,,mb-40s-exp-characteristics;mb-40s-exp-transformed;mb-40s-exp-sketch;mb-40s-log-characteristics;mb-40s-log-sketch,inventory only; detailed coverage unassessed,../../../../../banks/manitoba-precalculus-40s-provincial-exams-documents/questions/mb-pc40s-2014-jan-q17.json
mb-pc40s-2014-jan-q18,2014-jan,12P.T.3,1,mcq,no-calculator,False,,mb-40s-ratio-exact;mb-40s-ratio-approx;mb-40s-ratio-terminal-point;mb-40s-ratio-terminal-angle;mb-40s-ratio-given-one;mb-40s-ratio-find-angles;mb-40s-ratio-problem,inventory only; detailed coverage unassessed,../../../../../banks/manitoba-precalculus-40s-provincial-exams-documents/questions/mb-pc40s-2014-jan-q18.json
mb-pc40s-2014-jan-q19,2014-jan,12P.R.5,1,mcq,no-calculator,False,,mb-40s-tr-reflect-point;mb-40s-tr-reflect-equation;mb-40s-tr-reflect-sketch,inventory only; detailed coverage unassessed,../../../../../banks/manitoba-precalculus-40s-provincial-exams-documents/questions/mb-pc40s-2014-jan-q19.json
mb-pc40s-2014-jan-q20,2014-jan,12P.R.12,1,mcq,no-calculator,True,,mb-40s-poly-solve;mb-40s-poly-zeros-multiplicity;mb-40s-poly-end-behaviour;mb-40s-poly-identify;mb-40s-poly-write;mb-40s-poly-model;mb-40s-poly-sketch;mb-40s-poly-match;mb-40s-poly-from-graph,inventory only; detailed coverage unassessed,../../../../../banks/manitoba-precalculus-40s-provincial-exams-documents/questions/mb-pc40s-2014-jan-q20.json
mb-pc40s-2014-jan-q21,2014-jan,12P.R.11,1,mcq,no-calculator,False,,mb-40s-poly-divide;mb-40s-poly-remainder;mb-40s-poly-remainder-unknown;mb-40s-poly-factor-theorem;mb-40s-poly-factor;mb-40s-poly-solve,inventory only; detailed coverage unassessed,../../../../../banks/manitoba-precalculus-40s-provincial-exams-documents/questions/mb-pc40s-2014-jan-q21.json
mb-pc40s-2014-jan-q22,2014-jan,12P.R.7,1,mcq,no-calculator,False,,mb-40s-log-convert;mb-40s-log-evaluate;mb-40s-log-estimate,inventory only; detailed coverage unassessed,../../../../../banks/manitoba-precalculus-40s-provincial-exams-documents/questions/mb-pc40s-2014-jan-q22.json
mb-pc40s-2014-jan-q23,2014-jan,12P.R.9,1,mcq,no-calculator,True,,mb-40s-exp-characteristics;mb-40s-exp-transformed;mb-40s-exp-sketch;mb-40s-log-characteristics;mb-40s-log-sketch,inventory only; detailed coverage unassessed,../../../../../banks/manitoba-precalculus-40s-provincial-exams-documents/questions/mb-pc40s-2014-jan-q23.json
mb-pc40s-2014-jan-q24,2014-jan,12P.R.13,1,mcq,no-calculator,True,,mb-40s-rad-domain-range;mb-40s-rad-describe;mb-40s-rad-sqrt-f-domain;mb-40s-rad-sketch-table;mb-40s-rad-sketch-transform;mb-40s-rad-sketch-sqrt-f;mb-40s-rad-solve-graphically,inventory only; detailed coverage unassessed,../../../../../banks/manitoba-precalculus-40s-provincial-exams-documents/questions/mb-pc40s-2014-jan-q24.json
mb-pc40s-2014-jan-q25,2014-jan,12P.R.10,1,mcq,no-calculator,False,,mb-40s-exp-common-base;mb-40s-exp-logs;mb-40s-exp-growth-decay;mb-40s-exp-finance;mb-40s-log-solve;mb-40s-log-scales,inventory only; detailed coverage unassessed,../../../../../banks/manitoba-precalculus-40s-provincial-exams-documents/questions/mb-pc40s-2014-jan-q25.json
mb-pc40s-2014-jan-q26,2014-jan,12P.R.11,2,frq,no-calculator,False,,mb-40s-poly-divide;mb-40s-poly-remainder;mb-40s-poly-remainder-unknown;mb-40s-poly-factor-theorem;mb-40s-poly-factor;mb-40s-poly-solve,inventory only; detailed coverage unassessed,../../../../../banks/manitoba-precalculus-40s-provincial-exams-documents/questions/mb-pc40s-2014-jan-q26.json
mb-pc40s-2014-jan-q27,2014-jan,12P.R.13,4,frq,no-calculator,True,multipart,mb-40s-rad-domain-range;mb-40s-rad-describe;mb-40s-rad-sqrt-f-domain;mb-40s-rad-sketch-table;mb-40s-rad-sketch-transform;mb-40s-rad-sketch-sqrt-f;mb-40s-rad-solve-graphically,inventory only; detailed coverage unassessed,../../../../../banks/manitoba-precalculus-40s-provincial-exams-documents/questions/mb-pc40s-2014-jan-q27.json
mb-pc40s-2014-jan-q28,2014-jan,12P.P.2,3,frq,no-calculator,False,,mb-40s-pc-factorial;mb-40s-pc-permutations;mb-40s-pc-identical;mb-40s-pc-conditions;mb-40s-pc-npr-equation;mb-40s-pc-which,inventory only; detailed coverage unassessed,../../../../../banks/manitoba-precalculus-40s-provincial-exams-documents/questions/mb-pc40s-2014-jan-q28.json
mb-pc40s-2014-jan-q29,2014-jan,12P.R.1,3,frq,no-calculator,True,,mb-40s-op-equation;mb-40s-op-domain;mb-40s-op-evaluate;mb-40s-op-compose-evaluate;mb-40s-op-compose-equation;mb-40s-op-decompose;mb-40s-op-from-graphs;mb-40s-op-sketch;mb-40s-op-abs-reciprocal,inventory only; detailed coverage unassessed,../../../../../banks/manitoba-precalculus-40s-provincial-exams-documents/questions/mb-pc40s-2014-jan-q29.json
mb-pc40s-2014-jan-q30,2014-jan,12P.R.14,1,frq,no-calculator,False,,mb-40s-rat-npv;mb-40s-rat-features;mb-40s-rat-hole;mb-40s-rat-behaviour;mb-40s-rat-sketch;mb-40s-rat-match;mb-40s-rat-solve-graphically,inventory only; detailed coverage unassessed,../../../../../banks/manitoba-precalculus-40s-provincial-exams-documents/questions/mb-pc40s-2014-jan-q30.json
mb-pc40s-2014-jan-q31,2014-jan,12P.R.1,1,frq,no-calculator,False,explanation,mb-40s-op-equation;mb-40s-op-domain;mb-40s-op-evaluate;mb-40s-op-compose-evaluate;mb-40s-op-compose-equation;mb-40s-op-decompose;mb-40s-op-from-graphs;mb-40s-op-sketch;mb-40s-op-abs-reciprocal,inventory only; detailed coverage unassessed,../../../../../banks/manitoba-precalculus-40s-provincial-exams-documents/questions/mb-pc40s-2014-jan-q31.json
mb-pc40s-2014-jan-q32,2014-jan,12P.R.10,4,frq,no-calculator,False,,mb-40s-exp-common-base;mb-40s-exp-logs;mb-40s-exp-growth-decay;mb-40s-exp-finance;mb-40s-log-solve;mb-40s-log-scales,inventory only; detailed coverage unassessed,../../../../../banks/manitoba-precalculus-40s-provincial-exams-documents/questions/mb-pc40s-2014-jan-q32.json
mb-pc40s-2014-jan-q33,2014-jan,12P.T.4,3,frq,no-calculator,True,explanation;multipart,mb-40s-tf-characteristics-basic;mb-40s-tf-characteristics;mb-40s-tf-max-min;mb-40s-tf-equation-from-features;mb-40s-tf-model;mb-40s-tf-sketch;mb-40s-tf-equation-from-graph,inventory only; detailed coverage unassessed,../../../../../banks/manitoba-precalculus-40s-provincial-exams-documents/questions/mb-pc40s-2014-jan-q33.json
mb-pc40s-2014-jan-q34,2014-jan,12P.R.13,2,frq,no-calculator,True,,mb-40s-rad-domain-range;mb-40s-rad-describe;mb-40s-rad-sqrt-f-domain;mb-40s-rad-sketch-table;mb-40s-rad-sketch-transform;mb-40s-rad-sketch-sqrt-f;mb-40s-rad-solve-graphically,inventory only; detailed coverage unassessed,../../../../../banks/manitoba-precalculus-40s-provincial-exams-documents/questions/mb-pc40s-2014-jan-q34.json
mb-pc40s-2014-jan-q35,2014-jan,12P.R.11,1,frq,no-calculator,False,,mb-40s-poly-divide;mb-40s-poly-remainder;mb-40s-poly-remainder-unknown;mb-40s-poly-factor-theorem;mb-40s-poly-factor;mb-40s-poly-solve,inventory only; detailed coverage unassessed,../../../../../banks/manitoba-precalculus-40s-provincial-exams-documents/questions/mb-pc40s-2014-jan-q35.json
mb-pc40s-2014-jan-q36,2014-jan,12P.R.14,2,frq,no-calculator,False,,mb-40s-rat-npv;mb-40s-rat-features;mb-40s-rat-hole;mb-40s-rat-behaviour;mb-40s-rat-sketch;mb-40s-rat-match;mb-40s-rat-solve-graphically,inventory only; detailed coverage unassessed,../../../../../banks/manitoba-precalculus-40s-provincial-exams-documents/questions/mb-pc40s-2014-jan-q36.json
mb-pc40s-2014-jan-q37,2014-jan,12P.T.3,3,frq,no-calculator,False,,mb-40s-ratio-exact;mb-40s-ratio-approx;mb-40s-ratio-terminal-point;mb-40s-ratio-terminal-angle;mb-40s-ratio-given-one;mb-40s-ratio-find-angles;mb-40s-ratio-problem,inventory only; detailed coverage unassessed,../../../../../banks/manitoba-precalculus-40s-provincial-exams-documents/questions/mb-pc40s-2014-jan-q37.json
mb-pc40s-2014-jan-q38,2014-jan,12P.P.4,2,frq,no-calculator,False,explanation,mb-40s-bin-pascal;mb-40s-bin-expand;mb-40s-bin-term;mb-40s-bin-term-power;mb-40s-bin-coefficient,inventory only; detailed coverage unassessed,../../../../../banks/manitoba-precalculus-40s-provincial-exams-documents/questions/mb-pc40s-2014-jan-q38.json
mb-pc40s-2014-jan-q39,2014-jan,12P.R.10,1,frq,no-calculator,False,explanation,mb-40s-exp-common-base;mb-40s-exp-logs;mb-40s-exp-growth-decay;mb-40s-exp-finance;mb-40s-log-solve;mb-40s-log-scales,inventory only; detailed coverage unassessed,../../../../../banks/manitoba-precalculus-40s-provincial-exams-documents/questions/mb-pc40s-2014-jan-q39.json
mb-pc40s-2014-jan-q40,2014-jan,12P.R.12,4,frq,no-calculator,True,,mb-40s-poly-solve;mb-40s-poly-zeros-multiplicity;mb-40s-poly-end-behaviour;mb-40s-poly-identify;mb-40s-poly-write;mb-40s-poly-model;mb-40s-poly-sketch;mb-40s-poly-match;mb-40s-poly-from-graph,inventory only; detailed coverage unassessed,../../../../../banks/manitoba-precalculus-40s-provincial-exams-documents/questions/mb-pc40s-2014-jan-q40.json
mb-pc40s-2014-jan-q41,2014-jan,12P.R.1,1,frq,no-calculator,False,,mb-40s-op-equation;mb-40s-op-domain;mb-40s-op-evaluate;mb-40s-op-compose-evaluate;mb-40s-op-compose-equation;mb-40s-op-decompose;mb-40s-op-from-graphs;mb-40s-op-sketch;mb-40s-op-abs-reciprocal,inventory only; detailed coverage unassessed,../../../../../banks/manitoba-precalculus-40s-provincial-exams-documents/questions/mb-pc40s-2014-jan-q41.json
mb-pc40s-2014-jan-q42,2014-jan,12P.R.5,2,frq,no-calculator,True,,mb-40s-tr-reflect-point;mb-40s-tr-reflect-equation;mb-40s-tr-reflect-sketch,inventory only; detailed coverage unassessed,../../../../../banks/manitoba-precalculus-40s-provincial-exams-documents/questions/mb-pc40s-2014-jan-q42.json
mb-pc40s-2014-jan-q43,2014-jan,12P.T.4,4,frq,no-calculator,True,,mb-40s-tf-characteristics-basic;mb-40s-tf-characteristics;mb-40s-tf-max-min;mb-40s-tf-equation-from-features;mb-40s-tf-model;mb-40s-tf-sketch;mb-40s-tf-equation-from-graph,inventory only; detailed coverage unassessed,../../../../../banks/manitoba-precalculus-40s-provincial-exams-documents/questions/mb-pc40s-2014-jan-q43.json
mb-pc40s-2014-jan-q44,2014-jan,12P.R.14,4,frq,no-calculator,True,,mb-40s-rat-npv;mb-40s-rat-features;mb-40s-rat-hole;mb-40s-rat-behaviour;mb-40s-rat-sketch;mb-40s-rat-match;mb-40s-rat-solve-graphically,inventory only; detailed coverage unassessed,../../../../../banks/manitoba-precalculus-40s-provincial-exams-documents/questions/mb-pc40s-2014-jan-q44.json
mb-pc40s-2014-jun-q01,2014-jun,12P.T.1,2,frq,calculator-active,True,,mb-40s-ang-deg-to-rad;mb-40s-ang-rad-to-deg;mb-40s-ang-coterminal;mb-40s-ang-coterminal-general;mb-40s-ang-arc-length;mb-40s-ang-sketch,inventory only; detailed coverage unassessed,../../../../../banks/manitoba-precalculus-40s-provincial-exams-documents/questions/mb-pc40s-2014-jun-q01.json
mb-pc40s-2014-jun-q02,2014-jun,12P.T.5,2,frq,calculator-active,False,,mb-40s-te-verify;mb-40s-te-first-degree;mb-40s-te-first-degree-approx;mb-40s-te-double-angle;mb-40s-te-second-degree;mb-40s-te-identities;mb-40s-te-general;mb-40s-te-find-error;mb-40s-te-graphical,inventory only; detailed coverage unassessed,../../../../../banks/manitoba-precalculus-40s-provincial-exams-documents/questions/mb-pc40s-2014-jun-q02.json
mb-pc40s-2014-jun-q03,2014-jun,12P.R.10,3,frq,calculator-active,False,,mb-40s-exp-common-base;mb-40s-exp-logs;mb-40s-exp-growth-decay;mb-40s-exp-finance;mb-40s-log-solve;mb-40s-log-scales,inventory only; detailed coverage unassessed,../../../../../banks/manitoba-precalculus-40s-provincial-exams-documents/questions/mb-pc40s-2014-jun-q03.json
mb-pc40s-2014-jun-q04,2014-jun,12P.P.1,2,frq,calculator-active,True,,mb-40s-pc-fcp,inventory only; detailed coverage unassessed,../../../../../banks/manitoba-precalculus-40s-provincial-exams-documents/questions/mb-pc40s-2014-jun-q04.json
mb-pc40s-2014-jun-q05,2014-jun,12P.P.4,5,frq,calculator-active,False,multipart,mb-40s-bin-pascal;mb-40s-bin-expand;mb-40s-bin-term;mb-40s-bin-term-power;mb-40s-bin-coefficient,inventory only; detailed coverage unassessed,../../../../../banks/manitoba-precalculus-40s-provincial-exams-documents/questions/mb-pc40s-2014-jun-q05.json
mb-pc40s-2014-jun-q06,2014-jun,12P.R.1,1,frq,no-calculator,False,,mb-40s-op-equation;mb-40s-op-domain;mb-40s-op-evaluate;mb-40s-op-compose-evaluate;mb-40s-op-compose-equation;mb-40s-op-decompose;mb-40s-op-from-graphs;mb-40s-op-sketch;mb-40s-op-abs-reciprocal,inventory only; detailed coverage unassessed,../../../../../banks/manitoba-precalculus-40s-provincial-exams-documents/questions/mb-pc40s-2014-jun-q06.json
mb-pc40s-2014-jun-q07,2014-jun,12P.T.2,2,frq,no-calculator,False,,mb-40s-uc-point;mb-40s-uc-circle-equation,inventory only; detailed coverage unassessed,../../../../../banks/manitoba-precalculus-40s-provincial-exams-documents/questions/mb-pc40s-2014-jun-q07.json
mb-pc40s-2014-jun-q08,2014-jun,12P.R.11,2,frq,no-calculator,False,explanation;multipart,mb-40s-poly-divide;mb-40s-poly-remainder;mb-40s-poly-remainder-unknown;mb-40s-poly-factor-theorem;mb-40s-poly-factor;mb-40s-poly-solve,inventory only; detailed coverage unassessed,../../../../../banks/manitoba-precalculus-40s-provincial-exams-documents/questions/mb-pc40s-2014-jun-q08.json
mb-pc40s-2014-jun-q09,2014-jun,12P.R.2,2,frq,no-calculator,True,,mb-40s-tr-describe;mb-40s-tr-write-equation;mb-40s-tr-map-point;mb-40s-tr-sketch-translation;mb-40s-tr-equation-from-graph,inventory only; detailed coverage unassessed,../../../../../banks/manitoba-precalculus-40s-provincial-exams-documents/questions/mb-pc40s-2014-jun-q09.json
mb-pc40s-2014-jun-q10,2014-jun,12P.R.6,1,frq,no-calculator,False,,mb-40s-inv-linear;mb-40s-inv-quadratic;mb-40s-inv-verify;mb-40s-inv-domain-range;mb-40s-inv-is-function;mb-40s-inv-sketch,inventory only; detailed coverage unassessed,../../../../../banks/manitoba-precalculus-40s-provincial-exams-documents/questions/mb-pc40s-2014-jun-q10.json
mb-pc40s-2014-jun-q11,2014-jun,12P.T.4,1,frq,no-calculator,True,,mb-40s-tf-characteristics-basic;mb-40s-tf-characteristics;mb-40s-tf-max-min;mb-40s-tf-equation-from-features;mb-40s-tf-model;mb-40s-tf-sketch;mb-40s-tf-equation-from-graph,inventory only; detailed coverage unassessed,../../../../../banks/manitoba-precalculus-40s-provincial-exams-documents/questions/mb-pc40s-2014-jun-q11.json
mb-pc40s-2014-jun-q12,2014-jun,12P.R.13,1,frq,no-calculator,True,error-analysis;explanation,mb-40s-rad-domain-range;mb-40s-rad-describe;mb-40s-rad-sqrt-f-domain;mb-40s-rad-sketch-table;mb-40s-rad-sketch-transform;mb-40s-rad-sketch-sqrt-f;mb-40s-rad-solve-graphically,inventory only; detailed coverage unassessed,../../../../../banks/manitoba-precalculus-40s-provincial-exams-documents/questions/mb-pc40s-2014-jun-q12.json
mb-pc40s-2014-jun-q13,2014-jun,12P.P.2,1,frq,no-calculator,True,explanation,mb-40s-pc-factorial;mb-40s-pc-permutations;mb-40s-pc-identical;mb-40s-pc-conditions;mb-40s-pc-npr-equation;mb-40s-pc-which,inventory only; detailed coverage unassessed,../../../../../banks/manitoba-precalculus-40s-provincial-exams-documents/questions/mb-pc40s-2014-jun-q13.json
mb-pc40s-2014-jun-q14,2014-jun,12P.R.5,1,frq,no-calculator,False,,mb-40s-tr-reflect-point;mb-40s-tr-reflect-equation;mb-40s-tr-reflect-sketch,inventory only; detailed coverage unassessed,../../../../../banks/manitoba-precalculus-40s-provincial-exams-documents/questions/mb-pc40s-2014-jun-q14.json
mb-pc40s-2014-jun-q15,2014-jun,12P.R.1,2,frq,no-calculator,True,,mb-40s-op-equation;mb-40s-op-domain;mb-40s-op-evaluate;mb-40s-op-compose-evaluate;mb-40s-op-compose-equation;mb-40s-op-decompose;mb-40s-op-from-graphs;mb-40s-op-sketch;mb-40s-op-abs-reciprocal,inventory only; detailed coverage unassessed,../../../../../banks/manitoba-precalculus-40s-provincial-exams-documents/questions/mb-pc40s-2014-jun-q15.json
mb-pc40s-2014-jun-q16,2014-jun,12P.R.11,2,frq,no-calculator,False,,mb-40s-poly-divide;mb-40s-poly-remainder;mb-40s-poly-remainder-unknown;mb-40s-poly-factor-theorem;mb-40s-poly-factor;mb-40s-poly-solve,inventory only; detailed coverage unassessed,../../../../../banks/manitoba-precalculus-40s-provincial-exams-documents/questions/mb-pc40s-2014-jun-q16.json
mb-pc40s-2014-jun-q17,2014-jun,12P.P.4,1,frq,no-calculator,False,,mb-40s-bin-pascal;mb-40s-bin-expand;mb-40s-bin-term;mb-40s-bin-term-power;mb-40s-bin-coefficient,inventory only; detailed coverage unassessed,../../../../../banks/manitoba-precalculus-40s-provincial-exams-documents/questions/mb-pc40s-2014-jun-q17.json
mb-pc40s-2014-jun-q18,2014-jun,12P.R.13,2,frq,no-calculator,True,,mb-40s-rad-domain-range;mb-40s-rad-describe;mb-40s-rad-sqrt-f-domain;mb-40s-rad-sketch-table;mb-40s-rad-sketch-transform;mb-40s-rad-sketch-sqrt-f;mb-40s-rad-solve-graphically,inventory only; detailed coverage unassessed,../../../../../banks/manitoba-precalculus-40s-provincial-exams-documents/questions/mb-pc40s-2014-jun-q18.json
mb-pc40s-2014-jun-q19,2014-jun,12P.T.6,3,frq,no-calculator,False,identity-proof,mb-40s-te-identities;mb-40s-id-simplify;mb-40s-id-npv;mb-40s-id-verify-numeric;mb-40s-id-exact-sum-diff;mb-40s-id-exact-double;mb-40s-id-single-function;mb-40s-id-prove,inventory only; detailed coverage unassessed,../../../../../banks/manitoba-precalculus-40s-provincial-exams-documents/questions/mb-pc40s-2014-jun-q19.json
mb-pc40s-2014-jun-q20,2014-jun,12P.R.1,1,mcq,no-calculator,True,,mb-40s-op-equation;mb-40s-op-domain;mb-40s-op-evaluate;mb-40s-op-compose-evaluate;mb-40s-op-compose-equation;mb-40s-op-decompose;mb-40s-op-from-graphs;mb-40s-op-sketch;mb-40s-op-abs-reciprocal,inventory only; detailed coverage unassessed,../../../../../banks/manitoba-precalculus-40s-provincial-exams-documents/questions/mb-pc40s-2014-jun-q20.json
mb-pc40s-2014-jun-q21,2014-jun,12P.R.8,1,mcq,no-calculator,False,,mb-40s-log-expand;mb-40s-log-condense;mb-40s-log-evaluate-laws;mb-40s-log-approx;mb-40s-log-prove-law,inventory only; detailed coverage unassessed,../../../../../banks/manitoba-precalculus-40s-provincial-exams-documents/questions/mb-pc40s-2014-jun-q21.json
mb-pc40s-2014-jun-q22,2014-jun,12P.R.2,1,mcq,no-calculator,False,,mb-40s-tr-describe;mb-40s-tr-write-equation;mb-40s-tr-map-point;mb-40s-tr-sketch-translation;mb-40s-tr-equation-from-graph,inventory only; detailed coverage unassessed,../../../../../banks/manitoba-precalculus-40s-provincial-exams-documents/questions/mb-pc40s-2014-jun-q22.json
mb-pc40s-2014-jun-q23,2014-jun,12P.R.13,1,mcq,no-calculator,False,,mb-40s-rad-domain-range;mb-40s-rad-describe;mb-40s-rad-sqrt-f-domain;mb-40s-rad-sketch-table;mb-40s-rad-sketch-transform;mb-40s-rad-sketch-sqrt-f;mb-40s-rad-solve-graphically,inventory only; detailed coverage unassessed,../../../../../banks/manitoba-precalculus-40s-provincial-exams-documents/questions/mb-pc40s-2014-jun-q23.json
mb-pc40s-2014-jun-q24,2014-jun,12P.R.14,1,mcq,no-calculator,False,,mb-40s-rat-npv;mb-40s-rat-features;mb-40s-rat-hole;mb-40s-rat-behaviour;mb-40s-rat-sketch;mb-40s-rat-match;mb-40s-rat-solve-graphically,inventory only; detailed coverage unassessed,../../../../../banks/manitoba-precalculus-40s-provincial-exams-documents/questions/mb-pc40s-2014-jun-q24.json
mb-pc40s-2014-jun-q25,2014-jun,12P.T.5,1,mcq,no-calculator,False,,mb-40s-te-verify;mb-40s-te-first-degree;mb-40s-te-first-degree-approx;mb-40s-te-double-angle;mb-40s-te-second-degree;mb-40s-te-identities;mb-40s-te-general;mb-40s-te-find-error;mb-40s-te-graphical,inventory only; detailed coverage unassessed,../../../../../banks/manitoba-precalculus-40s-provincial-exams-documents/questions/mb-pc40s-2014-jun-q25.json
mb-pc40s-2014-jun-q26,2014-jun,12P.T.4,1,mcq,no-calculator,True,,mb-40s-tf-characteristics-basic;mb-40s-tf-characteristics;mb-40s-tf-max-min;mb-40s-tf-equation-from-features;mb-40s-tf-model;mb-40s-tf-sketch;mb-40s-tf-equation-from-graph,inventory only; detailed coverage unassessed,../../../../../banks/manitoba-precalculus-40s-provincial-exams-documents/questions/mb-pc40s-2014-jun-q26.json
mb-pc40s-2014-jun-q27,2014-jun,12P.R.7,1,mcq,no-calculator,False,,mb-40s-log-convert;mb-40s-log-evaluate;mb-40s-log-estimate,inventory only; detailed coverage unassessed,../../../../../banks/manitoba-precalculus-40s-provincial-exams-documents/questions/mb-pc40s-2014-jun-q27.json
mb-pc40s-2014-jun-q28,2014-jun,12P.R.12,1,mcq,no-calculator,True,,mb-40s-poly-solve;mb-40s-poly-zeros-multiplicity;mb-40s-poly-end-behaviour;mb-40s-poly-identify;mb-40s-poly-write;mb-40s-poly-model;mb-40s-poly-sketch;mb-40s-poly-match;mb-40s-poly-from-graph,inventory only; detailed coverage unassessed,../../../../../banks/manitoba-precalculus-40s-provincial-exams-documents/questions/mb-pc40s-2014-jun-q28.json
mb-pc40s-2014-jun-q29,2014-jun,12P.R.5,1,mcq,no-calculator,False,,mb-40s-tr-reflect-point;mb-40s-tr-reflect-equation;mb-40s-tr-reflect-sketch,inventory only; detailed coverage unassessed,../../../../../banks/manitoba-precalculus-40s-provincial-exams-documents/questions/mb-pc40s-2014-jun-q29.json
mb-pc40s-2014-jun-q30,2014-jun,12P.T.1,1,frq,no-calculator,False,,mb-40s-ang-deg-to-rad;mb-40s-ang-rad-to-deg;mb-40s-ang-coterminal;mb-40s-ang-coterminal-general;mb-40s-ang-arc-length;mb-40s-ang-sketch,inventory only; detailed coverage unassessed,../../../../../banks/manitoba-precalculus-40s-provincial-exams-documents/questions/mb-pc40s-2014-jun-q30.json
mb-pc40s-2014-jun-q31,2014-jun,12P.T.3,2,frq,no-calculator,False,,mb-40s-ratio-exact;mb-40s-ratio-approx;mb-40s-ratio-terminal-point;mb-40s-ratio-terminal-angle;mb-40s-ratio-given-one;mb-40s-ratio-find-angles;mb-40s-ratio-problem,inventory only; detailed coverage unassessed,../../../../../banks/manitoba-precalculus-40s-provincial-exams-documents/questions/mb-pc40s-2014-jun-q31.json
mb-pc40s-2014-jun-q32,2014-jun,12P.T.5,1,frq,no-calculator,False,,mb-40s-te-verify;mb-40s-te-first-degree;mb-40s-te-first-degree-approx;mb-40s-te-double-angle;mb-40s-te-second-degree;mb-40s-te-identities;mb-40s-te-general;mb-40s-te-find-error;mb-40s-te-graphical,inventory only; detailed coverage unassessed,../../../../../banks/manitoba-precalculus-40s-provincial-exams-documents/questions/mb-pc40s-2014-jun-q32.json
mb-pc40s-2014-jun-q33,2014-jun,12P.R.8,2,frq,no-calculator,False,,mb-40s-log-expand;mb-40s-log-condense;mb-40s-log-evaluate-laws;mb-40s-log-approx;mb-40s-log-prove-law,inventory only; detailed coverage unassessed,../../../../../banks/manitoba-precalculus-40s-provincial-exams-documents/questions/mb-pc40s-2014-jun-q33.json
mb-pc40s-2014-jun-q34,2014-jun,12P.R.9,3,frq,no-calculator,True,multipart,mb-40s-exp-characteristics;mb-40s-exp-transformed;mb-40s-exp-sketch;mb-40s-log-characteristics;mb-40s-log-sketch,inventory only; detailed coverage unassessed,../../../../../banks/manitoba-precalculus-40s-provincial-exams-documents/questions/mb-pc40s-2014-jun-q34.json
mb-pc40s-2014-jun-q35,2014-jun,12P.R.9,2,frq,no-calculator,False,,mb-40s-exp-characteristics;mb-40s-exp-transformed;mb-40s-exp-sketch;mb-40s-log-characteristics;mb-40s-log-sketch,inventory only; detailed coverage unassessed,../../../../../banks/manitoba-precalculus-40s-provincial-exams-documents/questions/mb-pc40s-2014-jun-q35.json
mb-pc40s-2014-jun-q36,2014-jun,12P.T.5,1,frq,no-calculator,False,error-analysis;explanation,mb-40s-te-verify;mb-40s-te-first-degree;mb-40s-te-first-degree-approx;mb-40s-te-double-angle;mb-40s-te-second-degree;mb-40s-te-identities;mb-40s-te-general;mb-40s-te-find-error;mb-40s-te-graphical,inventory only; detailed coverage unassessed,../../../../../banks/manitoba-precalculus-40s-provincial-exams-documents/questions/mb-pc40s-2014-jun-q36.json
mb-pc40s-2014-jun-q37,2014-jun,12P.R.1,2,frq,no-calculator,True,multipart,mb-40s-op-equation;mb-40s-op-domain;mb-40s-op-evaluate;mb-40s-op-compose-evaluate;mb-40s-op-compose-equation;mb-40s-op-decompose;mb-40s-op-from-graphs;mb-40s-op-sketch;mb-40s-op-abs-reciprocal,inventory only; detailed coverage unassessed,../../../../../banks/manitoba-precalculus-40s-provincial-exams-documents/questions/mb-pc40s-2014-jun-q37.json
mb-pc40s-2014-jun-q38,2014-jun,12P.T.2,1,frq,no-calculator,False,explanation,mb-40s-uc-point;mb-40s-uc-circle-equation,inventory only; detailed coverage unassessed,../../../../../banks/manitoba-precalculus-40s-provincial-exams-documents/questions/mb-pc40s-2014-jun-q38.json
mb-pc40s-2014-jun-q39,2014-jun,12P.T.3,1,frq,no-calculator,False,explanation,mb-40s-ratio-exact;mb-40s-ratio-approx;mb-40s-ratio-terminal-point;mb-40s-ratio-terminal-angle;mb-40s-ratio-given-one;mb-40s-ratio-find-angles;mb-40s-ratio-problem,inventory only; detailed coverage unassessed,../../../../../banks/manitoba-precalculus-40s-provincial-exams-documents/questions/mb-pc40s-2014-jun-q39.json
mb-pc40s-2014-jun-q40,2014-jun,12P.T.5,1,frq,no-calculator,True,explanation,mb-40s-te-verify;mb-40s-te-first-degree;mb-40s-te-first-degree-approx;mb-40s-te-double-angle;mb-40s-te-second-degree;mb-40s-te-identities;mb-40s-te-general;mb-40s-te-find-error;mb-40s-te-graphical,inventory only; detailed coverage unassessed,../../../../../banks/manitoba-precalculus-40s-provincial-exams-documents/questions/mb-pc40s-2014-jun-q40.json
mb-pc40s-2014-jun-q41,2014-jun,12P.T.4,3,frq,no-calculator,True,,mb-40s-tf-characteristics-basic;mb-40s-tf-characteristics;mb-40s-tf-max-min;mb-40s-tf-equation-from-features;mb-40s-tf-model;mb-40s-tf-sketch;mb-40s-tf-equation-from-graph,inventory only; detailed coverage unassessed,../../../../../banks/manitoba-precalculus-40s-provincial-exams-documents/questions/mb-pc40s-2014-jun-q41.json
mb-pc40s-2014-jun-q42,2014-jun,12P.R.12,2,frq,no-calculator,False,,mb-40s-poly-solve;mb-40s-poly-zeros-multiplicity;mb-40s-poly-end-behaviour;mb-40s-poly-identify;mb-40s-poly-write;mb-40s-poly-model;mb-40s-poly-sketch;mb-40s-poly-match;mb-40s-poly-from-graph,inventory only; detailed coverage unassessed,../../../../../banks/manitoba-precalculus-40s-provincial-exams-documents/questions/mb-pc40s-2014-jun-q42.json
mb-pc40s-2014-jun-q43,2014-jun,12P.T.6,3,frq,no-calculator,False,,mb-40s-te-identities;mb-40s-id-simplify;mb-40s-id-npv;mb-40s-id-verify-numeric;mb-40s-id-exact-sum-diff;mb-40s-id-exact-double;mb-40s-id-single-function;mb-40s-id-prove,inventory only; detailed coverage unassessed,../../../../../banks/manitoba-precalculus-40s-provincial-exams-documents/questions/mb-pc40s-2014-jun-q43.json
mb-pc40s-2014-jun-q44,2014-jun,12P.R.10,4,frq,no-calculator,False,,mb-40s-exp-common-base;mb-40s-exp-logs;mb-40s-exp-growth-decay;mb-40s-exp-finance;mb-40s-log-solve;mb-40s-log-scales,inventory only; detailed coverage unassessed,../../../../../banks/manitoba-precalculus-40s-provincial-exams-documents/questions/mb-pc40s-2014-jun-q44.json
mb-pc40s-2014-jun-q45,2014-jun,12P.R.12,3,frq,no-calculator,True,,mb-40s-poly-solve;mb-40s-poly-zeros-multiplicity;mb-40s-poly-end-behaviour;mb-40s-poly-identify;mb-40s-poly-write;mb-40s-poly-model;mb-40s-poly-sketch;mb-40s-poly-match;mb-40s-poly-from-graph,inventory only; detailed coverage unassessed,../../../../../banks/manitoba-precalculus-40s-provincial-exams-documents/questions/mb-pc40s-2014-jun-q45.json
mb-pc40s-2014-jun-q46,2014-jun,12P.R.13,4,frq,no-calculator,True,,mb-40s-rad-domain-range;mb-40s-rad-describe;mb-40s-rad-sqrt-f-domain;mb-40s-rad-sketch-table;mb-40s-rad-sketch-transform;mb-40s-rad-sketch-sqrt-f;mb-40s-rad-solve-graphically,inventory only; detailed coverage unassessed,../../../../../banks/manitoba-precalculus-40s-provincial-exams-documents/questions/mb-pc40s-2014-jun-q46.json
mb-pc40s-2014-jun-q47,2014-jun,12P.P.2,3,frq,no-calculator,False,,mb-40s-pc-factorial;mb-40s-pc-permutations;mb-40s-pc-identical;mb-40s-pc-conditions;mb-40s-pc-npr-equation;mb-40s-pc-which,inventory only; detailed coverage unassessed,../../../../../banks/manitoba-precalculus-40s-provincial-exams-documents/questions/mb-pc40s-2014-jun-q47.json
mb-pc40s-2014-jun-q48,2014-jun,12P.R.14,3,frq,no-calculator,True,,mb-40s-rat-npv;mb-40s-rat-features;mb-40s-rat-hole;mb-40s-rat-behaviour;mb-40s-rat-sketch;mb-40s-rat-match;mb-40s-rat-solve-graphically,inventory only; detailed coverage unassessed,../../../../../banks/manitoba-precalculus-40s-provincial-exams-documents/questions/mb-pc40s-2014-jun-q48.json
mb-pc40s-2014-jun-q49,2014-jun,12P.R.1,2,frq,no-calculator,True,,mb-40s-op-equation;mb-40s-op-domain;mb-40s-op-evaluate;mb-40s-op-compose-evaluate;mb-40s-op-compose-equation;mb-40s-op-decompose;mb-40s-op-from-graphs;mb-40s-op-sketch;mb-40s-op-abs-reciprocal,inventory only; detailed coverage unassessed,../../../../../banks/manitoba-precalculus-40s-provincial-exams-documents/questions/mb-pc40s-2014-jun-q49.json
mb-pc40s-2015-jan-q01,2015-jan,12P.T.1,1,frq,calculator-active,False,,mb-40s-ang-deg-to-rad;mb-40s-ang-rad-to-deg;mb-40s-ang-coterminal;mb-40s-ang-coterminal-general;mb-40s-ang-arc-length;mb-40s-ang-sketch,inventory only; detailed coverage unassessed,../../../../../banks/manitoba-precalculus-40s-provincial-exams-documents/questions/mb-pc40s-2015-jan-q01.json
mb-pc40s-2015-jan-q02,2015-jan,12P.P.2,3,frq,calculator-active,False,explanation;multipart,mb-40s-pc-factorial;mb-40s-pc-permutations;mb-40s-pc-identical;mb-40s-pc-conditions;mb-40s-pc-npr-equation;mb-40s-pc-which,inventory only; detailed coverage unassessed,../../../../../banks/manitoba-precalculus-40s-provincial-exams-documents/questions/mb-pc40s-2015-jan-q02.json
mb-pc40s-2015-jan-q03,2015-jan,12P.R.10,4,frq,calculator-active,False,multipart,mb-40s-exp-common-base;mb-40s-exp-logs;mb-40s-exp-growth-decay;mb-40s-exp-finance;mb-40s-log-solve;mb-40s-log-scales,inventory only; detailed coverage unassessed,../../../../../banks/manitoba-precalculus-40s-provincial-exams-documents/questions/mb-pc40s-2015-jan-q03.json
mb-pc40s-2015-jan-q04,2015-jan,12P.T.5,3,frq,calculator-active,True,error-analysis;explanation;multipart,mb-40s-te-verify;mb-40s-te-first-degree;mb-40s-te-first-degree-approx;mb-40s-te-double-angle;mb-40s-te-second-degree;mb-40s-te-identities;mb-40s-te-general;mb-40s-te-find-error;mb-40s-te-graphical,inventory only; detailed coverage unassessed,../../../../../banks/manitoba-precalculus-40s-provincial-exams-documents/questions/mb-pc40s-2015-jan-q04.json
mb-pc40s-2015-jan-q05,2015-jan,12P.P.4,3,frq,calculator-active,False,,mb-40s-bin-pascal;mb-40s-bin-expand;mb-40s-bin-term;mb-40s-bin-term-power;mb-40s-bin-coefficient,inventory only; detailed coverage unassessed,../../../../../banks/manitoba-precalculus-40s-provincial-exams-documents/questions/mb-pc40s-2015-jan-q05.json
mb-pc40s-2015-jan-q06,2015-jan,12P.T.1,1,frq,calculator-active,False,,mb-40s-ang-deg-to-rad;mb-40s-ang-rad-to-deg;mb-40s-ang-coterminal;mb-40s-ang-coterminal-general;mb-40s-ang-arc-length;mb-40s-ang-sketch,inventory only; detailed coverage unassessed,../../../../../banks/manitoba-precalculus-40s-provincial-exams-documents/questions/mb-pc40s-2015-jan-q06.json
mb-pc40s-2015-jan-q07,2015-jan,12P.T.3,4,frq,no-calculator,False,,mb-40s-ratio-exact;mb-40s-ratio-approx;mb-40s-ratio-terminal-point;mb-40s-ratio-terminal-angle;mb-40s-ratio-given-one;mb-40s-ratio-find-angles;mb-40s-ratio-problem,inventory only; detailed coverage unassessed,../../../../../banks/manitoba-precalculus-40s-provincial-exams-documents/questions/mb-pc40s-2015-jan-q07.json
mb-pc40s-2015-jan-q08,2015-jan,12P.P.2,1,frq,no-calculator,False,,mb-40s-pc-factorial;mb-40s-pc-permutations;mb-40s-pc-identical;mb-40s-pc-conditions;mb-40s-pc-npr-equation;mb-40s-pc-which,inventory only; detailed coverage unassessed,../../../../../banks/manitoba-precalculus-40s-provincial-exams-documents/questions/mb-pc40s-2015-jan-q08.json
mb-pc40s-2015-jan-q09,2015-jan,12P.R.11,2,frq,no-calculator,True,explanation,mb-40s-poly-divide;mb-40s-poly-remainder;mb-40s-poly-remainder-unknown;mb-40s-poly-factor-theorem;mb-40s-poly-factor;mb-40s-poly-solve,inventory only; detailed coverage unassessed,../../../../../banks/manitoba-precalculus-40s-provincial-exams-documents/questions/mb-pc40s-2015-jan-q09.json
mb-pc40s-2015-jan-q10,2015-jan,12P.T.4,1,frq,no-calculator,False,,mb-40s-tf-characteristics-basic;mb-40s-tf-characteristics;mb-40s-tf-max-min;mb-40s-tf-equation-from-features;mb-40s-tf-model;mb-40s-tf-sketch;mb-40s-tf-equation-from-graph,inventory only; detailed coverage unassessed,../../../../../banks/manitoba-precalculus-40s-provincial-exams-documents/questions/mb-pc40s-2015-jan-q10.json
mb-pc40s-2015-jan-q11,2015-jan,12P.R.1,2,frq,no-calculator,True,explanation,mb-40s-op-equation;mb-40s-op-domain;mb-40s-op-evaluate;mb-40s-op-compose-evaluate;mb-40s-op-compose-equation;mb-40s-op-decompose;mb-40s-op-from-graphs;mb-40s-op-sketch;mb-40s-op-abs-reciprocal,inventory only; detailed coverage unassessed,../../../../../banks/manitoba-precalculus-40s-provincial-exams-documents/questions/mb-pc40s-2015-jan-q11.json
mb-pc40s-2015-jan-q12,2015-jan,12P.T.6,3,frq,no-calculator,False,identity-proof,mb-40s-te-identities;mb-40s-id-simplify;mb-40s-id-npv;mb-40s-id-verify-numeric;mb-40s-id-exact-sum-diff;mb-40s-id-exact-double;mb-40s-id-single-function;mb-40s-id-prove,inventory only; detailed coverage unassessed,../../../../../banks/manitoba-precalculus-40s-provincial-exams-documents/questions/mb-pc40s-2015-jan-q12.json
mb-pc40s-2015-jan-q13,2015-jan,12P.R.12,1,frq,no-calculator,False,explanation,mb-40s-poly-solve;mb-40s-poly-zeros-multiplicity;mb-40s-poly-end-behaviour;mb-40s-poly-identify;mb-40s-poly-write;mb-40s-poly-model;mb-40s-poly-sketch;mb-40s-poly-match;mb-40s-poly-from-graph,inventory only; detailed coverage unassessed,../../../../../banks/manitoba-precalculus-40s-provincial-exams-documents/questions/mb-pc40s-2015-jan-q13.json
mb-pc40s-2015-jan-q14,2015-jan,12P.R.1,2,frq,no-calculator,True,,mb-40s-op-equation;mb-40s-op-domain;mb-40s-op-evaluate;mb-40s-op-compose-evaluate;mb-40s-op-compose-equation;mb-40s-op-decompose;mb-40s-op-from-graphs;mb-40s-op-sketch;mb-40s-op-abs-reciprocal,inventory only; detailed coverage unassessed,../../../../../banks/manitoba-precalculus-40s-provincial-exams-documents/questions/mb-pc40s-2015-jan-q14.json
mb-pc40s-2015-jan-q15,2015-jan,12P.R.6,2,frq,no-calculator,False,,mb-40s-inv-linear;mb-40s-inv-quadratic;mb-40s-inv-verify;mb-40s-inv-domain-range;mb-40s-inv-is-function;mb-40s-inv-sketch,inventory only; detailed coverage unassessed,../../../../../banks/manitoba-precalculus-40s-provincial-exams-documents/questions/mb-pc40s-2015-jan-q15.json
mb-pc40s-2015-jan-q16,2015-jan,12P.P.4,1,mcq,no-calculator,False,,mb-40s-bin-pascal;mb-40s-bin-expand;mb-40s-bin-term;mb-40s-bin-term-power;mb-40s-bin-coefficient,inventory only; detailed coverage unassessed,../../../../../banks/manitoba-precalculus-40s-provincial-exams-documents/questions/mb-pc40s-2015-jan-q16.json
mb-pc40s-2015-jan-q17,2015-jan,12P.T.1,1,mcq,no-calculator,False,,mb-40s-ang-deg-to-rad;mb-40s-ang-rad-to-deg;mb-40s-ang-coterminal;mb-40s-ang-coterminal-general;mb-40s-ang-arc-length;mb-40s-ang-sketch,inventory only; detailed coverage unassessed,../../../../../banks/manitoba-precalculus-40s-provincial-exams-documents/questions/mb-pc40s-2015-jan-q17.json
mb-pc40s-2015-jan-q18,2015-jan,12P.R.9,1,mcq,no-calculator,False,,mb-40s-exp-characteristics;mb-40s-exp-transformed;mb-40s-exp-sketch;mb-40s-log-characteristics;mb-40s-log-sketch,inventory only; detailed coverage unassessed,../../../../../banks/manitoba-precalculus-40s-provincial-exams-documents/questions/mb-pc40s-2015-jan-q18.json
mb-pc40s-2015-jan-q19,2015-jan,12P.P.3,1,mcq,no-calculator,False,,mb-40s-pc-combinations;mb-40s-pc-combination-cases;mb-40s-pc-ncr-equation;mb-40s-pc-which,inventory only; detailed coverage unassessed,../../../../../banks/manitoba-precalculus-40s-provincial-exams-documents/questions/mb-pc40s-2015-jan-q19.json
mb-pc40s-2015-jan-q20,2015-jan,12P.R.13,1,mcq,no-calculator,False,,mb-40s-rad-domain-range;mb-40s-rad-describe;mb-40s-rad-sqrt-f-domain;mb-40s-rad-sketch-table;mb-40s-rad-sketch-transform;mb-40s-rad-sketch-sqrt-f;mb-40s-rad-solve-graphically,inventory only; detailed coverage unassessed,../../../../../banks/manitoba-precalculus-40s-provincial-exams-documents/questions/mb-pc40s-2015-jan-q20.json
mb-pc40s-2015-jan-q21,2015-jan,12P.T.6,1,mcq,no-calculator,False,,mb-40s-te-identities;mb-40s-id-simplify;mb-40s-id-npv;mb-40s-id-verify-numeric;mb-40s-id-exact-sum-diff;mb-40s-id-exact-double;mb-40s-id-single-function;mb-40s-id-prove,inventory only; detailed coverage unassessed,../../../../../banks/manitoba-precalculus-40s-provincial-exams-documents/questions/mb-pc40s-2015-jan-q21.json
mb-pc40s-2015-jan-q22,2015-jan,12P.R.8,1,mcq,no-calculator,False,,mb-40s-log-expand;mb-40s-log-condense;mb-40s-log-evaluate-laws;mb-40s-log-approx;mb-40s-log-prove-law,inventory only; detailed coverage unassessed,../../../../../banks/manitoba-precalculus-40s-provincial-exams-documents/questions/mb-pc40s-2015-jan-q22.json
mb-pc40s-2015-jan-q23,2015-jan,12P.T.2,1,mcq,no-calculator,False,,mb-40s-uc-point;mb-40s-uc-circle-equation,inventory only; detailed coverage unassessed,../../../../../banks/manitoba-precalculus-40s-provincial-exams-documents/questions/mb-pc40s-2015-jan-q23.json
mb-pc40s-2015-jan-q24,2015-jan,12P.R.12,1,mcq,no-calculator,True,,mb-40s-poly-solve;mb-40s-poly-zeros-multiplicity;mb-40s-poly-end-behaviour;mb-40s-poly-identify;mb-40s-poly-write;mb-40s-poly-model;mb-40s-poly-sketch;mb-40s-poly-match;mb-40s-poly-from-graph,inventory only; detailed coverage unassessed,../../../../../banks/manitoba-precalculus-40s-provincial-exams-documents/questions/mb-pc40s-2015-jan-q24.json
mb-pc40s-2015-jan-q25,2015-jan,12P.R.5,1,mcq,no-calculator,False,,mb-40s-tr-reflect-point;mb-40s-tr-reflect-equation;mb-40s-tr-reflect-sketch,inventory only; detailed coverage unassessed,../../../../../banks/manitoba-precalculus-40s-provincial-exams-documents/questions/mb-pc40s-2015-jan-q25.json
mb-pc40s-2015-jan-q26,2015-jan,12P.R.4,3,frq,no-calculator,True,multipart,mb-40s-tr-describe;mb-40s-tr-write-equation;mb-40s-tr-map-point;mb-40s-tr-mapping-rule;mb-40s-tr-domain-range;mb-40s-tr-sketch-combined;mb-40s-tr-equation-from-graph,inventory only; detailed coverage unassessed,../../../../../banks/manitoba-precalculus-40s-provincial-exams-documents/questions/mb-pc40s-2015-jan-q26.json
mb-pc40s-2015-jan-q27,2015-jan,12P.R.11,2,frq,no-calculator,False,,mb-40s-poly-divide;mb-40s-poly-remainder;mb-40s-poly-remainder-unknown;mb-40s-poly-factor-theorem;mb-40s-poly-factor;mb-40s-poly-solve,inventory only; detailed coverage unassessed,../../../../../banks/manitoba-precalculus-40s-provincial-exams-documents/questions/mb-pc40s-2015-jan-q27.json
mb-pc40s-2015-jan-q28,2015-jan,12P.R.13,2,frq,no-calculator,True,,mb-40s-rad-domain-range;mb-40s-rad-describe;mb-40s-rad-sqrt-f-domain;mb-40s-rad-sketch-table;mb-40s-rad-sketch-transform;mb-40s-rad-sketch-sqrt-f;mb-40s-rad-solve-graphically,inventory only; detailed coverage unassessed,../../../../../banks/manitoba-precalculus-40s-provincial-exams-documents/questions/mb-pc40s-2015-jan-q28.json
mb-pc40s-2015-jan-q29,2015-jan,12P.T.4,3,frq,no-calculator,True,,mb-40s-tf-characteristics-basic;mb-40s-tf-characteristics;mb-40s-tf-max-min;mb-40s-tf-equation-from-features;mb-40s-tf-model;mb-40s-tf-sketch;mb-40s-tf-equation-from-graph,inventory only; detailed coverage unassessed,../../../../../banks/manitoba-precalculus-40s-provincial-exams-documents/questions/mb-pc40s-2015-jan-q29.json
mb-pc40s-2015-jan-q30,2015-jan,12P.R.8,3,frq,no-calculator,False,,mb-40s-log-expand;mb-40s-log-condense;mb-40s-log-evaluate-laws;mb-40s-log-approx;mb-40s-log-prove-law,inventory only; detailed coverage unassessed,../../../../../banks/manitoba-precalculus-40s-provincial-exams-documents/questions/mb-pc40s-2015-jan-q30.json
mb-pc40s-2015-jan-q31,2015-jan,12P.R.14,2,frq,no-calculator,False,multipart,mb-40s-rat-npv;mb-40s-rat-features;mb-40s-rat-hole;mb-40s-rat-behaviour;mb-40s-rat-sketch;mb-40s-rat-match;mb-40s-rat-solve-graphically,inventory only; detailed coverage unassessed,../../../../../banks/manitoba-precalculus-40s-provincial-exams-documents/questions/mb-pc40s-2015-jan-q31.json
mb-pc40s-2015-jan-q32,2015-jan,12P.R.3,1,frq,no-calculator,False,,mb-40s-tr-describe;mb-40s-tr-write-equation;mb-40s-tr-map-point;mb-40s-tr-sketch-stretch;mb-40s-tr-equation-from-graph,inventory only; detailed coverage unassessed,../../../../../banks/manitoba-precalculus-40s-provincial-exams-documents/questions/mb-pc40s-2015-jan-q32.json
mb-pc40s-2015-jan-q33,2015-jan,12P.R.12,3,frq,no-calculator,True,,mb-40s-poly-solve;mb-40s-poly-zeros-multiplicity;mb-40s-poly-end-behaviour;mb-40s-poly-identify;mb-40s-poly-write;mb-40s-poly-model;mb-40s-poly-sketch;mb-40s-poly-match;mb-40s-poly-from-graph,inventory only; detailed coverage unassessed,../../../../../banks/manitoba-precalculus-40s-provincial-exams-documents/questions/mb-pc40s-2015-jan-q33.json
mb-pc40s-2015-jan-q34,2015-jan,12P.T.6,3,frq,no-calculator,False,error-analysis;explanation;multipart,mb-40s-te-identities;mb-40s-id-simplify;mb-40s-id-npv;mb-40s-id-verify-numeric;mb-40s-id-exact-sum-diff;mb-40s-id-exact-double;mb-40s-id-single-function;mb-40s-id-prove,inventory only; detailed coverage unassessed,../../../../../banks/manitoba-precalculus-40s-provincial-exams-documents/questions/mb-pc40s-2015-jan-q34.json
mb-pc40s-2015-jan-q35,2015-jan,12P.P.3,2,frq,no-calculator,False,,mb-40s-pc-combinations;mb-40s-pc-combination-cases;mb-40s-pc-ncr-equation;mb-40s-pc-which,inventory only; detailed coverage unassessed,../../../../../banks/manitoba-precalculus-40s-provincial-exams-documents/questions/mb-pc40s-2015-jan-q35.json
mb-pc40s-2015-jan-q36,2015-jan,12P.R.4,2,frq,no-calculator,True,,mb-40s-tr-describe;mb-40s-tr-write-equation;mb-40s-tr-map-point;mb-40s-tr-mapping-rule;mb-40s-tr-domain-range;mb-40s-tr-sketch-combined;mb-40s-tr-equation-from-graph,inventory only; detailed coverage unassessed,../../../../../banks/manitoba-precalculus-40s-provincial-exams-documents/questions/mb-pc40s-2015-jan-q36.json
mb-pc40s-2015-jan-q37,2015-jan,12P.R.10,3,frq,no-calculator,False,,mb-40s-exp-common-base;mb-40s-exp-logs;mb-40s-exp-growth-decay;mb-40s-exp-finance;mb-40s-log-solve;mb-40s-log-scales,inventory only; detailed coverage unassessed,../../../../../banks/manitoba-precalculus-40s-provincial-exams-documents/questions/mb-pc40s-2015-jan-q37.json
mb-pc40s-2015-jan-q38,2015-jan,12P.R.14,1,frq,no-calculator,False,,mb-40s-rat-npv;mb-40s-rat-features;mb-40s-rat-hole;mb-40s-rat-behaviour;mb-40s-rat-sketch;mb-40s-rat-match;mb-40s-rat-solve-graphically,inventory only; detailed coverage unassessed,../../../../../banks/manitoba-precalculus-40s-provincial-exams-documents/questions/mb-pc40s-2015-jan-q38.json
mb-pc40s-2015-jan-q39,2015-jan,12P.T.3,2,frq,no-calculator,False,,mb-40s-ratio-exact;mb-40s-ratio-approx;mb-40s-ratio-terminal-point;mb-40s-ratio-terminal-angle;mb-40s-ratio-given-one;mb-40s-ratio-find-angles;mb-40s-ratio-problem,inventory only; detailed coverage unassessed,../../../../../banks/manitoba-precalculus-40s-provincial-exams-documents/questions/mb-pc40s-2015-jan-q39.json
mb-pc40s-2015-jan-q40,2015-jan,12P.R.13,4,frq,no-calculator,True,,mb-40s-rad-domain-range;mb-40s-rad-describe;mb-40s-rad-sqrt-f-domain;mb-40s-rad-sketch-table;mb-40s-rad-sketch-transform;mb-40s-rad-sketch-sqrt-f;mb-40s-rad-solve-graphically,inventory only; detailed coverage unassessed,../../../../../banks/manitoba-precalculus-40s-provincial-exams-documents/questions/mb-pc40s-2015-jan-q40.json
mb-pc40s-2015-jan-q41,2015-jan,12P.R.14,3,frq,no-calculator,True,,mb-40s-rat-npv;mb-40s-rat-features;mb-40s-rat-hole;mb-40s-rat-behaviour;mb-40s-rat-sketch;mb-40s-rat-match;mb-40s-rat-solve-graphically,inventory only; detailed coverage unassessed,../../../../../banks/manitoba-precalculus-40s-provincial-exams-documents/questions/mb-pc40s-2015-jan-q41.json
mb-pc40s-2015-jan-q42,2015-jan,12P.R.1,3,frq,no-calculator,False,explanation;multipart,mb-40s-op-equation;mb-40s-op-domain;mb-40s-op-evaluate;mb-40s-op-compose-evaluate;mb-40s-op-compose-equation;mb-40s-op-decompose;mb-40s-op-from-graphs;mb-40s-op-sketch;mb-40s-op-abs-reciprocal,inventory only; detailed coverage unassessed,../../../../../banks/manitoba-precalculus-40s-provincial-exams-documents/questions/mb-pc40s-2015-jan-q42.json
mb-pc40s-2015-jan-q43,2015-jan,12P.R.7,1,frq,no-calculator,False,explanation,mb-40s-log-convert;mb-40s-log-evaluate;mb-40s-log-estimate,inventory only; detailed coverage unassessed,../../../../../banks/manitoba-precalculus-40s-provincial-exams-documents/questions/mb-pc40s-2015-jan-q43.json
mb-pc40s-2015-jan-q44,2015-jan,12P.T.3,3,frq,no-calculator,True,,mb-40s-ratio-exact;mb-40s-ratio-approx;mb-40s-ratio-terminal-point;mb-40s-ratio-terminal-angle;mb-40s-ratio-given-one;mb-40s-ratio-find-angles;mb-40s-ratio-problem,inventory only; detailed coverage unassessed,../../../../../banks/manitoba-precalculus-40s-provincial-exams-documents/questions/mb-pc40s-2015-jan-q44.json
mb-pc40s-2015-jan-q45,2015-jan,12P.P.1,1,frq,no-calculator,False,,mb-40s-pc-fcp,inventory only; detailed coverage unassessed,../../../../../banks/manitoba-precalculus-40s-provincial-exams-documents/questions/mb-pc40s-2015-jan-q45.json
mb-pc40s-2015-jun-q01,2015-jun,12P.T.1,2,frq,calculator-active,True,,mb-40s-ang-deg-to-rad;mb-40s-ang-rad-to-deg;mb-40s-ang-coterminal;mb-40s-ang-coterminal-general;mb-40s-ang-arc-length;mb-40s-ang-sketch,inventory only; detailed coverage unassessed,../../../../../banks/manitoba-precalculus-40s-provincial-exams-documents/questions/mb-pc40s-2015-jun-q01.json
mb-pc40s-2015-jun-q02,2015-jun,12P.T.5,4,frq,calculator-active,False,,mb-40s-te-verify;mb-40s-te-first-degree;mb-40s-te-first-degree-approx;mb-40s-te-double-angle;mb-40s-te-second-degree;mb-40s-te-identities;mb-40s-te-general;mb-40s-te-find-error;mb-40s-te-graphical,inventory only; detailed coverage unassessed,../../../../../banks/manitoba-precalculus-40s-provincial-exams-documents/questions/mb-pc40s-2015-jun-q02.json
mb-pc40s-2015-jun-q03,2015-jun,12P.R.8,4,frq,calculator-active,False,,mb-40s-log-expand;mb-40s-log-condense;mb-40s-log-evaluate-laws;mb-40s-log-approx;mb-40s-log-prove-law,inventory only; detailed coverage unassessed,../../../../../banks/manitoba-precalculus-40s-provincial-exams-documents/questions/mb-pc40s-2015-jun-q03.json
mb-pc40s-2015-jun-q04,2015-jun,12P.P.3,3,frq,calculator-active,False,,mb-40s-pc-combinations;mb-40s-pc-combination-cases;mb-40s-pc-ncr-equation;mb-40s-pc-which,inventory only; detailed coverage unassessed,../../../../../banks/manitoba-precalculus-40s-provincial-exams-documents/questions/mb-pc40s-2015-jun-q04.json
mb-pc40s-2015-jun-q05,2015-jun,12P.P.4,3,frq,calculator-active,False,,mb-40s-bin-pascal;mb-40s-bin-expand;mb-40s-bin-term;mb-40s-bin-term-power;mb-40s-bin-coefficient,inventory only; detailed coverage unassessed,../../../../../banks/manitoba-precalculus-40s-provincial-exams-documents/questions/mb-pc40s-2015-jun-q05.json
mb-pc40s-2015-jun-q06,2015-jun,12P.R.10,2,frq,calculator-active,False,,mb-40s-exp-common-base;mb-40s-exp-logs;mb-40s-exp-growth-decay;mb-40s-exp-finance;mb-40s-log-solve;mb-40s-log-scales,inventory only; detailed coverage unassessed,../../../../../banks/manitoba-precalculus-40s-provincial-exams-documents/questions/mb-pc40s-2015-jun-q06.json
mb-pc40s-2015-jun-q07,2015-jun,12P.T.5,4,frq,no-calculator,False,,mb-40s-te-verify;mb-40s-te-first-degree;mb-40s-te-first-degree-approx;mb-40s-te-double-angle;mb-40s-te-second-degree;mb-40s-te-identities;mb-40s-te-general;mb-40s-te-find-error;mb-40s-te-graphical,inventory only; detailed coverage unassessed,../../../../../banks/manitoba-precalculus-40s-provincial-exams-documents/questions/mb-pc40s-2015-jun-q07.json
mb-pc40s-2015-jun-q08,2015-jun,12P.R.12,1,frq,no-calculator,False,explanation,mb-40s-poly-solve;mb-40s-poly-zeros-multiplicity;mb-40s-poly-end-behaviour;mb-40s-poly-identify;mb-40s-poly-write;mb-40s-poly-model;mb-40s-poly-sketch;mb-40s-poly-match;mb-40s-poly-from-graph,inventory only; detailed coverage unassessed,../../../../../banks/manitoba-precalculus-40s-provincial-exams-documents/questions/mb-pc40s-2015-jun-q08.json
mb-pc40s-2015-jun-q09,2015-jun,12P.T.1,1,frq,no-calculator,True,,mb-40s-ang-deg-to-rad;mb-40s-ang-rad-to-deg;mb-40s-ang-coterminal;mb-40s-ang-coterminal-general;mb-40s-ang-arc-length;mb-40s-ang-sketch,inventory only; detailed coverage unassessed,../../../../../banks/manitoba-precalculus-40s-provincial-exams-documents/questions/mb-pc40s-2015-jun-q09.json
mb-pc40s-2015-jun-q10,2015-jun,12P.R.5,1,frq,no-calculator,True,explanation,mb-40s-tr-reflect-point;mb-40s-tr-reflect-equation;mb-40s-tr-reflect-sketch,inventory only; detailed coverage unassessed,../../../../../banks/manitoba-precalculus-40s-provincial-exams-documents/questions/mb-pc40s-2015-jun-q10.json
mb-pc40s-2015-jun-q11,2015-jun,12P.R.14,1,frq,no-calculator,False,explanation,mb-40s-rat-npv;mb-40s-rat-features;mb-40s-rat-hole;mb-40s-rat-behaviour;mb-40s-rat-sketch;mb-40s-rat-match;mb-40s-rat-solve-graphically,inventory only; detailed coverage unassessed,../../../../../banks/manitoba-precalculus-40s-provincial-exams-documents/questions/mb-pc40s-2015-jun-q11.json
mb-pc40s-2015-jun-q12,2015-jun,12P.R.3,2,frq,no-calculator,True,,mb-40s-tr-describe;mb-40s-tr-write-equation;mb-40s-tr-map-point;mb-40s-tr-sketch-stretch;mb-40s-tr-equation-from-graph,inventory only; detailed coverage unassessed,../../../../../banks/manitoba-precalculus-40s-provincial-exams-documents/questions/mb-pc40s-2015-jun-q12.json
mb-pc40s-2015-jun-q13,2015-jun,12P.R.13,3,frq,no-calculator,True,,mb-40s-rad-domain-range;mb-40s-rad-describe;mb-40s-rad-sqrt-f-domain;mb-40s-rad-sketch-table;mb-40s-rad-sketch-transform;mb-40s-rad-sketch-sqrt-f;mb-40s-rad-solve-graphically,inventory only; detailed coverage unassessed,../../../../../banks/manitoba-precalculus-40s-provincial-exams-documents/questions/mb-pc40s-2015-jun-q13.json
mb-pc40s-2015-jun-q14,2015-jun,12P.P.1,1,mcq,no-calculator,False,,mb-40s-pc-fcp,inventory only; detailed coverage unassessed,../../../../../banks/manitoba-precalculus-40s-provincial-exams-documents/questions/mb-pc40s-2015-jun-q14.json
mb-pc40s-2015-jun-q15,2015-jun,12P.T.2,1,mcq,no-calculator,False,,mb-40s-uc-point;mb-40s-uc-circle-equation,inventory only; detailed coverage unassessed,../../../../../banks/manitoba-precalculus-40s-provincial-exams-documents/questions/mb-pc40s-2015-jun-q15.json
mb-pc40s-2015-jun-q16,2015-jun,12P.R.13,1,mcq,no-calculator,False,,mb-40s-rad-domain-range;mb-40s-rad-describe;mb-40s-rad-sqrt-f-domain;mb-40s-rad-sketch-table;mb-40s-rad-sketch-transform;mb-40s-rad-sketch-sqrt-f;mb-40s-rad-solve-graphically,inventory only; detailed coverage unassessed,../../../../../banks/manitoba-precalculus-40s-provincial-exams-documents/questions/mb-pc40s-2015-jun-q16.json
mb-pc40s-2015-jun-q17,2015-jun,12P.T.4,1,mcq,no-calculator,True,,mb-40s-tf-characteristics-basic;mb-40s-tf-characteristics;mb-40s-tf-max-min;mb-40s-tf-equation-from-features;mb-40s-tf-model;mb-40s-tf-sketch;mb-40s-tf-equation-from-graph,inventory only; detailed coverage unassessed,../../../../../banks/manitoba-precalculus-40s-provincial-exams-documents/questions/mb-pc40s-2015-jun-q17.json
mb-pc40s-2015-jun-q18,2015-jun,12P.P.4,1,mcq,no-calculator,False,,mb-40s-bin-pascal;mb-40s-bin-expand;mb-40s-bin-term;mb-40s-bin-term-power;mb-40s-bin-coefficient,inventory only; detailed coverage unassessed,../../../../../banks/manitoba-precalculus-40s-provincial-exams-documents/questions/mb-pc40s-2015-jun-q18.json
mb-pc40s-2015-jun-q19,2015-jun,12P.R.12,1,mcq,no-calculator,True,,mb-40s-poly-solve;mb-40s-poly-zeros-multiplicity;mb-40s-poly-end-behaviour;mb-40s-poly-identify;mb-40s-poly-write;mb-40s-poly-model;mb-40s-poly-sketch;mb-40s-poly-match;mb-40s-poly-from-graph,inventory only; detailed coverage unassessed,../../../../../banks/manitoba-precalculus-40s-provincial-exams-documents/questions/mb-pc40s-2015-jun-q19.json
mb-pc40s-2015-jun-q20,2015-jun,12P.R.7,1,mcq,no-calculator,False,,mb-40s-log-convert;mb-40s-log-evaluate;mb-40s-log-estimate,inventory only; detailed coverage unassessed,../../../../../banks/manitoba-precalculus-40s-provincial-exams-documents/questions/mb-pc40s-2015-jun-q20.json
mb-pc40s-2015-jun-q21,2015-jun,12P.R.4,1,mcq,no-calculator,False,,mb-40s-tr-describe;mb-40s-tr-write-equation;mb-40s-tr-map-point;mb-40s-tr-mapping-rule;mb-40s-tr-domain-range;mb-40s-tr-sketch-combined;mb-40s-tr-equation-from-graph,inventory only; detailed coverage unassessed,../../../../../banks/manitoba-precalculus-40s-provincial-exams-documents/questions/mb-pc40s-2015-jun-q21.json
mb-pc40s-2015-jun-q22,2015-jun,12P.R.7,1,mcq,no-calculator,False,,mb-40s-log-convert;mb-40s-log-evaluate;mb-40s-log-estimate,inventory only; detailed coverage unassessed,../../../../../banks/manitoba-precalculus-40s-provincial-exams-documents/questions/mb-pc40s-2015-jun-q22.json
mb-pc40s-2015-jun-q23,2015-jun,12P.R.10,4,frq,no-calculator,False,,mb-40s-exp-common-base;mb-40s-exp-logs;mb-40s-exp-growth-decay;mb-40s-exp-finance;mb-40s-log-solve;mb-40s-log-scales,inventory only; detailed coverage unassessed,../../../../../banks/manitoba-precalculus-40s-provincial-exams-documents/questions/mb-pc40s-2015-jun-q23.json
mb-pc40s-2015-jun-q24,2015-jun,12P.R.2,3,frq,no-calculator,False,,mb-40s-tr-describe;mb-40s-tr-write-equation;mb-40s-tr-map-point;mb-40s-tr-sketch-translation;mb-40s-tr-equation-from-graph,inventory only; detailed coverage unassessed,../../../../../banks/manitoba-precalculus-40s-provincial-exams-documents/questions/mb-pc40s-2015-jun-q24.json
mb-pc40s-2015-jun-q25,2015-jun,12P.T.4,4,frq,no-calculator,True,multipart,mb-40s-tf-characteristics-basic;mb-40s-tf-characteristics;mb-40s-tf-max-min;mb-40s-tf-equation-from-features;mb-40s-tf-model;mb-40s-tf-sketch;mb-40s-tf-equation-from-graph,inventory only; detailed coverage unassessed,../../../../../banks/manitoba-precalculus-40s-provincial-exams-documents/questions/mb-pc40s-2015-jun-q25.json
mb-pc40s-2015-jun-q26,2015-jun,12P.R.14,4,frq,no-calculator,True,,mb-40s-rat-npv;mb-40s-rat-features;mb-40s-rat-hole;mb-40s-rat-behaviour;mb-40s-rat-sketch;mb-40s-rat-match;mb-40s-rat-solve-graphically,inventory only; detailed coverage unassessed,../../../../../banks/manitoba-precalculus-40s-provincial-exams-documents/questions/mb-pc40s-2015-jun-q26.json
mb-pc40s-2015-jun-q27,2015-jun,12P.R.10,1,frq,no-calculator,False,explanation,mb-40s-exp-common-base;mb-40s-exp-logs;mb-40s-exp-growth-decay;mb-40s-exp-finance;mb-40s-log-solve;mb-40s-log-scales,inventory only; detailed coverage unassessed,../../../../../banks/manitoba-precalculus-40s-provincial-exams-documents/questions/mb-pc40s-2015-jun-q27.json
mb-pc40s-2015-jun-q28,2015-jun,12P.R.12,3,frq,no-calculator,True,,mb-40s-poly-solve;mb-40s-poly-zeros-multiplicity;mb-40s-poly-end-behaviour;mb-40s-poly-identify;mb-40s-poly-write;mb-40s-poly-model;mb-40s-poly-sketch;mb-40s-poly-match;mb-40s-poly-from-graph,inventory only; detailed coverage unassessed,../../../../../banks/manitoba-precalculus-40s-provincial-exams-documents/questions/mb-pc40s-2015-jun-q28.json
mb-pc40s-2015-jun-q29,2015-jun,12P.T.1,1,frq,no-calculator,False,,mb-40s-ang-deg-to-rad;mb-40s-ang-rad-to-deg;mb-40s-ang-coterminal;mb-40s-ang-coterminal-general;mb-40s-ang-arc-length;mb-40s-ang-sketch,inventory only; detailed coverage unassessed,../../../../../banks/manitoba-precalculus-40s-provincial-exams-documents/questions/mb-pc40s-2015-jun-q29.json
mb-pc40s-2015-jun-q30,2015-jun,12P.R.13,2,frq,no-calculator,False,explanation;multipart,mb-40s-rad-domain-range;mb-40s-rad-describe;mb-40s-rad-sqrt-f-domain;mb-40s-rad-sketch-table;mb-40s-rad-sketch-transform;mb-40s-rad-sketch-sqrt-f;mb-40s-rad-solve-graphically,inventory only; detailed coverage unassessed,../../../../../banks/manitoba-precalculus-40s-provincial-exams-documents/questions/mb-pc40s-2015-jun-q30.json
mb-pc40s-2015-jun-q31,2015-jun,12P.T.3,3,frq,no-calculator,False,,mb-40s-ratio-exact;mb-40s-ratio-approx;mb-40s-ratio-terminal-point;mb-40s-ratio-terminal-angle;mb-40s-ratio-given-one;mb-40s-ratio-find-angles;mb-40s-ratio-problem,inventory only; detailed coverage unassessed,../../../../../banks/manitoba-precalculus-40s-provincial-exams-documents/questions/mb-pc40s-2015-jun-q31.json
mb-pc40s-2015-jun-q32,2015-jun,12P.R.1,3,frq,no-calculator,False,multipart,mb-40s-op-equation;mb-40s-op-domain;mb-40s-op-evaluate;mb-40s-op-compose-evaluate;mb-40s-op-compose-equation;mb-40s-op-decompose;mb-40s-op-from-graphs;mb-40s-op-sketch;mb-40s-op-abs-reciprocal,inventory only; detailed coverage unassessed,../../../../../banks/manitoba-precalculus-40s-provincial-exams-documents/questions/mb-pc40s-2015-jun-q32.json
mb-pc40s-2015-jun-q33,2015-jun,12P.R.9,3,frq,no-calculator,True,multipart,mb-40s-exp-characteristics;mb-40s-exp-transformed;mb-40s-exp-sketch;mb-40s-log-characteristics;mb-40s-log-sketch,inventory only; detailed coverage unassessed,../../../../../banks/manitoba-precalculus-40s-provincial-exams-documents/questions/mb-pc40s-2015-jun-q33.json
mb-pc40s-2015-jun-q34,2015-jun,12P.R.14,1,frq,no-calculator,False,explanation,mb-40s-rat-npv;mb-40s-rat-features;mb-40s-rat-hole;mb-40s-rat-behaviour;mb-40s-rat-sketch;mb-40s-rat-match;mb-40s-rat-solve-graphically,inventory only; detailed coverage unassessed,../../../../../banks/manitoba-precalculus-40s-provincial-exams-documents/questions/mb-pc40s-2015-jun-q34.json
mb-pc40s-2015-jun-q35,2015-jun,12P.R.6,1,frq,no-calculator,True,,mb-40s-inv-linear;mb-40s-inv-quadratic;mb-40s-inv-verify;mb-40s-inv-domain-range;mb-40s-inv-is-function;mb-40s-inv-sketch,inventory only; detailed coverage unassessed,../../../../../banks/manitoba-precalculus-40s-provincial-exams-documents/questions/mb-pc40s-2015-jun-q35.json
mb-pc40s-2015-jun-q36,2015-jun,12P.T.3,2,frq,no-calculator,False,,mb-40s-ratio-exact;mb-40s-ratio-approx;mb-40s-ratio-terminal-point;mb-40s-ratio-terminal-angle;mb-40s-ratio-given-one;mb-40s-ratio-find-angles;mb-40s-ratio-problem,inventory only; detailed coverage unassessed,../../../../../banks/manitoba-precalculus-40s-provincial-exams-documents/questions/mb-pc40s-2015-jun-q36.json
mb-pc40s-2015-jun-q37,2015-jun,12P.P.3,1,frq,no-calculator,False,explanation,mb-40s-pc-combinations;mb-40s-pc-combination-cases;mb-40s-pc-ncr-equation;mb-40s-pc-which,inventory only; detailed coverage unassessed,../../../../../banks/manitoba-precalculus-40s-provincial-exams-documents/questions/mb-pc40s-2015-jun-q37.json
mb-pc40s-2015-jun-q38,2015-jun,12P.P.2,3,frq,no-calculator,False,,mb-40s-pc-factorial;mb-40s-pc-permutations;mb-40s-pc-identical;mb-40s-pc-conditions;mb-40s-pc-npr-equation;mb-40s-pc-which,inventory only; detailed coverage unassessed,../../../../../banks/manitoba-precalculus-40s-provincial-exams-documents/questions/mb-pc40s-2015-jun-q38.json
mb-pc40s-2015-jun-q39,2015-jun,12P.R.11,4,frq,no-calculator,True,multipart,mb-40s-poly-divide;mb-40s-poly-remainder;mb-40s-poly-remainder-unknown;mb-40s-poly-factor-theorem;mb-40s-poly-factor;mb-40s-poly-solve,inventory only; detailed coverage unassessed,../../../../../banks/manitoba-precalculus-40s-provincial-exams-documents/questions/mb-pc40s-2015-jun-q39.json
mb-pc40s-2015-jun-q40,2015-jun,12P.T.6,3,frq,no-calculator,False,identity-proof,mb-40s-te-identities;mb-40s-id-simplify;mb-40s-id-npv;mb-40s-id-verify-numeric;mb-40s-id-exact-sum-diff;mb-40s-id-exact-double;mb-40s-id-single-function;mb-40s-id-prove,inventory only; detailed coverage unassessed,../../../../../banks/manitoba-precalculus-40s-provincial-exams-documents/questions/mb-pc40s-2015-jun-q40.json
mb-pc40s-2015-jun-q41,2015-jun,12P.R.1,2,frq,no-calculator,True,,mb-40s-op-equation;mb-40s-op-domain;mb-40s-op-evaluate;mb-40s-op-compose-evaluate;mb-40s-op-compose-equation;mb-40s-op-decompose;mb-40s-op-from-graphs;mb-40s-op-sketch;mb-40s-op-abs-reciprocal,inventory only; detailed coverage unassessed,../../../../../banks/manitoba-precalculus-40s-provincial-exams-documents/questions/mb-pc40s-2015-jun-q41.json
mb-pc40s-2015-jun-q42,2015-jun,12P.T.2,2,frq,no-calculator,False,,mb-40s-uc-point;mb-40s-uc-circle-equation,inventory only; detailed coverage unassessed,../../../../../banks/manitoba-precalculus-40s-provincial-exams-documents/questions/mb-pc40s-2015-jun-q42.json
mb-pc40s-2016-jan-q01,2016-jan,12P.T.1,2,frq,calculator-active,False,,mb-40s-ang-deg-to-rad;mb-40s-ang-rad-to-deg;mb-40s-ang-coterminal;mb-40s-ang-coterminal-general;mb-40s-ang-arc-length;mb-40s-ang-sketch,inventory only; detailed coverage unassessed,../../../../../banks/manitoba-precalculus-40s-provincial-exams-documents/questions/mb-pc40s-2016-jan-q01.json
mb-pc40s-2016-jan-q02,2016-jan,12P.P.3,3,frq,calculator-active,False,multipart,mb-40s-pc-combinations;mb-40s-pc-combination-cases;mb-40s-pc-ncr-equation;mb-40s-pc-which,inventory only; detailed coverage unassessed,../../../../../banks/manitoba-precalculus-40s-provincial-exams-documents/questions/mb-pc40s-2016-jan-q02.json
mb-pc40s-2016-jan-q03,2016-jan,12P.T.5,3,frq,calculator-active,False,,mb-40s-te-verify;mb-40s-te-first-degree;mb-40s-te-first-degree-approx;mb-40s-te-double-angle;mb-40s-te-second-degree;mb-40s-te-identities;mb-40s-te-general;mb-40s-te-find-error;mb-40s-te-graphical,inventory only; detailed coverage unassessed,../../../../../banks/manitoba-precalculus-40s-provincial-exams-documents/questions/mb-pc40s-2016-jan-q03.json
mb-pc40s-2016-jan-q04,2016-jan,12P.R.10,4,frq,calculator-active,False,,mb-40s-exp-common-base;mb-40s-exp-logs;mb-40s-exp-growth-decay;mb-40s-exp-finance;mb-40s-log-solve;mb-40s-log-scales,inventory only; detailed coverage unassessed,../../../../../banks/manitoba-precalculus-40s-provincial-exams-documents/questions/mb-pc40s-2016-jan-q04.json
mb-pc40s-2016-jan-q05,2016-jan,12P.T.5,4,frq,no-calculator,False,,mb-40s-te-verify;mb-40s-te-first-degree;mb-40s-te-first-degree-approx;mb-40s-te-double-angle;mb-40s-te-second-degree;mb-40s-te-identities;mb-40s-te-general;mb-40s-te-find-error;mb-40s-te-graphical,inventory only; detailed coverage unassessed,../../../../../banks/manitoba-precalculus-40s-provincial-exams-documents/questions/mb-pc40s-2016-jan-q05.json
mb-pc40s-2016-jan-q06,2016-jan,12P.R.12,1,frq,no-calculator,False,explanation,mb-40s-poly-solve;mb-40s-poly-zeros-multiplicity;mb-40s-poly-end-behaviour;mb-40s-poly-identify;mb-40s-poly-write;mb-40s-poly-model;mb-40s-poly-sketch;mb-40s-poly-match;mb-40s-poly-from-graph,inventory only; detailed coverage unassessed,../../../../../banks/manitoba-precalculus-40s-provincial-exams-documents/questions/mb-pc40s-2016-jan-q06.json
mb-pc40s-2016-jan-q07,2016-jan,12P.R.2,2,frq,no-calculator,True,,mb-40s-tr-describe;mb-40s-tr-write-equation;mb-40s-tr-map-point;mb-40s-tr-sketch-translation;mb-40s-tr-equation-from-graph,inventory only; detailed coverage unassessed,../../../../../banks/manitoba-precalculus-40s-provincial-exams-documents/questions/mb-pc40s-2016-jan-q07.json
mb-pc40s-2016-jan-q08,2016-jan,12P.R.11,1,frq,no-calculator,False,error-analysis;explanation,mb-40s-poly-divide;mb-40s-poly-remainder;mb-40s-poly-remainder-unknown;mb-40s-poly-factor-theorem;mb-40s-poly-factor;mb-40s-poly-solve,inventory only; detailed coverage unassessed,../../../../../banks/manitoba-precalculus-40s-provincial-exams-documents/questions/mb-pc40s-2016-jan-q08.json
mb-pc40s-2016-jan-q09,2016-jan,12P.R.2,2,frq,no-calculator,False,,mb-40s-tr-describe;mb-40s-tr-write-equation;mb-40s-tr-map-point;mb-40s-tr-sketch-translation;mb-40s-tr-equation-from-graph,inventory only; detailed coverage unassessed,../../../../../banks/manitoba-precalculus-40s-provincial-exams-documents/questions/mb-pc40s-2016-jan-q09.json
mb-pc40s-2016-jan-q10,2016-jan,12P.T.6,3,frq,no-calculator,False,identity-proof,mb-40s-te-identities;mb-40s-id-simplify;mb-40s-id-npv;mb-40s-id-verify-numeric;mb-40s-id-exact-sum-diff;mb-40s-id-exact-double;mb-40s-id-single-function;mb-40s-id-prove,inventory only; detailed coverage unassessed,../../../../../banks/manitoba-precalculus-40s-provincial-exams-documents/questions/mb-pc40s-2016-jan-q10.json
mb-pc40s-2016-jan-q11,2016-jan,12P.T.5,1,frq,no-calculator,True,,mb-40s-te-verify;mb-40s-te-first-degree;mb-40s-te-first-degree-approx;mb-40s-te-double-angle;mb-40s-te-second-degree;mb-40s-te-identities;mb-40s-te-general;mb-40s-te-find-error;mb-40s-te-graphical,inventory only; detailed coverage unassessed,../../../../../banks/manitoba-precalculus-40s-provincial-exams-documents/questions/mb-pc40s-2016-jan-q11.json
mb-pc40s-2016-jan-q12,2016-jan,12P.P.1,1,frq,no-calculator,False,,mb-40s-pc-fcp,inventory only; detailed coverage unassessed,../../../../../banks/manitoba-precalculus-40s-provincial-exams-documents/questions/mb-pc40s-2016-jan-q12.json
mb-pc40s-2016-jan-q13,2016-jan,12P.R.11,2,frq,no-calculator,False,,mb-40s-poly-divide;mb-40s-poly-remainder;mb-40s-poly-remainder-unknown;mb-40s-poly-factor-theorem;mb-40s-poly-factor;mb-40s-poly-solve,inventory only; detailed coverage unassessed,../../../../../banks/manitoba-precalculus-40s-provincial-exams-documents/questions/mb-pc40s-2016-jan-q13.json
mb-pc40s-2016-jan-q14,2016-jan,12P.R.12,1,mcq,no-calculator,False,,mb-40s-poly-solve;mb-40s-poly-zeros-multiplicity;mb-40s-poly-end-behaviour;mb-40s-poly-identify;mb-40s-poly-write;mb-40s-poly-model;mb-40s-poly-sketch;mb-40s-poly-match;mb-40s-poly-from-graph,inventory only; detailed coverage unassessed,../../../../../banks/manitoba-precalculus-40s-provincial-exams-documents/questions/mb-pc40s-2016-jan-q14.json
mb-pc40s-2016-jan-q15,2016-jan,12P.R.3,1,mcq,no-calculator,False,,mb-40s-tr-describe;mb-40s-tr-write-equation;mb-40s-tr-map-point;mb-40s-tr-sketch-stretch;mb-40s-tr-equation-from-graph,inventory only; detailed coverage unassessed,../../../../../banks/manitoba-precalculus-40s-provincial-exams-documents/questions/mb-pc40s-2016-jan-q15.json
mb-pc40s-2016-jan-q16,2016-jan,12P.T.1,1,mcq,no-calculator,False,,mb-40s-ang-deg-to-rad;mb-40s-ang-rad-to-deg;mb-40s-ang-coterminal;mb-40s-ang-coterminal-general;mb-40s-ang-arc-length;mb-40s-ang-sketch,inventory only; detailed coverage unassessed,../../../../../banks/manitoba-precalculus-40s-provincial-exams-documents/questions/mb-pc40s-2016-jan-q16.json
mb-pc40s-2016-jan-q17,2016-jan,12P.T.6,1,mcq,no-calculator,False,,mb-40s-te-identities;mb-40s-id-simplify;mb-40s-id-npv;mb-40s-id-verify-numeric;mb-40s-id-exact-sum-diff;mb-40s-id-exact-double;mb-40s-id-single-function;mb-40s-id-prove,inventory only; detailed coverage unassessed,../../../../../banks/manitoba-precalculus-40s-provincial-exams-documents/questions/mb-pc40s-2016-jan-q17.json
mb-pc40s-2016-jan-q18,2016-jan,12P.P.4,1,mcq,no-calculator,False,,mb-40s-bin-pascal;mb-40s-bin-expand;mb-40s-bin-term;mb-40s-bin-term-power;mb-40s-bin-coefficient,inventory only; detailed coverage unassessed,../../../../../banks/manitoba-precalculus-40s-provincial-exams-documents/questions/mb-pc40s-2016-jan-q18.json
mb-pc40s-2016-jan-q19,2016-jan,12P.R.12,1,mcq,no-calculator,True,,mb-40s-poly-solve;mb-40s-poly-zeros-multiplicity;mb-40s-poly-end-behaviour;mb-40s-poly-identify;mb-40s-poly-write;mb-40s-poly-model;mb-40s-poly-sketch;mb-40s-poly-match;mb-40s-poly-from-graph,inventory only; detailed coverage unassessed,../../../../../banks/manitoba-precalculus-40s-provincial-exams-documents/questions/mb-pc40s-2016-jan-q19.json
mb-pc40s-2016-jan-q20,2016-jan,12P.T.6,1,mcq,no-calculator,False,,mb-40s-te-identities;mb-40s-id-simplify;mb-40s-id-npv;mb-40s-id-verify-numeric;mb-40s-id-exact-sum-diff;mb-40s-id-exact-double;mb-40s-id-single-function;mb-40s-id-prove,inventory only; detailed coverage unassessed,../../../../../banks/manitoba-precalculus-40s-provincial-exams-documents/questions/mb-pc40s-2016-jan-q20.json
mb-pc40s-2016-jan-q21,2016-jan,12P.R.14,1,mcq,no-calculator,False,,mb-40s-rat-npv;mb-40s-rat-features;mb-40s-rat-hole;mb-40s-rat-behaviour;mb-40s-rat-sketch;mb-40s-rat-match;mb-40s-rat-solve-graphically,inventory only; detailed coverage unassessed,../../../../../banks/manitoba-precalculus-40s-provincial-exams-documents/questions/mb-pc40s-2016-jan-q21.json
mb-pc40s-2016-jan-q22,2016-jan,12P.R.12,3,frq,no-calculator,True,,mb-40s-poly-solve;mb-40s-poly-zeros-multiplicity;mb-40s-poly-end-behaviour;mb-40s-poly-identify;mb-40s-poly-write;mb-40s-poly-model;mb-40s-poly-sketch;mb-40s-poly-match;mb-40s-poly-from-graph,inventory only; detailed coverage unassessed,../../../../../banks/manitoba-precalculus-40s-provincial-exams-documents/questions/mb-pc40s-2016-jan-q22.json
mb-pc40s-2016-jan-q23,2016-jan,12P.R.7,1,frq,no-calculator,False,,mb-40s-log-convert;mb-40s-log-evaluate;mb-40s-log-estimate,inventory only; detailed coverage unassessed,../../../../../banks/manitoba-precalculus-40s-provincial-exams-documents/questions/mb-pc40s-2016-jan-q23.json
mb-pc40s-2016-jan-q24,2016-jan,12P.T.3,2,frq,no-calculator,False,,mb-40s-ratio-exact;mb-40s-ratio-approx;mb-40s-ratio-terminal-point;mb-40s-ratio-terminal-angle;mb-40s-ratio-given-one;mb-40s-ratio-find-angles;mb-40s-ratio-problem,inventory only; detailed coverage unassessed,../../../../../banks/manitoba-precalculus-40s-provincial-exams-documents/questions/mb-pc40s-2016-jan-q24.json
mb-pc40s-2016-jan-q25,2016-jan,12P.R.7,1,frq,no-calculator,False,explanation,mb-40s-log-convert;mb-40s-log-evaluate;mb-40s-log-estimate,inventory only; detailed coverage unassessed,../../../../../banks/manitoba-precalculus-40s-provincial-exams-documents/questions/mb-pc40s-2016-jan-q25.json
mb-pc40s-2016-jan-q26,2016-jan,12P.T.2,2,frq,no-calculator,False,,mb-40s-uc-point;mb-40s-uc-circle-equation,inventory only; detailed coverage unassessed,../../../../../banks/manitoba-precalculus-40s-provincial-exams-documents/questions/mb-pc40s-2016-jan-q26.json
mb-pc40s-2016-jan-q27,2016-jan,12P.R.1,1,frq,no-calculator,False,error-analysis,mb-40s-op-equation;mb-40s-op-domain;mb-40s-op-evaluate;mb-40s-op-compose-evaluate;mb-40s-op-compose-equation;mb-40s-op-decompose;mb-40s-op-from-graphs;mb-40s-op-sketch;mb-40s-op-abs-reciprocal,inventory only; detailed coverage unassessed,../../../../../banks/manitoba-precalculus-40s-provincial-exams-documents/questions/mb-pc40s-2016-jan-q27.json
mb-pc40s-2016-jan-q28,2016-jan,12P.R.9,3,frq,no-calculator,True,,mb-40s-exp-characteristics;mb-40s-exp-transformed;mb-40s-exp-sketch;mb-40s-log-characteristics;mb-40s-log-sketch,inventory only; detailed coverage unassessed,../../../../../banks/manitoba-precalculus-40s-provincial-exams-documents/questions/mb-pc40s-2016-jan-q28.json
mb-pc40s-2016-jan-q29,2016-jan,12P.R.14,1,frq,no-calculator,False,,mb-40s-rat-npv;mb-40s-rat-features;mb-40s-rat-hole;mb-40s-rat-behaviour;mb-40s-rat-sketch;mb-40s-rat-match;mb-40s-rat-solve-graphically,inventory only; detailed coverage unassessed,../../../../../banks/manitoba-precalculus-40s-provincial-exams-documents/questions/mb-pc40s-2016-jan-q29.json
mb-pc40s-2016-jan-q30,2016-jan,12P.T.6,2,frq,no-calculator,False,,mb-40s-te-identities;mb-40s-id-simplify;mb-40s-id-npv;mb-40s-id-verify-numeric;mb-40s-id-exact-sum-diff;mb-40s-id-exact-double;mb-40s-id-single-function;mb-40s-id-prove,inventory only; detailed coverage unassessed,../../../../../banks/manitoba-precalculus-40s-provincial-exams-documents/questions/mb-pc40s-2016-jan-q30.json
mb-pc40s-2016-jan-q31,2016-jan,12P.R.14,4,frq,no-calculator,True,,mb-40s-rat-npv;mb-40s-rat-features;mb-40s-rat-hole;mb-40s-rat-behaviour;mb-40s-rat-sketch;mb-40s-rat-match;mb-40s-rat-solve-graphically,inventory only; detailed coverage unassessed,../../../../../banks/manitoba-precalculus-40s-provincial-exams-documents/questions/mb-pc40s-2016-jan-q31.json
mb-pc40s-2016-jan-q32,2016-jan,12P.P.4,2,frq,no-calculator,False,,mb-40s-bin-pascal;mb-40s-bin-expand;mb-40s-bin-term;mb-40s-bin-term-power;mb-40s-bin-coefficient,inventory only; detailed coverage unassessed,../../../../../banks/manitoba-precalculus-40s-provincial-exams-documents/questions/mb-pc40s-2016-jan-q32.json
mb-pc40s-2016-jan-q33,2016-jan,12P.T.4,4,frq,no-calculator,True,,mb-40s-tf-characteristics-basic;mb-40s-tf-characteristics;mb-40s-tf-max-min;mb-40s-tf-equation-from-features;mb-40s-tf-model;mb-40s-tf-sketch;mb-40s-tf-equation-from-graph,inventory only; detailed coverage unassessed,../../../../../banks/manitoba-precalculus-40s-provincial-exams-documents/questions/mb-pc40s-2016-jan-q33.json
mb-pc40s-2016-jan-q34,2016-jan,12P.P.2,3,frq,no-calculator,False,,mb-40s-pc-factorial;mb-40s-pc-permutations;mb-40s-pc-identical;mb-40s-pc-conditions;mb-40s-pc-npr-equation;mb-40s-pc-which,inventory only; detailed coverage unassessed,../../../../../banks/manitoba-precalculus-40s-provincial-exams-documents/questions/mb-pc40s-2016-jan-q34.json
mb-pc40s-2016-jan-q35,2016-jan,12P.R.6,2,frq,no-calculator,False,,mb-40s-inv-linear;mb-40s-inv-quadratic;mb-40s-inv-verify;mb-40s-inv-domain-range;mb-40s-inv-is-function;mb-40s-inv-sketch,inventory only; detailed coverage unassessed,../../../../../banks/manitoba-precalculus-40s-provincial-exams-documents/questions/mb-pc40s-2016-jan-q35.json
mb-pc40s-2016-jan-q36,2016-jan,12P.R.8,3,frq,no-calculator,False,,mb-40s-log-expand;mb-40s-log-condense;mb-40s-log-evaluate-laws;mb-40s-log-approx;mb-40s-log-prove-law,inventory only; detailed coverage unassessed,../../../../../banks/manitoba-precalculus-40s-provincial-exams-documents/questions/mb-pc40s-2016-jan-q36.json
mb-pc40s-2016-jan-q37,2016-jan,12P.T.4,3,frq,no-calculator,True,,mb-40s-tf-characteristics-basic;mb-40s-tf-characteristics;mb-40s-tf-max-min;mb-40s-tf-equation-from-features;mb-40s-tf-model;mb-40s-tf-sketch;mb-40s-tf-equation-from-graph,inventory only; detailed coverage unassessed,../../../../../banks/manitoba-precalculus-40s-provincial-exams-documents/questions/mb-pc40s-2016-jan-q37.json
mb-pc40s-2016-jan-q38,2016-jan,12P.R.8,3,frq,no-calculator,False,,mb-40s-log-expand;mb-40s-log-condense;mb-40s-log-evaluate-laws;mb-40s-log-approx;mb-40s-log-prove-law,inventory only; detailed coverage unassessed,../../../../../banks/manitoba-precalculus-40s-provincial-exams-documents/questions/mb-pc40s-2016-jan-q38.json
mb-pc40s-2016-jan-q39,2016-jan,12P.R.13,4,frq,no-calculator,True,,mb-40s-rad-domain-range;mb-40s-rad-describe;mb-40s-rad-sqrt-f-domain;mb-40s-rad-sketch-table;mb-40s-rad-sketch-transform;mb-40s-rad-sketch-sqrt-f;mb-40s-rad-solve-graphically,inventory only; detailed coverage unassessed,../../../../../banks/manitoba-precalculus-40s-provincial-exams-documents/questions/mb-pc40s-2016-jan-q39.json
mb-pc40s-2016-jan-q40,2016-jan,12P.R.13,2,frq,no-calculator,False,explanation;multipart,mb-40s-rad-domain-range;mb-40s-rad-describe;mb-40s-rad-sqrt-f-domain;mb-40s-rad-sketch-table;mb-40s-rad-sketch-transform;mb-40s-rad-sketch-sqrt-f;mb-40s-rad-solve-graphically,inventory only; detailed coverage unassessed,../../../../../banks/manitoba-precalculus-40s-provincial-exams-documents/questions/mb-pc40s-2016-jan-q40.json
mb-pc40s-2016-jan-q41,2016-jan,12P.R.1,2,frq,no-calculator,False,multipart,mb-40s-op-equation;mb-40s-op-domain;mb-40s-op-evaluate;mb-40s-op-compose-evaluate;mb-40s-op-compose-equation;mb-40s-op-decompose;mb-40s-op-from-graphs;mb-40s-op-sketch;mb-40s-op-abs-reciprocal,inventory only; detailed coverage unassessed,../../../../../banks/manitoba-precalculus-40s-provincial-exams-documents/questions/mb-pc40s-2016-jan-q41.json
mb-pc40s-2016-jan-q42,2016-jan,12P.T.3,1,frq,no-calculator,False,explanation,mb-40s-ratio-exact;mb-40s-ratio-approx;mb-40s-ratio-terminal-point;mb-40s-ratio-terminal-angle;mb-40s-ratio-given-one;mb-40s-ratio-find-angles;mb-40s-ratio-problem,inventory only; detailed coverage unassessed,../../../../../banks/manitoba-precalculus-40s-provincial-exams-documents/questions/mb-pc40s-2016-jan-q42.json
mb-pc40s-2016-jan-q43,2016-jan,12P.R.1,3,frq,no-calculator,True,,mb-40s-op-equation;mb-40s-op-domain;mb-40s-op-evaluate;mb-40s-op-compose-evaluate;mb-40s-op-compose-equation;mb-40s-op-decompose;mb-40s-op-from-graphs;mb-40s-op-sketch;mb-40s-op-abs-reciprocal,inventory only; detailed coverage unassessed,../../../../../banks/manitoba-precalculus-40s-provincial-exams-documents/questions/mb-pc40s-2016-jan-q43.json
mb-pc40s-2016-jan-q44,2016-jan,12P.R.9,1,frq,no-calculator,False,,mb-40s-exp-characteristics;mb-40s-exp-transformed;mb-40s-exp-sketch;mb-40s-log-characteristics;mb-40s-log-sketch,inventory only; detailed coverage unassessed,../../../../../banks/manitoba-precalculus-40s-provincial-exams-documents/questions/mb-pc40s-2016-jan-q44.json
mb-pc40s-2016-jan-q45,2016-jan,12P.R.1,2,frq,no-calculator,True,,mb-40s-op-equation;mb-40s-op-domain;mb-40s-op-evaluate;mb-40s-op-compose-evaluate;mb-40s-op-compose-equation;mb-40s-op-decompose;mb-40s-op-from-graphs;mb-40s-op-sketch;mb-40s-op-abs-reciprocal,inventory only; detailed coverage unassessed,../../../../../banks/manitoba-precalculus-40s-provincial-exams-documents/questions/mb-pc40s-2016-jan-q45.json
mb-pc40s-2016-jun-q01,2016-jun,12P.T.1,2,frq,calculator-active,False,,mb-40s-ang-deg-to-rad;mb-40s-ang-rad-to-deg;mb-40s-ang-coterminal;mb-40s-ang-coterminal-general;mb-40s-ang-arc-length;mb-40s-ang-sketch,inventory only; detailed coverage unassessed,../../../../../banks/manitoba-precalculus-40s-provincial-exams-documents/questions/mb-pc40s-2016-jun-q01.json
mb-pc40s-2016-jun-q02,2016-jun,12P.T.5,3,frq,calculator-active,False,,mb-40s-te-verify;mb-40s-te-first-degree;mb-40s-te-first-degree-approx;mb-40s-te-double-angle;mb-40s-te-second-degree;mb-40s-te-identities;mb-40s-te-general;mb-40s-te-find-error;mb-40s-te-graphical,inventory only; detailed coverage unassessed,../../../../../banks/manitoba-precalculus-40s-provincial-exams-documents/questions/mb-pc40s-2016-jun-q02.json
mb-pc40s-2016-jun-q03,2016-jun,12P.P.4,3,frq,calculator-active,False,,mb-40s-bin-pascal;mb-40s-bin-expand;mb-40s-bin-term;mb-40s-bin-term-power;mb-40s-bin-coefficient,inventory only; detailed coverage unassessed,../../../../../banks/manitoba-precalculus-40s-provincial-exams-documents/questions/mb-pc40s-2016-jun-q03.json
mb-pc40s-2016-jun-q04,2016-jun,12P.R.10,3,frq,calculator-active,False,,mb-40s-exp-common-base;mb-40s-exp-logs;mb-40s-exp-growth-decay;mb-40s-exp-finance;mb-40s-log-solve;mb-40s-log-scales,inventory only; detailed coverage unassessed,../../../../../banks/manitoba-precalculus-40s-provincial-exams-documents/questions/mb-pc40s-2016-jun-q04.json
mb-pc40s-2016-jun-q05,2016-jun,12P.P.1,2,frq,calculator-active,False,,mb-40s-pc-fcp,inventory only; detailed coverage unassessed,../../../../../banks/manitoba-precalculus-40s-provincial-exams-documents/questions/mb-pc40s-2016-jun-q05.json
mb-pc40s-2016-jun-q06,2016-jun,12P.R.5,1,frq,no-calculator,False,,mb-40s-tr-reflect-point;mb-40s-tr-reflect-equation;mb-40s-tr-reflect-sketch,inventory only; detailed coverage unassessed,../../../../../banks/manitoba-precalculus-40s-provincial-exams-documents/questions/mb-pc40s-2016-jun-q06.json
mb-pc40s-2016-jun-q07,2016-jun,12P.R.1,2,frq,no-calculator,True,,mb-40s-op-equation;mb-40s-op-domain;mb-40s-op-evaluate;mb-40s-op-compose-evaluate;mb-40s-op-compose-equation;mb-40s-op-decompose;mb-40s-op-from-graphs;mb-40s-op-sketch;mb-40s-op-abs-reciprocal,inventory only; detailed coverage unassessed,../../../../../banks/manitoba-precalculus-40s-provincial-exams-documents/questions/mb-pc40s-2016-jun-q07.json
mb-pc40s-2016-jun-q08,2016-jun,12P.R.8,3,frq,no-calculator,False,,mb-40s-log-expand;mb-40s-log-condense;mb-40s-log-evaluate-laws;mb-40s-log-approx;mb-40s-log-prove-law,inventory only; detailed coverage unassessed,../../../../../banks/manitoba-precalculus-40s-provincial-exams-documents/questions/mb-pc40s-2016-jun-q08.json
mb-pc40s-2016-jun-q09,2016-jun,12P.T.5,4,frq,no-calculator,False,,mb-40s-te-verify;mb-40s-te-first-degree;mb-40s-te-first-degree-approx;mb-40s-te-double-angle;mb-40s-te-second-degree;mb-40s-te-identities;mb-40s-te-general;mb-40s-te-find-error;mb-40s-te-graphical,inventory only; detailed coverage unassessed,../../../../../banks/manitoba-precalculus-40s-provincial-exams-documents/questions/mb-pc40s-2016-jun-q09.json
mb-pc40s-2016-jun-q10,2016-jun,12P.R.1,3,frq,no-calculator,True,,mb-40s-op-equation;mb-40s-op-domain;mb-40s-op-evaluate;mb-40s-op-compose-evaluate;mb-40s-op-compose-equation;mb-40s-op-decompose;mb-40s-op-from-graphs;mb-40s-op-sketch;mb-40s-op-abs-reciprocal,inventory only; detailed coverage unassessed,../../../../../banks/manitoba-precalculus-40s-provincial-exams-documents/questions/mb-pc40s-2016-jun-q10.json
mb-pc40s-2016-jun-q11,2016-jun,12P.T.6,3,frq,no-calculator,False,identity-proof,mb-40s-te-identities;mb-40s-id-simplify;mb-40s-id-npv;mb-40s-id-verify-numeric;mb-40s-id-exact-sum-diff;mb-40s-id-exact-double;mb-40s-id-single-function;mb-40s-id-prove,inventory only; detailed coverage unassessed,../../../../../banks/manitoba-precalculus-40s-provincial-exams-documents/questions/mb-pc40s-2016-jun-q11.json
mb-pc40s-2016-jun-q12,2016-jun,12P.P.1,1,frq,no-calculator,False,error-analysis,mb-40s-pc-fcp,inventory only; detailed coverage unassessed,../../../../../banks/manitoba-precalculus-40s-provincial-exams-documents/questions/mb-pc40s-2016-jun-q12.json
mb-pc40s-2016-jun-q13,2016-jun,12P.R.1,2,frq,no-calculator,False,multipart,mb-40s-op-equation;mb-40s-op-domain;mb-40s-op-evaluate;mb-40s-op-compose-evaluate;mb-40s-op-compose-equation;mb-40s-op-decompose;mb-40s-op-from-graphs;mb-40s-op-sketch;mb-40s-op-abs-reciprocal,inventory only; detailed coverage unassessed,../../../../../banks/manitoba-precalculus-40s-provincial-exams-documents/questions/mb-pc40s-2016-jun-q13.json
mb-pc40s-2016-jun-q14,2016-jun,12P.R.13,2,frq,no-calculator,True,,mb-40s-rad-domain-range;mb-40s-rad-describe;mb-40s-rad-sqrt-f-domain;mb-40s-rad-sketch-table;mb-40s-rad-sketch-transform;mb-40s-rad-sketch-sqrt-f;mb-40s-rad-solve-graphically,inventory only; detailed coverage unassessed,../../../../../banks/manitoba-precalculus-40s-provincial-exams-documents/questions/mb-pc40s-2016-jun-q14.json
mb-pc40s-2016-jun-q15,2016-jun,12P.R.11,1,mcq,no-calculator,False,,mb-40s-poly-divide;mb-40s-poly-remainder;mb-40s-poly-remainder-unknown;mb-40s-poly-factor-theorem;mb-40s-poly-factor;mb-40s-poly-solve,inventory only; detailed coverage unassessed,../../../../../banks/manitoba-precalculus-40s-provincial-exams-documents/questions/mb-pc40s-2016-jun-q15.json
mb-pc40s-2016-jun-q16,2016-jun,12P.P.3,1,mcq,no-calculator,False,,mb-40s-pc-combinations;mb-40s-pc-combination-cases;mb-40s-pc-ncr-equation;mb-40s-pc-which,inventory only; detailed coverage unassessed,../../../../../banks/manitoba-precalculus-40s-provincial-exams-documents/questions/mb-pc40s-2016-jun-q16.json
mb-pc40s-2016-jun-q17,2016-jun,12P.R.13,1,mcq,no-calculator,True,,mb-40s-rad-domain-range;mb-40s-rad-describe;mb-40s-rad-sqrt-f-domain;mb-40s-rad-sketch-table;mb-40s-rad-sketch-transform;mb-40s-rad-sketch-sqrt-f;mb-40s-rad-solve-graphically,inventory only; detailed coverage unassessed,../../../../../banks/manitoba-precalculus-40s-provincial-exams-documents/questions/mb-pc40s-2016-jun-q17.json
mb-pc40s-2016-jun-q18,2016-jun,12P.R.7,1,mcq,no-calculator,False,,mb-40s-log-convert;mb-40s-log-evaluate;mb-40s-log-estimate,inventory only; detailed coverage unassessed,../../../../../banks/manitoba-precalculus-40s-provincial-exams-documents/questions/mb-pc40s-2016-jun-q18.json
mb-pc40s-2016-jun-q19,2016-jun,12P.T.5,1,mcq,no-calculator,False,,mb-40s-te-verify;mb-40s-te-first-degree;mb-40s-te-first-degree-approx;mb-40s-te-double-angle;mb-40s-te-second-degree;mb-40s-te-identities;mb-40s-te-general;mb-40s-te-find-error;mb-40s-te-graphical,inventory only; detailed coverage unassessed,../../../../../banks/manitoba-precalculus-40s-provincial-exams-documents/questions/mb-pc40s-2016-jun-q19.json
mb-pc40s-2016-jun-q20,2016-jun,12P.R.13,1,mcq,no-calculator,False,,mb-40s-rad-domain-range;mb-40s-rad-describe;mb-40s-rad-sqrt-f-domain;mb-40s-rad-sketch-table;mb-40s-rad-sketch-transform;mb-40s-rad-sketch-sqrt-f;mb-40s-rad-solve-graphically,inventory only; detailed coverage unassessed,../../../../../banks/manitoba-precalculus-40s-provincial-exams-documents/questions/mb-pc40s-2016-jun-q20.json
mb-pc40s-2016-jun-q21,2016-jun,12P.R.6,1,mcq,no-calculator,False,,mb-40s-inv-linear;mb-40s-inv-quadratic;mb-40s-inv-verify;mb-40s-inv-domain-range;mb-40s-inv-is-function;mb-40s-inv-sketch,inventory only; detailed coverage unassessed,../../../../../banks/manitoba-precalculus-40s-provincial-exams-documents/questions/mb-pc40s-2016-jun-q21.json
mb-pc40s-2016-jun-q22,2016-jun,12P.T.1,1,mcq,no-calculator,True,,mb-40s-ang-deg-to-rad;mb-40s-ang-rad-to-deg;mb-40s-ang-coterminal;mb-40s-ang-coterminal-general;mb-40s-ang-arc-length;mb-40s-ang-sketch,inventory only; detailed coverage unassessed,../../../../../banks/manitoba-precalculus-40s-provincial-exams-documents/questions/mb-pc40s-2016-jun-q22.json
mb-pc40s-2016-jun-q23,2016-jun,12P.R.10,3,frq,no-calculator,False,,mb-40s-exp-common-base;mb-40s-exp-logs;mb-40s-exp-growth-decay;mb-40s-exp-finance;mb-40s-log-solve;mb-40s-log-scales,inventory only; detailed coverage unassessed,../../../../../banks/manitoba-precalculus-40s-provincial-exams-documents/questions/mb-pc40s-2016-jun-q23.json
mb-pc40s-2016-jun-q24,2016-jun,12P.T.1,1,frq,no-calculator,False,,mb-40s-ang-deg-to-rad;mb-40s-ang-rad-to-deg;mb-40s-ang-coterminal;mb-40s-ang-coterminal-general;mb-40s-ang-arc-length;mb-40s-ang-sketch,inventory only; detailed coverage unassessed,../../../../../banks/manitoba-precalculus-40s-provincial-exams-documents/questions/mb-pc40s-2016-jun-q24.json
mb-pc40s-2016-jun-q25,2016-jun,12P.R.14,4,frq,no-calculator,True,,mb-40s-rat-npv;mb-40s-rat-features;mb-40s-rat-hole;mb-40s-rat-behaviour;mb-40s-rat-sketch;mb-40s-rat-match;mb-40s-rat-solve-graphically,inventory only; detailed coverage unassessed,../../../../../banks/manitoba-precalculus-40s-provincial-exams-documents/questions/mb-pc40s-2016-jun-q25.json
mb-pc40s-2016-jun-q26,2016-jun,12P.P.4,2,frq,no-calculator,False,explanation,mb-40s-bin-pascal;mb-40s-bin-expand;mb-40s-bin-term;mb-40s-bin-term-power;mb-40s-bin-coefficient,inventory only; detailed coverage unassessed,../../../../../banks/manitoba-precalculus-40s-provincial-exams-documents/questions/mb-pc40s-2016-jun-q26.json
mb-pc40s-2016-jun-q27,2016-jun,12P.T.4,4,frq,no-calculator,True,,mb-40s-tf-characteristics-basic;mb-40s-tf-characteristics;mb-40s-tf-max-min;mb-40s-tf-equation-from-features;mb-40s-tf-model;mb-40s-tf-sketch;mb-40s-tf-equation-from-graph,inventory only; detailed coverage unassessed,../../../../../banks/manitoba-precalculus-40s-provincial-exams-documents/questions/mb-pc40s-2016-jun-q27.json
mb-pc40s-2016-jun-q28,2016-jun,12P.R.11,2,frq,no-calculator,False,,mb-40s-poly-divide;mb-40s-poly-remainder;mb-40s-poly-remainder-unknown;mb-40s-poly-factor-theorem;mb-40s-poly-factor;mb-40s-poly-solve,inventory only; detailed coverage unassessed,../../../../../banks/manitoba-precalculus-40s-provincial-exams-documents/questions/mb-pc40s-2016-jun-q28.json
mb-pc40s-2016-jun-q29,2016-jun,12P.T.6,4,frq,no-calculator,False,multipart,mb-40s-te-identities;mb-40s-id-simplify;mb-40s-id-npv;mb-40s-id-verify-numeric;mb-40s-id-exact-sum-diff;mb-40s-id-exact-double;mb-40s-id-single-function;mb-40s-id-prove,inventory only; detailed coverage unassessed,../../../../../banks/manitoba-precalculus-40s-provincial-exams-documents/questions/mb-pc40s-2016-jun-q29.json
mb-pc40s-2016-jun-q30,2016-jun,12P.R.14,1,frq,no-calculator,False,,mb-40s-rat-npv;mb-40s-rat-features;mb-40s-rat-hole;mb-40s-rat-behaviour;mb-40s-rat-sketch;mb-40s-rat-match;mb-40s-rat-solve-graphically,inventory only; detailed coverage unassessed,../../../../../banks/manitoba-precalculus-40s-provincial-exams-documents/questions/mb-pc40s-2016-jun-q30.json
mb-pc40s-2016-jun-q31,2016-jun,12P.R.9,2,frq,no-calculator,True,,mb-40s-exp-characteristics;mb-40s-exp-transformed;mb-40s-exp-sketch;mb-40s-log-characteristics;mb-40s-log-sketch,inventory only; detailed coverage unassessed,../../../../../banks/manitoba-precalculus-40s-provincial-exams-documents/questions/mb-pc40s-2016-jun-q31.json
mb-pc40s-2016-jun-q32,2016-jun,12P.P.3,3,frq,no-calculator,False,,mb-40s-pc-combinations;mb-40s-pc-combination-cases;mb-40s-pc-ncr-equation;mb-40s-pc-which,inventory only; detailed coverage unassessed,../../../../../banks/manitoba-precalculus-40s-provincial-exams-documents/questions/mb-pc40s-2016-jun-q32.json
mb-pc40s-2016-jun-q33,2016-jun,12P.T.5,1,frq,no-calculator,False,error-analysis,mb-40s-te-verify;mb-40s-te-first-degree;mb-40s-te-first-degree-approx;mb-40s-te-double-angle;mb-40s-te-second-degree;mb-40s-te-identities;mb-40s-te-general;mb-40s-te-find-error;mb-40s-te-graphical,inventory only; detailed coverage unassessed,../../../../../banks/manitoba-precalculus-40s-provincial-exams-documents/questions/mb-pc40s-2016-jun-q33.json
mb-pc40s-2016-jun-q34,2016-jun,12P.R.12,3,frq,no-calculator,True,,mb-40s-poly-solve;mb-40s-poly-zeros-multiplicity;mb-40s-poly-end-behaviour;mb-40s-poly-identify;mb-40s-poly-write;mb-40s-poly-model;mb-40s-poly-sketch;mb-40s-poly-match;mb-40s-poly-from-graph,inventory only; detailed coverage unassessed,../../../../../banks/manitoba-precalculus-40s-provincial-exams-documents/questions/mb-pc40s-2016-jun-q34.json
mb-pc40s-2016-jun-q35,2016-jun,12P.T.2,2,frq,no-calculator,True,,mb-40s-uc-point;mb-40s-uc-circle-equation,inventory only; detailed coverage unassessed,../../../../../banks/manitoba-precalculus-40s-provincial-exams-documents/questions/mb-pc40s-2016-jun-q35.json
mb-pc40s-2016-jun-q36,2016-jun,12P.R.1,2,frq,no-calculator,True,,mb-40s-op-equation;mb-40s-op-domain;mb-40s-op-evaluate;mb-40s-op-compose-evaluate;mb-40s-op-compose-equation;mb-40s-op-decompose;mb-40s-op-from-graphs;mb-40s-op-sketch;mb-40s-op-abs-reciprocal,inventory only; detailed coverage unassessed,../../../../../banks/manitoba-precalculus-40s-provincial-exams-documents/questions/mb-pc40s-2016-jun-q36.json
mb-pc40s-2016-jun-q37,2016-jun,12P.R.12,3,frq,no-calculator,True,,mb-40s-poly-solve;mb-40s-poly-zeros-multiplicity;mb-40s-poly-end-behaviour;mb-40s-poly-identify;mb-40s-poly-write;mb-40s-poly-model;mb-40s-poly-sketch;mb-40s-poly-match;mb-40s-poly-from-graph,inventory only; detailed coverage unassessed,../../../../../banks/manitoba-precalculus-40s-provincial-exams-documents/questions/mb-pc40s-2016-jun-q37.json
mb-pc40s-2016-jun-q38,2016-jun,12P.R.6,1,frq,no-calculator,True,,mb-40s-inv-linear;mb-40s-inv-quadratic;mb-40s-inv-verify;mb-40s-inv-domain-range;mb-40s-inv-is-function;mb-40s-inv-sketch,inventory only; detailed coverage unassessed,../../../../../banks/manitoba-precalculus-40s-provincial-exams-documents/questions/mb-pc40s-2016-jun-q38.json
mb-pc40s-2016-jun-q39,2016-jun,12P.R.13,3,frq,no-calculator,True,,mb-40s-rad-domain-range;mb-40s-rad-describe;mb-40s-rad-sqrt-f-domain;mb-40s-rad-sketch-table;mb-40s-rad-sketch-transform;mb-40s-rad-sketch-sqrt-f;mb-40s-rad-solve-graphically,inventory only; detailed coverage unassessed,../../../../../banks/manitoba-precalculus-40s-provincial-exams-documents/questions/mb-pc40s-2016-jun-q39.json
mb-pc40s-2016-jun-q40,2016-jun,12P.T.4,3,frq,no-calculator,False,multipart,mb-40s-tf-characteristics-basic;mb-40s-tf-characteristics;mb-40s-tf-max-min;mb-40s-tf-equation-from-features;mb-40s-tf-model;mb-40s-tf-sketch;mb-40s-tf-equation-from-graph,inventory only; detailed coverage unassessed,../../../../../banks/manitoba-precalculus-40s-provincial-exams-documents/questions/mb-pc40s-2016-jun-q40.json
mb-pc40s-2016-jun-q41,2016-jun,12P.R.13,1,frq,no-calculator,True,error-analysis,mb-40s-rad-domain-range;mb-40s-rad-describe;mb-40s-rad-sqrt-f-domain;mb-40s-rad-sketch-table;mb-40s-rad-sketch-transform;mb-40s-rad-sketch-sqrt-f;mb-40s-rad-solve-graphically,inventory only; detailed coverage unassessed,../../../../../banks/manitoba-precalculus-40s-provincial-exams-documents/questions/mb-pc40s-2016-jun-q41.json
mb-pc40s-2016-jun-q42,2016-jun,12P.R.10,3,frq,no-calculator,False,,mb-40s-exp-common-base;mb-40s-exp-logs;mb-40s-exp-growth-decay;mb-40s-exp-finance;mb-40s-log-solve;mb-40s-log-scales,inventory only; detailed coverage unassessed,../../../../../banks/manitoba-precalculus-40s-provincial-exams-documents/questions/mb-pc40s-2016-jun-q42.json
mb-pc40s-2017-jan-q01,2017-jan,12P.P.3,1,frq,calculator-active,False,,mb-40s-pc-combinations;mb-40s-pc-combination-cases;mb-40s-pc-ncr-equation;mb-40s-pc-which,inventory only; detailed coverage unassessed,../../../../../banks/manitoba-precalculus-40s-provincial-exams-documents/questions/mb-pc40s-2017-jan-q01.json
mb-pc40s-2017-jan-q02,2017-jan,12P.T.1,2,frq,calculator-active,False,multipart,mb-40s-ang-deg-to-rad;mb-40s-ang-rad-to-deg;mb-40s-ang-coterminal;mb-40s-ang-coterminal-general;mb-40s-ang-arc-length;mb-40s-ang-sketch,inventory only; detailed coverage unassessed,../../../../../banks/manitoba-precalculus-40s-provincial-exams-documents/questions/mb-pc40s-2017-jan-q02.json
mb-pc40s-2017-jan-q03,2017-jan,12P.R.10,3,frq,calculator-active,False,,mb-40s-exp-common-base;mb-40s-exp-logs;mb-40s-exp-growth-decay;mb-40s-exp-finance;mb-40s-log-solve;mb-40s-log-scales,inventory only; detailed coverage unassessed,../../../../../banks/manitoba-precalculus-40s-provincial-exams-documents/questions/mb-pc40s-2017-jan-q03.json
mb-pc40s-2017-jan-q04,2017-jan,12P.P.2,2,frq,calculator-active,False,,mb-40s-pc-factorial;mb-40s-pc-permutations;mb-40s-pc-identical;mb-40s-pc-conditions;mb-40s-pc-npr-equation;mb-40s-pc-which,inventory only; detailed coverage unassessed,../../../../../banks/manitoba-precalculus-40s-provincial-exams-documents/questions/mb-pc40s-2017-jan-q04.json
mb-pc40s-2017-jan-q05,2017-jan,12P.T.5,3,frq,no-calculator,False,,mb-40s-te-verify;mb-40s-te-first-degree;mb-40s-te-first-degree-approx;mb-40s-te-double-angle;mb-40s-te-second-degree;mb-40s-te-identities;mb-40s-te-general;mb-40s-te-find-error;mb-40s-te-graphical,inventory only; detailed coverage unassessed,../../../../../banks/manitoba-precalculus-40s-provincial-exams-documents/questions/mb-pc40s-2017-jan-q05.json
mb-pc40s-2017-jan-q06,2017-jan,12P.P.4,2,frq,no-calculator,False,,mb-40s-bin-pascal;mb-40s-bin-expand;mb-40s-bin-term;mb-40s-bin-term-power;mb-40s-bin-coefficient,inventory only; detailed coverage unassessed,../../../../../banks/manitoba-precalculus-40s-provincial-exams-documents/questions/mb-pc40s-2017-jan-q06.json
mb-pc40s-2017-jan-q07,2017-jan,12P.T.1,1,frq,no-calculator,False,,mb-40s-ang-deg-to-rad;mb-40s-ang-rad-to-deg;mb-40s-ang-coterminal;mb-40s-ang-coterminal-general;mb-40s-ang-arc-length;mb-40s-ang-sketch,inventory only; detailed coverage unassessed,../../../../../banks/manitoba-precalculus-40s-provincial-exams-documents/questions/mb-pc40s-2017-jan-q07.json
mb-pc40s-2017-jan-q08,2017-jan,12P.T.1,1,frq,no-calculator,True,error-analysis,mb-40s-ang-deg-to-rad;mb-40s-ang-rad-to-deg;mb-40s-ang-coterminal;mb-40s-ang-coterminal-general;mb-40s-ang-arc-length;mb-40s-ang-sketch,inventory only; detailed coverage unassessed,../../../../../banks/manitoba-precalculus-40s-provincial-exams-documents/questions/mb-pc40s-2017-jan-q08.json
mb-pc40s-2017-jan-q09,2017-jan,12P.T.6,4,frq,no-calculator,False,identity-proof;multipart,mb-40s-te-identities;mb-40s-id-simplify;mb-40s-id-npv;mb-40s-id-verify-numeric;mb-40s-id-exact-sum-diff;mb-40s-id-exact-double;mb-40s-id-single-function;mb-40s-id-prove,inventory only; detailed coverage unassessed,../../../../../banks/manitoba-precalculus-40s-provincial-exams-documents/questions/mb-pc40s-2017-jan-q09.json
mb-pc40s-2017-jan-q10,2017-jan,12P.R.8,2,frq,no-calculator,False,,mb-40s-log-expand;mb-40s-log-condense;mb-40s-log-evaluate-laws;mb-40s-log-approx;mb-40s-log-prove-law,inventory only; detailed coverage unassessed,../../../../../banks/manitoba-precalculus-40s-provincial-exams-documents/questions/mb-pc40s-2017-jan-q10.json
mb-pc40s-2017-jan-q11,2017-jan,12P.R.4,2,frq,no-calculator,True,,mb-40s-tr-describe;mb-40s-tr-write-equation;mb-40s-tr-map-point;mb-40s-tr-mapping-rule;mb-40s-tr-domain-range;mb-40s-tr-sketch-combined;mb-40s-tr-equation-from-graph,inventory only; detailed coverage unassessed,../../../../../banks/manitoba-precalculus-40s-provincial-exams-documents/questions/mb-pc40s-2017-jan-q11.json
mb-pc40s-2017-jan-q12,2017-jan,12P.R.6,1,frq,no-calculator,True,explanation,mb-40s-inv-linear;mb-40s-inv-quadratic;mb-40s-inv-verify;mb-40s-inv-domain-range;mb-40s-inv-is-function;mb-40s-inv-sketch,inventory only; detailed coverage unassessed,../../../../../banks/manitoba-precalculus-40s-provincial-exams-documents/questions/mb-pc40s-2017-jan-q12.json
mb-pc40s-2017-jan-q13,2017-jan,12P.R.10,2,frq,no-calculator,False,,mb-40s-exp-common-base;mb-40s-exp-logs;mb-40s-exp-growth-decay;mb-40s-exp-finance;mb-40s-log-solve;mb-40s-log-scales,inventory only; detailed coverage unassessed,../../../../../banks/manitoba-precalculus-40s-provincial-exams-documents/questions/mb-pc40s-2017-jan-q13.json
mb-pc40s-2017-jan-q14,2017-jan,12P.R.4,2,frq,no-calculator,False,,mb-40s-tr-describe;mb-40s-tr-write-equation;mb-40s-tr-map-point;mb-40s-tr-mapping-rule;mb-40s-tr-domain-range;mb-40s-tr-sketch-combined;mb-40s-tr-equation-from-graph,inventory only; detailed coverage unassessed,../../../../../banks/manitoba-precalculus-40s-provincial-exams-documents/questions/mb-pc40s-2017-jan-q14.json
mb-pc40s-2017-jan-q15,2017-jan,12P.P.3,3,frq,no-calculator,False,,mb-40s-pc-combinations;mb-40s-pc-combination-cases;mb-40s-pc-ncr-equation;mb-40s-pc-which,inventory only; detailed coverage unassessed,../../../../../banks/manitoba-precalculus-40s-provincial-exams-documents/questions/mb-pc40s-2017-jan-q15.json
mb-pc40s-2017-jan-q16,2017-jan,12P.R.1,3,frq,no-calculator,True,,mb-40s-op-equation;mb-40s-op-domain;mb-40s-op-evaluate;mb-40s-op-compose-evaluate;mb-40s-op-compose-equation;mb-40s-op-decompose;mb-40s-op-from-graphs;mb-40s-op-sketch;mb-40s-op-abs-reciprocal,inventory only; detailed coverage unassessed,../../../../../banks/manitoba-precalculus-40s-provincial-exams-documents/questions/mb-pc40s-2017-jan-q16.json
mb-pc40s-2017-jan-q17,2017-jan,12P.R.12,1,frq,no-calculator,False,explanation,mb-40s-poly-solve;mb-40s-poly-zeros-multiplicity;mb-40s-poly-end-behaviour;mb-40s-poly-identify;mb-40s-poly-write;mb-40s-poly-model;mb-40s-poly-sketch;mb-40s-poly-match;mb-40s-poly-from-graph,inventory only; detailed coverage unassessed,../../../../../banks/manitoba-precalculus-40s-provincial-exams-documents/questions/mb-pc40s-2017-jan-q17.json
mb-pc40s-2017-jan-q18,2017-jan,12P.R.1,2,frq,no-calculator,True,,mb-40s-op-equation;mb-40s-op-domain;mb-40s-op-evaluate;mb-40s-op-compose-evaluate;mb-40s-op-compose-equation;mb-40s-op-decompose;mb-40s-op-from-graphs;mb-40s-op-sketch;mb-40s-op-abs-reciprocal,inventory only; detailed coverage unassessed,../../../../../banks/manitoba-precalculus-40s-provincial-exams-documents/questions/mb-pc40s-2017-jan-q18.json
mb-pc40s-2017-jan-q19,2017-jan,12P.T.6,1,mcq,no-calculator,False,,mb-40s-te-identities;mb-40s-id-simplify;mb-40s-id-npv;mb-40s-id-verify-numeric;mb-40s-id-exact-sum-diff;mb-40s-id-exact-double;mb-40s-id-single-function;mb-40s-id-prove,inventory only; detailed coverage unassessed,../../../../../banks/manitoba-precalculus-40s-provincial-exams-documents/questions/mb-pc40s-2017-jan-q19.json
mb-pc40s-2017-jan-q20,2017-jan,12P.R.7,1,mcq,no-calculator,False,,mb-40s-log-convert;mb-40s-log-evaluate;mb-40s-log-estimate,inventory only; detailed coverage unassessed,../../../../../banks/manitoba-precalculus-40s-provincial-exams-documents/questions/mb-pc40s-2017-jan-q20.json
mb-pc40s-2017-jan-q21,2017-jan,12P.T.4,1,mcq,no-calculator,False,,mb-40s-tf-characteristics-basic;mb-40s-tf-characteristics;mb-40s-tf-max-min;mb-40s-tf-equation-from-features;mb-40s-tf-model;mb-40s-tf-sketch;mb-40s-tf-equation-from-graph,inventory only; detailed coverage unassessed,../../../../../banks/manitoba-precalculus-40s-provincial-exams-documents/questions/mb-pc40s-2017-jan-q21.json
mb-pc40s-2017-jan-q22,2017-jan,12P.P.4,1,mcq,no-calculator,False,,mb-40s-bin-pascal;mb-40s-bin-expand;mb-40s-bin-term;mb-40s-bin-term-power;mb-40s-bin-coefficient,inventory only; detailed coverage unassessed,../../../../../banks/manitoba-precalculus-40s-provincial-exams-documents/questions/mb-pc40s-2017-jan-q22.json
mb-pc40s-2017-jan-q23,2017-jan,12P.T.5,1,mcq,no-calculator,True,,mb-40s-te-verify;mb-40s-te-first-degree;mb-40s-te-first-degree-approx;mb-40s-te-double-angle;mb-40s-te-second-degree;mb-40s-te-identities;mb-40s-te-general;mb-40s-te-find-error;mb-40s-te-graphical,inventory only; detailed coverage unassessed,../../../../../banks/manitoba-precalculus-40s-provincial-exams-documents/questions/mb-pc40s-2017-jan-q23.json
mb-pc40s-2017-jan-q24,2017-jan,12P.R.6,1,mcq,no-calculator,True,,mb-40s-inv-linear;mb-40s-inv-quadratic;mb-40s-inv-verify;mb-40s-inv-domain-range;mb-40s-inv-is-function;mb-40s-inv-sketch,inventory only; detailed coverage unassessed,../../../../../banks/manitoba-precalculus-40s-provincial-exams-documents/questions/mb-pc40s-2017-jan-q24.json
mb-pc40s-2017-jan-q25,2017-jan,12P.R.11,1,mcq,no-calculator,False,,mb-40s-poly-divide;mb-40s-poly-remainder;mb-40s-poly-remainder-unknown;mb-40s-poly-factor-theorem;mb-40s-poly-factor;mb-40s-poly-solve,inventory only; detailed coverage unassessed,../../../../../banks/manitoba-precalculus-40s-provincial-exams-documents/questions/mb-pc40s-2017-jan-q25.json
mb-pc40s-2017-jan-q26,2017-jan,12P.T.3,1,mcq,no-calculator,False,,mb-40s-ratio-exact;mb-40s-ratio-approx;mb-40s-ratio-terminal-point;mb-40s-ratio-terminal-angle;mb-40s-ratio-given-one;mb-40s-ratio-find-angles;mb-40s-ratio-problem,inventory only; detailed coverage unassessed,../../../../../banks/manitoba-precalculus-40s-provincial-exams-documents/questions/mb-pc40s-2017-jan-q26.json
mb-pc40s-2017-jan-q27,2017-jan,12P.R.12,2,matching,no-calculator,True,multipart,mb-40s-poly-solve;mb-40s-poly-zeros-multiplicity;mb-40s-poly-end-behaviour;mb-40s-poly-identify;mb-40s-poly-write;mb-40s-poly-model;mb-40s-poly-sketch;mb-40s-poly-match;mb-40s-poly-from-graph,inventory only; detailed coverage unassessed,../../../../../banks/manitoba-precalculus-40s-provincial-exams-documents/questions/mb-pc40s-2017-jan-q27.json
mb-pc40s-2017-jan-q28,2017-jan,12P.R.8,2,frq,no-calculator,False,,mb-40s-log-expand;mb-40s-log-condense;mb-40s-log-evaluate-laws;mb-40s-log-approx;mb-40s-log-prove-law,inventory only; detailed coverage unassessed,../../../../../banks/manitoba-precalculus-40s-provincial-exams-documents/questions/mb-pc40s-2017-jan-q28.json
mb-pc40s-2017-jan-q29,2017-jan,12P.R.13,4,frq,no-calculator,True,,mb-40s-rad-domain-range;mb-40s-rad-describe;mb-40s-rad-sqrt-f-domain;mb-40s-rad-sketch-table;mb-40s-rad-sketch-transform;mb-40s-rad-sketch-sqrt-f;mb-40s-rad-solve-graphically,inventory only; detailed coverage unassessed,../../../../../banks/manitoba-precalculus-40s-provincial-exams-documents/questions/mb-pc40s-2017-jan-q29.json
mb-pc40s-2017-jan-q30,2017-jan,12P.P.2,1,frq,no-calculator,False,explanation,mb-40s-pc-factorial;mb-40s-pc-permutations;mb-40s-pc-identical;mb-40s-pc-conditions;mb-40s-pc-npr-equation;mb-40s-pc-which,inventory only; detailed coverage unassessed,../../../../../banks/manitoba-precalculus-40s-provincial-exams-documents/questions/mb-pc40s-2017-jan-q30.json
mb-pc40s-2017-jan-q31,2017-jan,12P.R.1,4,frq,no-calculator,True,multipart,mb-40s-op-equation;mb-40s-op-domain;mb-40s-op-evaluate;mb-40s-op-compose-evaluate;mb-40s-op-compose-equation;mb-40s-op-decompose;mb-40s-op-from-graphs;mb-40s-op-sketch;mb-40s-op-abs-reciprocal,inventory only; detailed coverage unassessed,../../../../../banks/manitoba-precalculus-40s-provincial-exams-documents/questions/mb-pc40s-2017-jan-q31.json
mb-pc40s-2017-jan-q32,2017-jan,12P.T.6,4,frq,no-calculator,True,multipart,mb-40s-te-identities;mb-40s-id-simplify;mb-40s-id-npv;mb-40s-id-verify-numeric;mb-40s-id-exact-sum-diff;mb-40s-id-exact-double;mb-40s-id-single-function;mb-40s-id-prove,inventory only; detailed coverage unassessed,../../../../../banks/manitoba-precalculus-40s-provincial-exams-documents/questions/mb-pc40s-2017-jan-q32.json
mb-pc40s-2017-jan-q33,2017-jan,12P.R.13,2,frq,no-calculator,False,,mb-40s-rad-domain-range;mb-40s-rad-describe;mb-40s-rad-sqrt-f-domain;mb-40s-rad-sketch-table;mb-40s-rad-sketch-transform;mb-40s-rad-sketch-sqrt-f;mb-40s-rad-solve-graphically,inventory only; detailed coverage unassessed,../../../../../banks/manitoba-precalculus-40s-provincial-exams-documents/questions/mb-pc40s-2017-jan-q33.json
mb-pc40s-2017-jan-q34,2017-jan,12P.R.7,1,frq,no-calculator,False,explanation,mb-40s-log-convert;mb-40s-log-evaluate;mb-40s-log-estimate,inventory only; detailed coverage unassessed,../../../../../banks/manitoba-precalculus-40s-provincial-exams-documents/questions/mb-pc40s-2017-jan-q34.json
mb-pc40s-2017-jan-q35,2017-jan,12P.R.14,2,frq,no-calculator,True,,mb-40s-rat-npv;mb-40s-rat-features;mb-40s-rat-hole;mb-40s-rat-behaviour;mb-40s-rat-sketch;mb-40s-rat-match;mb-40s-rat-solve-graphically,inventory only; detailed coverage unassessed,../../../../../banks/manitoba-precalculus-40s-provincial-exams-documents/questions/mb-pc40s-2017-jan-q35.json
mb-pc40s-2017-jan-q36,2017-jan,12P.T.3,3,frq,no-calculator,False,,mb-40s-ratio-exact;mb-40s-ratio-approx;mb-40s-ratio-terminal-point;mb-40s-ratio-terminal-angle;mb-40s-ratio-given-one;mb-40s-ratio-find-angles;mb-40s-ratio-problem,inventory only; detailed coverage unassessed,../../../../../banks/manitoba-precalculus-40s-provincial-exams-documents/questions/mb-pc40s-2017-jan-q36.json
mb-pc40s-2017-jan-q37,2017-jan,12P.R.5,1,frq,no-calculator,False,,mb-40s-tr-reflect-point;mb-40s-tr-reflect-equation;mb-40s-tr-reflect-sketch,inventory only; detailed coverage unassessed,../../../../../banks/manitoba-precalculus-40s-provincial-exams-documents/questions/mb-pc40s-2017-jan-q37.json
mb-pc40s-2017-jan-q38,2017-jan,12P.R.14,2,frq,no-calculator,False,,mb-40s-rat-npv;mb-40s-rat-features;mb-40s-rat-hole;mb-40s-rat-behaviour;mb-40s-rat-sketch;mb-40s-rat-match;mb-40s-rat-solve-graphically,inventory only; detailed coverage unassessed,../../../../../banks/manitoba-precalculus-40s-provincial-exams-documents/questions/mb-pc40s-2017-jan-q38.json
mb-pc40s-2017-jan-q39,2017-jan,12P.R.11,2,frq,no-calculator,False,,mb-40s-poly-divide;mb-40s-poly-remainder;mb-40s-poly-remainder-unknown;mb-40s-poly-factor-theorem;mb-40s-poly-factor;mb-40s-poly-solve,inventory only; detailed coverage unassessed,../../../../../banks/manitoba-precalculus-40s-provincial-exams-documents/questions/mb-pc40s-2017-jan-q39.json
mb-pc40s-2017-jan-q40,2017-jan,12P.R.9,3,frq,no-calculator,True,,mb-40s-exp-characteristics;mb-40s-exp-transformed;mb-40s-exp-sketch;mb-40s-log-characteristics;mb-40s-log-sketch,inventory only; detailed coverage unassessed,../../../../../banks/manitoba-precalculus-40s-provincial-exams-documents/questions/mb-pc40s-2017-jan-q40.json
mb-pc40s-2017-jan-q41,2017-jan,12P.R.1,1,frq,no-calculator,False,explanation,mb-40s-op-equation;mb-40s-op-domain;mb-40s-op-evaluate;mb-40s-op-compose-evaluate;mb-40s-op-compose-equation;mb-40s-op-decompose;mb-40s-op-from-graphs;mb-40s-op-sketch;mb-40s-op-abs-reciprocal,inventory only; detailed coverage unassessed,../../../../../banks/manitoba-precalculus-40s-provincial-exams-documents/questions/mb-pc40s-2017-jan-q41.json
mb-pc40s-2017-jan-q42,2017-jan,12P.T.4,3,frq,no-calculator,True,,mb-40s-tf-characteristics-basic;mb-40s-tf-characteristics;mb-40s-tf-max-min;mb-40s-tf-equation-from-features;mb-40s-tf-model;mb-40s-tf-sketch;mb-40s-tf-equation-from-graph,inventory only; detailed coverage unassessed,../../../../../banks/manitoba-precalculus-40s-provincial-exams-documents/questions/mb-pc40s-2017-jan-q42.json
mb-pc40s-2017-jan-q43,2017-jan,12P.R.9,1,frq,no-calculator,False,explanation,mb-40s-exp-characteristics;mb-40s-exp-transformed;mb-40s-exp-sketch;mb-40s-log-characteristics;mb-40s-log-sketch,inventory only; detailed coverage unassessed,../../../../../banks/manitoba-precalculus-40s-provincial-exams-documents/questions/mb-pc40s-2017-jan-q43.json
mb-pc40s-2017-jan-q44,2017-jan,12P.T.2,2,frq,no-calculator,False,,mb-40s-uc-point;mb-40s-uc-circle-equation,inventory only; detailed coverage unassessed,../../../../../banks/manitoba-precalculus-40s-provincial-exams-documents/questions/mb-pc40s-2017-jan-q44.json
mb-pc40s-2017-jan-q45,2017-jan,12P.R.12,3,frq,no-calculator,True,,mb-40s-poly-solve;mb-40s-poly-zeros-multiplicity;mb-40s-poly-end-behaviour;mb-40s-poly-identify;mb-40s-poly-write;mb-40s-poly-model;mb-40s-poly-sketch;mb-40s-poly-match;mb-40s-poly-from-graph,inventory only; detailed coverage unassessed,../../../../../banks/manitoba-precalculus-40s-provincial-exams-documents/questions/mb-pc40s-2017-jan-q45.json
mb-pc40s-2017-jan-q46,2017-jan,12P.P.1,2,frq,no-calculator,False,,mb-40s-pc-fcp,inventory only; detailed coverage unassessed,../../../../../banks/manitoba-precalculus-40s-provincial-exams-documents/questions/mb-pc40s-2017-jan-q46.json
mb-pc40s-2017-jun-q01,2017-jun,12P.T.1,2,frq,calculator-active,True,,mb-40s-ang-deg-to-rad;mb-40s-ang-rad-to-deg;mb-40s-ang-coterminal;mb-40s-ang-coterminal-general;mb-40s-ang-arc-length;mb-40s-ang-sketch,inventory only; detailed coverage unassessed,../../../../../banks/manitoba-precalculus-40s-provincial-exams-documents/questions/mb-pc40s-2017-jun-q01.json
mb-pc40s-2017-jun-q02,2017-jun,12P.P.3,2,frq,calculator-active,False,,mb-40s-pc-combinations;mb-40s-pc-combination-cases;mb-40s-pc-ncr-equation;mb-40s-pc-which,inventory only; detailed coverage unassessed,../../../../../banks/manitoba-precalculus-40s-provincial-exams-documents/questions/mb-pc40s-2017-jun-q02.json
mb-pc40s-2017-jun-q03,2017-jun,12P.R.10,2,frq,calculator-active,False,,mb-40s-exp-common-base;mb-40s-exp-logs;mb-40s-exp-growth-decay;mb-40s-exp-finance;mb-40s-log-solve;mb-40s-log-scales,inventory only; detailed coverage unassessed,../../../../../banks/manitoba-precalculus-40s-provincial-exams-documents/questions/mb-pc40s-2017-jun-q03.json
mb-pc40s-2017-jun-q04,2017-jun,12P.P.4,3,frq,calculator-active,False,,mb-40s-bin-pascal;mb-40s-bin-expand;mb-40s-bin-term;mb-40s-bin-term-power;mb-40s-bin-coefficient,inventory only; detailed coverage unassessed,../../../../../banks/manitoba-precalculus-40s-provincial-exams-documents/questions/mb-pc40s-2017-jun-q04.json
mb-pc40s-2017-jun-q05,2017-jun,12P.T.5,3,frq,calculator-active,False,,mb-40s-te-verify;mb-40s-te-first-degree;mb-40s-te-first-degree-approx;mb-40s-te-double-angle;mb-40s-te-second-degree;mb-40s-te-identities;mb-40s-te-general;mb-40s-te-find-error;mb-40s-te-graphical,inventory only; detailed coverage unassessed,../../../../../banks/manitoba-precalculus-40s-provincial-exams-documents/questions/mb-pc40s-2017-jun-q05.json
mb-pc40s-2017-jun-q06,2017-jun,12P.R.4,2,frq,no-calculator,True,,mb-40s-tr-describe;mb-40s-tr-write-equation;mb-40s-tr-map-point;mb-40s-tr-mapping-rule;mb-40s-tr-domain-range;mb-40s-tr-sketch-combined;mb-40s-tr-equation-from-graph,inventory only; detailed coverage unassessed,../../../../../banks/manitoba-precalculus-40s-provincial-exams-documents/questions/mb-pc40s-2017-jun-q06.json
mb-pc40s-2017-jun-q07,2017-jun,12P.T.2,2,frq,no-calculator,True,,mb-40s-uc-point;mb-40s-uc-circle-equation,inventory only; detailed coverage unassessed,../../../../../banks/manitoba-precalculus-40s-provincial-exams-documents/questions/mb-pc40s-2017-jun-q07.json
mb-pc40s-2017-jun-q08,2017-jun,12P.P.2,3,frq,no-calculator,False,,mb-40s-pc-factorial;mb-40s-pc-permutations;mb-40s-pc-identical;mb-40s-pc-conditions;mb-40s-pc-npr-equation;mb-40s-pc-which,inventory only; detailed coverage unassessed,../../../../../banks/manitoba-precalculus-40s-provincial-exams-documents/questions/mb-pc40s-2017-jun-q08.json
mb-pc40s-2017-jun-q09,2017-jun,12P.R.13,2,frq,no-calculator,True,,mb-40s-rad-domain-range;mb-40s-rad-describe;mb-40s-rad-sqrt-f-domain;mb-40s-rad-sketch-table;mb-40s-rad-sketch-transform;mb-40s-rad-sketch-sqrt-f;mb-40s-rad-solve-graphically,inventory only; detailed coverage unassessed,../../../../../banks/manitoba-precalculus-40s-provincial-exams-documents/questions/mb-pc40s-2017-jun-q09.json
mb-pc40s-2017-jun-q10,2017-jun,12P.R.12,2,frq,no-calculator,True,,mb-40s-poly-solve;mb-40s-poly-zeros-multiplicity;mb-40s-poly-end-behaviour;mb-40s-poly-identify;mb-40s-poly-write;mb-40s-poly-model;mb-40s-poly-sketch;mb-40s-poly-match;mb-40s-poly-from-graph,inventory only; detailed coverage unassessed,../../../../../banks/manitoba-precalculus-40s-provincial-exams-documents/questions/mb-pc40s-2017-jun-q10.json
mb-pc40s-2017-jun-q11,2017-jun,12P.P.1,1,frq,no-calculator,False,,mb-40s-pc-fcp,inventory only; detailed coverage unassessed,../../../../../banks/manitoba-precalculus-40s-provincial-exams-documents/questions/mb-pc40s-2017-jun-q11.json
mb-pc40s-2017-jun-q12,2017-jun,12P.R.6,2,frq,no-calculator,False,explanation,mb-40s-inv-linear;mb-40s-inv-quadratic;mb-40s-inv-verify;mb-40s-inv-domain-range;mb-40s-inv-is-function;mb-40s-inv-sketch,inventory only; detailed coverage unassessed,../../../../../banks/manitoba-precalculus-40s-provincial-exams-documents/questions/mb-pc40s-2017-jun-q12.json
mb-pc40s-2017-jun-q13,2017-jun,12P.R.13,1,frq,no-calculator,True,,mb-40s-rad-domain-range;mb-40s-rad-describe;mb-40s-rad-sqrt-f-domain;mb-40s-rad-sketch-table;mb-40s-rad-sketch-transform;mb-40s-rad-sketch-sqrt-f;mb-40s-rad-solve-graphically,inventory only; detailed coverage unassessed,../../../../../banks/manitoba-precalculus-40s-provincial-exams-documents/questions/mb-pc40s-2017-jun-q13.json
mb-pc40s-2017-jun-q14,2017-jun,12P.T.1,1,frq,no-calculator,True,explanation,mb-40s-ang-deg-to-rad;mb-40s-ang-rad-to-deg;mb-40s-ang-coterminal;mb-40s-ang-coterminal-general;mb-40s-ang-arc-length;mb-40s-ang-sketch,inventory only; detailed coverage unassessed,../../../../../banks/manitoba-precalculus-40s-provincial-exams-documents/questions/mb-pc40s-2017-jun-q14.json
mb-pc40s-2017-jun-q15,2017-jun,12P.T.6,3,frq,no-calculator,False,,mb-40s-te-identities;mb-40s-id-simplify;mb-40s-id-npv;mb-40s-id-verify-numeric;mb-40s-id-exact-sum-diff;mb-40s-id-exact-double;mb-40s-id-single-function;mb-40s-id-prove,inventory only; detailed coverage unassessed,../../../../../banks/manitoba-precalculus-40s-provincial-exams-documents/questions/mb-pc40s-2017-jun-q15.json
mb-pc40s-2017-jun-q16,2017-jun,12P.R.3,1,frq,no-calculator,False,,mb-40s-tr-describe;mb-40s-tr-write-equation;mb-40s-tr-map-point;mb-40s-tr-sketch-stretch;mb-40s-tr-equation-from-graph,inventory only; detailed coverage unassessed,../../../../../banks/manitoba-precalculus-40s-provincial-exams-documents/questions/mb-pc40s-2017-jun-q16.json
mb-pc40s-2017-jun-q17,2017-jun,12P.T.5,1,frq,no-calculator,False,error-analysis,mb-40s-te-verify;mb-40s-te-first-degree;mb-40s-te-first-degree-approx;mb-40s-te-double-angle;mb-40s-te-second-degree;mb-40s-te-identities;mb-40s-te-general;mb-40s-te-find-error;mb-40s-te-graphical,inventory only; detailed coverage unassessed,../../../../../banks/manitoba-precalculus-40s-provincial-exams-documents/questions/mb-pc40s-2017-jun-q17.json
mb-pc40s-2017-jun-q18,2017-jun,12P.R.2,1,mcq,no-calculator,False,,mb-40s-tr-describe;mb-40s-tr-write-equation;mb-40s-tr-map-point;mb-40s-tr-sketch-translation;mb-40s-tr-equation-from-graph,inventory only; detailed coverage unassessed,../../../../../banks/manitoba-precalculus-40s-provincial-exams-documents/questions/mb-pc40s-2017-jun-q18.json
mb-pc40s-2017-jun-q19,2017-jun,12P.R.5,1,mcq,no-calculator,False,,mb-40s-tr-reflect-point;mb-40s-tr-reflect-equation;mb-40s-tr-reflect-sketch,inventory only; detailed coverage unassessed,../../../../../banks/manitoba-precalculus-40s-provincial-exams-documents/questions/mb-pc40s-2017-jun-q19.json
mb-pc40s-2017-jun-q20,2017-jun,12P.R.7,1,mcq,no-calculator,False,,mb-40s-log-convert;mb-40s-log-evaluate;mb-40s-log-estimate,inventory only; detailed coverage unassessed,../../../../../banks/manitoba-precalculus-40s-provincial-exams-documents/questions/mb-pc40s-2017-jun-q20.json
mb-pc40s-2017-jun-q21,2017-jun,12P.T.4,1,mcq,no-calculator,True,,mb-40s-tf-characteristics-basic;mb-40s-tf-characteristics;mb-40s-tf-max-min;mb-40s-tf-equation-from-features;mb-40s-tf-model;mb-40s-tf-sketch;mb-40s-tf-equation-from-graph,inventory only; detailed coverage unassessed,../../../../../banks/manitoba-precalculus-40s-provincial-exams-documents/questions/mb-pc40s-2017-jun-q21.json
mb-pc40s-2017-jun-q22,2017-jun,12P.R.9,1,mcq,no-calculator,True,,mb-40s-exp-characteristics;mb-40s-exp-transformed;mb-40s-exp-sketch;mb-40s-log-characteristics;mb-40s-log-sketch,inventory only; detailed coverage unassessed,../../../../../banks/manitoba-precalculus-40s-provincial-exams-documents/questions/mb-pc40s-2017-jun-q22.json
mb-pc40s-2017-jun-q23,2017-jun,12P.R.12,1,mcq,no-calculator,False,,mb-40s-poly-solve;mb-40s-poly-zeros-multiplicity;mb-40s-poly-end-behaviour;mb-40s-poly-identify;mb-40s-poly-write;mb-40s-poly-model;mb-40s-poly-sketch;mb-40s-poly-match;mb-40s-poly-from-graph,inventory only; detailed coverage unassessed,../../../../../banks/manitoba-precalculus-40s-provincial-exams-documents/questions/mb-pc40s-2017-jun-q23.json
mb-pc40s-2017-jun-q24,2017-jun,12P.T.1,1,mcq,no-calculator,False,,mb-40s-ang-deg-to-rad;mb-40s-ang-rad-to-deg;mb-40s-ang-coterminal;mb-40s-ang-coterminal-general;mb-40s-ang-arc-length;mb-40s-ang-sketch,inventory only; detailed coverage unassessed,../../../../../banks/manitoba-precalculus-40s-provincial-exams-documents/questions/mb-pc40s-2017-jun-q24.json
mb-pc40s-2017-jun-q25,2017-jun,12P.P.3,1,mcq,no-calculator,False,,mb-40s-pc-combinations;mb-40s-pc-combination-cases;mb-40s-pc-ncr-equation;mb-40s-pc-which,inventory only; detailed coverage unassessed,../../../../../banks/manitoba-precalculus-40s-provincial-exams-documents/questions/mb-pc40s-2017-jun-q25.json
mb-pc40s-2017-jun-q26,2017-jun,12P.R.14,1,mcq,no-calculator,True,,mb-40s-rat-npv;mb-40s-rat-features;mb-40s-rat-hole;mb-40s-rat-behaviour;mb-40s-rat-sketch;mb-40s-rat-match;mb-40s-rat-solve-graphically,inventory only; detailed coverage unassessed,../../../../../banks/manitoba-precalculus-40s-provincial-exams-documents/questions/mb-pc40s-2017-jun-q26.json
mb-pc40s-2017-jun-q27,2017-jun,12P.R.13,2,matching,no-calculator,True,multipart,mb-40s-rad-domain-range;mb-40s-rad-describe;mb-40s-rad-sqrt-f-domain;mb-40s-rad-sketch-table;mb-40s-rad-sketch-transform;mb-40s-rad-sketch-sqrt-f;mb-40s-rad-solve-graphically,inventory only; detailed coverage unassessed,../../../../../banks/manitoba-precalculus-40s-provincial-exams-documents/questions/mb-pc40s-2017-jun-q27.json
mb-pc40s-2017-jun-q28,2017-jun,12P.R.11,3,frq,no-calculator,False,,mb-40s-poly-divide;mb-40s-poly-remainder;mb-40s-poly-remainder-unknown;mb-40s-poly-factor-theorem;mb-40s-poly-factor;mb-40s-poly-solve,inventory only; detailed coverage unassessed,../../../../../banks/manitoba-precalculus-40s-provincial-exams-documents/questions/mb-pc40s-2017-jun-q28.json
mb-pc40s-2017-jun-q29,2017-jun,12P.R.1,4,frq,no-calculator,True,multipart,mb-40s-op-equation;mb-40s-op-domain;mb-40s-op-evaluate;mb-40s-op-compose-evaluate;mb-40s-op-compose-equation;mb-40s-op-decompose;mb-40s-op-from-graphs;mb-40s-op-sketch;mb-40s-op-abs-reciprocal,inventory only; detailed coverage unassessed,../../../../../banks/manitoba-precalculus-40s-provincial-exams-documents/questions/mb-pc40s-2017-jun-q29.json
mb-pc40s-2017-jun-q30,2017-jun,12P.R.9,1,frq,no-calculator,False,,mb-40s-exp-characteristics;mb-40s-exp-transformed;mb-40s-exp-sketch;mb-40s-log-characteristics;mb-40s-log-sketch,inventory only; detailed coverage unassessed,../../../../../banks/manitoba-precalculus-40s-provincial-exams-documents/questions/mb-pc40s-2017-jun-q30.json
mb-pc40s-2017-jun-q31,2017-jun,12P.R.10,2,frq,no-calculator,False,,mb-40s-exp-common-base;mb-40s-exp-logs;mb-40s-exp-growth-decay;mb-40s-exp-finance;mb-40s-log-solve;mb-40s-log-scales,inventory only; detailed coverage unassessed,../../../../../banks/manitoba-precalculus-40s-provincial-exams-documents/questions/mb-pc40s-2017-jun-q31.json
mb-pc40s-2017-jun-q32,2017-jun,12P.T.5,4,frq,no-calculator,False,,mb-40s-te-verify;mb-40s-te-first-degree;mb-40s-te-first-degree-approx;mb-40s-te-double-angle;mb-40s-te-second-degree;mb-40s-te-identities;mb-40s-te-general;mb-40s-te-find-error;mb-40s-te-graphical,inventory only; detailed coverage unassessed,../../../../../banks/manitoba-precalculus-40s-provincial-exams-documents/questions/mb-pc40s-2017-jun-q32.json
mb-pc40s-2017-jun-q33,2017-jun,12P.R.12,1,frq,no-calculator,False,,mb-40s-poly-solve;mb-40s-poly-zeros-multiplicity;mb-40s-poly-end-behaviour;mb-40s-poly-identify;mb-40s-poly-write;mb-40s-poly-model;mb-40s-poly-sketch;mb-40s-poly-match;mb-40s-poly-from-graph,inventory only; detailed coverage unassessed,../../../../../banks/manitoba-precalculus-40s-provincial-exams-documents/questions/mb-pc40s-2017-jun-q33.json
mb-pc40s-2017-jun-q34,2017-jun,12P.R.13,2,frq,no-calculator,True,,mb-40s-rad-domain-range;mb-40s-rad-describe;mb-40s-rad-sqrt-f-domain;mb-40s-rad-sketch-table;mb-40s-rad-sketch-transform;mb-40s-rad-sketch-sqrt-f;mb-40s-rad-solve-graphically,inventory only; detailed coverage unassessed,../../../../../banks/manitoba-precalculus-40s-provincial-exams-documents/questions/mb-pc40s-2017-jun-q34.json
mb-pc40s-2017-jun-q35,2017-jun,12P.R.12,1,frq,no-calculator,False,,mb-40s-poly-solve;mb-40s-poly-zeros-multiplicity;mb-40s-poly-end-behaviour;mb-40s-poly-identify;mb-40s-poly-write;mb-40s-poly-model;mb-40s-poly-sketch;mb-40s-poly-match;mb-40s-poly-from-graph,inventory only; detailed coverage unassessed,../../../../../banks/manitoba-precalculus-40s-provincial-exams-documents/questions/mb-pc40s-2017-jun-q35.json
mb-pc40s-2017-jun-q36,2017-jun,12P.T.4,3,frq,no-calculator,True,,mb-40s-tf-characteristics-basic;mb-40s-tf-characteristics;mb-40s-tf-max-min;mb-40s-tf-equation-from-features;mb-40s-tf-model;mb-40s-tf-sketch;mb-40s-tf-equation-from-graph,inventory only; detailed coverage unassessed,../../../../../banks/manitoba-precalculus-40s-provincial-exams-documents/questions/mb-pc40s-2017-jun-q36.json
mb-pc40s-2017-jun-q37,2017-jun,12P.T.6,1,frq,no-calculator,False,,mb-40s-te-identities;mb-40s-id-simplify;mb-40s-id-npv;mb-40s-id-verify-numeric;mb-40s-id-exact-sum-diff;mb-40s-id-exact-double;mb-40s-id-single-function;mb-40s-id-prove,inventory only; detailed coverage unassessed,../../../../../banks/manitoba-precalculus-40s-provincial-exams-documents/questions/mb-pc40s-2017-jun-q37.json
mb-pc40s-2017-jun-q38,2017-jun,12P.R.14,1,frq,no-calculator,False,,mb-40s-rat-npv;mb-40s-rat-features;mb-40s-rat-hole;mb-40s-rat-behaviour;mb-40s-rat-sketch;mb-40s-rat-match;mb-40s-rat-solve-graphically,inventory only; detailed coverage unassessed,../../../../../banks/manitoba-precalculus-40s-provincial-exams-documents/questions/mb-pc40s-2017-jun-q38.json
mb-pc40s-2017-jun-q39,2017-jun,12P.T.3,2,frq,no-calculator,False,,mb-40s-ratio-exact;mb-40s-ratio-approx;mb-40s-ratio-terminal-point;mb-40s-ratio-terminal-angle;mb-40s-ratio-given-one;mb-40s-ratio-find-angles;mb-40s-ratio-problem,inventory only; detailed coverage unassessed,../../../../../banks/manitoba-precalculus-40s-provincial-exams-documents/questions/mb-pc40s-2017-jun-q39.json
mb-pc40s-2017-jun-q40,2017-jun,12P.R.14,4,frq,no-calculator,True,,mb-40s-rat-npv;mb-40s-rat-features;mb-40s-rat-hole;mb-40s-rat-behaviour;mb-40s-rat-sketch;mb-40s-rat-match;mb-40s-rat-solve-graphically,inventory only; detailed coverage unassessed,../../../../../banks/manitoba-precalculus-40s-provincial-exams-documents/questions/mb-pc40s-2017-jun-q40.json
mb-pc40s-2017-jun-q41,2017-jun,12P.R.1,2,frq,no-calculator,False,explanation;multipart,mb-40s-op-equation;mb-40s-op-domain;mb-40s-op-evaluate;mb-40s-op-compose-evaluate;mb-40s-op-compose-equation;mb-40s-op-decompose;mb-40s-op-from-graphs;mb-40s-op-sketch;mb-40s-op-abs-reciprocal,inventory only; detailed coverage unassessed,../../../../../banks/manitoba-precalculus-40s-provincial-exams-documents/questions/mb-pc40s-2017-jun-q41.json
mb-pc40s-2017-jun-q42,2017-jun,12P.R.7,3,frq,no-calculator,False,,mb-40s-log-convert;mb-40s-log-evaluate;mb-40s-log-estimate,inventory only; detailed coverage unassessed,../../../../../banks/manitoba-precalculus-40s-provincial-exams-documents/questions/mb-pc40s-2017-jun-q42.json
mb-pc40s-2017-jun-q43,2017-jun,12P.T.5,2,frq,no-calculator,False,,mb-40s-te-verify;mb-40s-te-first-degree;mb-40s-te-first-degree-approx;mb-40s-te-double-angle;mb-40s-te-second-degree;mb-40s-te-identities;mb-40s-te-general;mb-40s-te-find-error;mb-40s-te-graphical,inventory only; detailed coverage unassessed,../../../../../banks/manitoba-precalculus-40s-provincial-exams-documents/questions/mb-pc40s-2017-jun-q43.json
mb-pc40s-2017-jun-q44,2017-jun,12P.R.9,1,frq,no-calculator,True,,mb-40s-exp-characteristics;mb-40s-exp-transformed;mb-40s-exp-sketch;mb-40s-log-characteristics;mb-40s-log-sketch,inventory only; detailed coverage unassessed,../../../../../banks/manitoba-precalculus-40s-provincial-exams-documents/questions/mb-pc40s-2017-jun-q44.json
mb-pc40s-2017-jun-q45,2017-jun,12P.P.4,1,frq,no-calculator,False,,mb-40s-bin-pascal;mb-40s-bin-expand;mb-40s-bin-term;mb-40s-bin-term-power;mb-40s-bin-coefficient,inventory only; detailed coverage unassessed,../../../../../banks/manitoba-precalculus-40s-provincial-exams-documents/questions/mb-pc40s-2017-jun-q45.json
mb-pc40s-2017-jun-q46,2017-jun,12P.R.7,2,frq,no-calculator,False,,mb-40s-log-convert;mb-40s-log-evaluate;mb-40s-log-estimate,inventory only; detailed coverage unassessed,../../../../../banks/manitoba-precalculus-40s-provincial-exams-documents/questions/mb-pc40s-2017-jun-q46.json
mb-pc40s-2017-jun-q47,2017-jun,12P.T.4,1,frq,no-calculator,False,,mb-40s-tf-characteristics-basic;mb-40s-tf-characteristics;mb-40s-tf-max-min;mb-40s-tf-equation-from-features;mb-40s-tf-model;mb-40s-tf-sketch;mb-40s-tf-equation-from-graph,inventory only; detailed coverage unassessed,../../../../../banks/manitoba-precalculus-40s-provincial-exams-documents/questions/mb-pc40s-2017-jun-q47.json
mb-pc40s-2017-jun-q48,2017-jun,12P.T.3,3,frq,no-calculator,False,,mb-40s-ratio-exact;mb-40s-ratio-approx;mb-40s-ratio-terminal-point;mb-40s-ratio-terminal-angle;mb-40s-ratio-given-one;mb-40s-ratio-find-angles;mb-40s-ratio-problem,inventory only; detailed coverage unassessed,../../../../../banks/manitoba-precalculus-40s-provincial-exams-documents/questions/mb-pc40s-2017-jun-q48.json
mb-pc40s-2017-jun-q49,2017-jun,12P.R.1,2,frq,no-calculator,True,multipart,mb-40s-op-equation;mb-40s-op-domain;mb-40s-op-evaluate;mb-40s-op-compose-evaluate;mb-40s-op-compose-equation;mb-40s-op-decompose;mb-40s-op-from-graphs;mb-40s-op-sketch;mb-40s-op-abs-reciprocal,inventory only; detailed coverage unassessed,../../../../../banks/manitoba-precalculus-40s-provincial-exams-documents/questions/mb-pc40s-2017-jun-q49.json
mb-pc40s-2018-jan-q01,2018-jan,12P.P.1,2,frq,calculator-active,False,,mb-40s-pc-fcp,inventory only; detailed coverage unassessed,../../../../../banks/manitoba-precalculus-40s-provincial-exams-documents/questions/mb-pc40s-2018-jan-q01.json
mb-pc40s-2018-jan-q02,2018-jan,12P.R.10,2,frq,calculator-active,False,,mb-40s-exp-common-base;mb-40s-exp-logs;mb-40s-exp-growth-decay;mb-40s-exp-finance;mb-40s-log-solve;mb-40s-log-scales,inventory only; detailed coverage unassessed,../../../../../banks/manitoba-precalculus-40s-provincial-exams-documents/questions/mb-pc40s-2018-jan-q02.json
mb-pc40s-2018-jan-q03,2018-jan,12P.R.10,4,frq,calculator-active,False,,mb-40s-exp-common-base;mb-40s-exp-logs;mb-40s-exp-growth-decay;mb-40s-exp-finance;mb-40s-log-solve;mb-40s-log-scales,inventory only; detailed coverage unassessed,../../../../../banks/manitoba-precalculus-40s-provincial-exams-documents/questions/mb-pc40s-2018-jan-q03.json
mb-pc40s-2018-jan-q04,2018-jan,12P.T.5,4,frq,calculator-active,False,,mb-40s-te-verify;mb-40s-te-first-degree;mb-40s-te-first-degree-approx;mb-40s-te-double-angle;mb-40s-te-second-degree;mb-40s-te-identities;mb-40s-te-general;mb-40s-te-find-error;mb-40s-te-graphical,inventory only; detailed coverage unassessed,../../../../../banks/manitoba-precalculus-40s-provincial-exams-documents/questions/mb-pc40s-2018-jan-q04.json
mb-pc40s-2018-jan-q05,2018-jan,12P.P.1,1,frq,calculator-active,False,,mb-40s-pc-fcp,inventory only; detailed coverage unassessed,../../../../../banks/manitoba-precalculus-40s-provincial-exams-documents/questions/mb-pc40s-2018-jan-q05.json
mb-pc40s-2018-jan-q06,2018-jan,12P.P.4,2,frq,no-calculator,False,,mb-40s-bin-pascal;mb-40s-bin-expand;mb-40s-bin-term;mb-40s-bin-term-power;mb-40s-bin-coefficient,inventory only; detailed coverage unassessed,../../../../../banks/manitoba-precalculus-40s-provincial-exams-documents/questions/mb-pc40s-2018-jan-q06.json
mb-pc40s-2018-jan-q07,2018-jan,12P.R.6,1,frq,no-calculator,False,,mb-40s-inv-linear;mb-40s-inv-quadratic;mb-40s-inv-verify;mb-40s-inv-domain-range;mb-40s-inv-is-function;mb-40s-inv-sketch,inventory only; detailed coverage unassessed,../../../../../banks/manitoba-precalculus-40s-provincial-exams-documents/questions/mb-pc40s-2018-jan-q07.json
mb-pc40s-2018-jan-q08,2018-jan,12P.R.6,1,frq,no-calculator,True,,mb-40s-inv-linear;mb-40s-inv-quadratic;mb-40s-inv-verify;mb-40s-inv-domain-range;mb-40s-inv-is-function;mb-40s-inv-sketch,inventory only; detailed coverage unassessed,../../../../../banks/manitoba-precalculus-40s-provincial-exams-documents/questions/mb-pc40s-2018-jan-q08.json
mb-pc40s-2018-jan-q09,2018-jan,12P.T.6,3,frq,no-calculator,False,,mb-40s-te-identities;mb-40s-id-simplify;mb-40s-id-npv;mb-40s-id-verify-numeric;mb-40s-id-exact-sum-diff;mb-40s-id-exact-double;mb-40s-id-single-function;mb-40s-id-prove,inventory only; detailed coverage unassessed,../../../../../banks/manitoba-precalculus-40s-provincial-exams-documents/questions/mb-pc40s-2018-jan-q09.json
mb-pc40s-2018-jan-q10,2018-jan,12P.R.9,1,frq,no-calculator,True,error-analysis,mb-40s-exp-characteristics;mb-40s-exp-transformed;mb-40s-exp-sketch;mb-40s-log-characteristics;mb-40s-log-sketch,inventory only; detailed coverage unassessed,../../../../../banks/manitoba-precalculus-40s-provincial-exams-documents/questions/mb-pc40s-2018-jan-q10.json
mb-pc40s-2018-jan-q11,2018-jan,12P.R.13,2,frq,no-calculator,True,,mb-40s-rad-domain-range;mb-40s-rad-describe;mb-40s-rad-sqrt-f-domain;mb-40s-rad-sketch-table;mb-40s-rad-sketch-transform;mb-40s-rad-sketch-sqrt-f;mb-40s-rad-solve-graphically,inventory only; detailed coverage unassessed,../../../../../banks/manitoba-precalculus-40s-provincial-exams-documents/questions/mb-pc40s-2018-jan-q11.json
mb-pc40s-2018-jan-q12,2018-jan,12P.R.11,2,frq,no-calculator,False,explanation;multipart,mb-40s-poly-divide;mb-40s-poly-remainder;mb-40s-poly-remainder-unknown;mb-40s-poly-factor-theorem;mb-40s-poly-factor;mb-40s-poly-solve,inventory only; detailed coverage unassessed,../../../../../banks/manitoba-precalculus-40s-provincial-exams-documents/questions/mb-pc40s-2018-jan-q12.json
mb-pc40s-2018-jan-q13,2018-jan,12P.R.2,3,frq,no-calculator,True,,mb-40s-tr-describe;mb-40s-tr-write-equation;mb-40s-tr-map-point;mb-40s-tr-sketch-translation;mb-40s-tr-equation-from-graph,inventory only; detailed coverage unassessed,../../../../../banks/manitoba-precalculus-40s-provincial-exams-documents/questions/mb-pc40s-2018-jan-q13.json
mb-pc40s-2018-jan-q14,2018-jan,12P.P.4,1,frq,no-calculator,False,explanation,mb-40s-bin-pascal;mb-40s-bin-expand;mb-40s-bin-term;mb-40s-bin-term-power;mb-40s-bin-coefficient,inventory only; detailed coverage unassessed,../../../../../banks/manitoba-precalculus-40s-provincial-exams-documents/questions/mb-pc40s-2018-jan-q14.json
mb-pc40s-2018-jan-q15,2018-jan,12P.R.8,3,frq,no-calculator,False,,mb-40s-log-expand;mb-40s-log-condense;mb-40s-log-evaluate-laws;mb-40s-log-approx;mb-40s-log-prove-law,inventory only; detailed coverage unassessed,../../../../../banks/manitoba-precalculus-40s-provincial-exams-documents/questions/mb-pc40s-2018-jan-q15.json
mb-pc40s-2018-jan-q16,2018-jan,12P.T.1,1,mcq,no-calculator,False,,mb-40s-ang-deg-to-rad;mb-40s-ang-rad-to-deg;mb-40s-ang-coterminal;mb-40s-ang-coterminal-general;mb-40s-ang-arc-length;mb-40s-ang-sketch,inventory only; detailed coverage unassessed,../../../../../banks/manitoba-precalculus-40s-provincial-exams-documents/questions/mb-pc40s-2018-jan-q16.json
mb-pc40s-2018-jan-q17,2018-jan,12P.R.12,1,mcq,no-calculator,False,,mb-40s-poly-solve;mb-40s-poly-zeros-multiplicity;mb-40s-poly-end-behaviour;mb-40s-poly-identify;mb-40s-poly-write;mb-40s-poly-model;mb-40s-poly-sketch;mb-40s-poly-match;mb-40s-poly-from-graph,inventory only; detailed coverage unassessed,../../../../../banks/manitoba-precalculus-40s-provincial-exams-documents/questions/mb-pc40s-2018-jan-q17.json
mb-pc40s-2018-jan-q18,2018-jan,12P.R.7,1,mcq,no-calculator,False,,mb-40s-log-convert;mb-40s-log-evaluate;mb-40s-log-estimate,inventory only; detailed coverage unassessed,../../../../../banks/manitoba-precalculus-40s-provincial-exams-documents/questions/mb-pc40s-2018-jan-q18.json
mb-pc40s-2018-jan-q19,2018-jan,12P.T.1,1,mcq,no-calculator,False,,mb-40s-ang-deg-to-rad;mb-40s-ang-rad-to-deg;mb-40s-ang-coterminal;mb-40s-ang-coterminal-general;mb-40s-ang-arc-length;mb-40s-ang-sketch,inventory only; detailed coverage unassessed,../../../../../banks/manitoba-precalculus-40s-provincial-exams-documents/questions/mb-pc40s-2018-jan-q19.json
mb-pc40s-2018-jan-q20,2018-jan,12P.P.2,1,mcq,no-calculator,False,,mb-40s-pc-factorial;mb-40s-pc-permutations;mb-40s-pc-identical;mb-40s-pc-conditions;mb-40s-pc-npr-equation;mb-40s-pc-which,inventory only; detailed coverage unassessed,../../../../../banks/manitoba-precalculus-40s-provincial-exams-documents/questions/mb-pc40s-2018-jan-q20.json
mb-pc40s-2018-jan-q21,2018-jan,12P.R.14,1,mcq,no-calculator,True,,mb-40s-rat-npv;mb-40s-rat-features;mb-40s-rat-hole;mb-40s-rat-behaviour;mb-40s-rat-sketch;mb-40s-rat-match;mb-40s-rat-solve-graphically,inventory only; detailed coverage unassessed,../../../../../banks/manitoba-precalculus-40s-provincial-exams-documents/questions/mb-pc40s-2018-jan-q21.json
mb-pc40s-2018-jan-q22,2018-jan,12P.R.3,1,mcq,no-calculator,False,,mb-40s-tr-describe;mb-40s-tr-write-equation;mb-40s-tr-map-point;mb-40s-tr-sketch-stretch;mb-40s-tr-equation-from-graph,inventory only; detailed coverage unassessed,../../../../../banks/manitoba-precalculus-40s-provincial-exams-documents/questions/mb-pc40s-2018-jan-q22.json
mb-pc40s-2018-jan-q23,2018-jan,12P.T.6,1,mcq,no-calculator,False,,mb-40s-te-identities;mb-40s-id-simplify;mb-40s-id-npv;mb-40s-id-verify-numeric;mb-40s-id-exact-sum-diff;mb-40s-id-exact-double;mb-40s-id-single-function;mb-40s-id-prove,inventory only; detailed coverage unassessed,../../../../../banks/manitoba-precalculus-40s-provincial-exams-documents/questions/mb-pc40s-2018-jan-q23.json
mb-pc40s-2018-jan-q24,2018-jan,12P.R.9,1,mcq,no-calculator,False,,mb-40s-exp-characteristics;mb-40s-exp-transformed;mb-40s-exp-sketch;mb-40s-log-characteristics;mb-40s-log-sketch,inventory only; detailed coverage unassessed,../../../../../banks/manitoba-precalculus-40s-provincial-exams-documents/questions/mb-pc40s-2018-jan-q24.json
mb-pc40s-2018-jan-q25,2018-jan,12P.T.3,3,frq,no-calculator,False,,mb-40s-ratio-exact;mb-40s-ratio-approx;mb-40s-ratio-terminal-point;mb-40s-ratio-terminal-angle;mb-40s-ratio-given-one;mb-40s-ratio-find-angles;mb-40s-ratio-problem,inventory only; detailed coverage unassessed,../../../../../banks/manitoba-precalculus-40s-provincial-exams-documents/questions/mb-pc40s-2018-jan-q25.json
mb-pc40s-2018-jan-q26,2018-jan,12P.R.14,1,frq,no-calculator,True,,mb-40s-rat-npv;mb-40s-rat-features;mb-40s-rat-hole;mb-40s-rat-behaviour;mb-40s-rat-sketch;mb-40s-rat-match;mb-40s-rat-solve-graphically,inventory only; detailed coverage unassessed,../../../../../banks/manitoba-precalculus-40s-provincial-exams-documents/questions/mb-pc40s-2018-jan-q26.json
mb-pc40s-2018-jan-q27,2018-jan,12P.R.14,2,frq,no-calculator,True,,mb-40s-rat-npv;mb-40s-rat-features;mb-40s-rat-hole;mb-40s-rat-behaviour;mb-40s-rat-sketch;mb-40s-rat-match;mb-40s-rat-solve-graphically,inventory only; detailed coverage unassessed,../../../../../banks/manitoba-precalculus-40s-provincial-exams-documents/questions/mb-pc40s-2018-jan-q27.json
mb-pc40s-2018-jan-q28,2018-jan,12P.R.12,1,frq,no-calculator,False,,mb-40s-poly-solve;mb-40s-poly-zeros-multiplicity;mb-40s-poly-end-behaviour;mb-40s-poly-identify;mb-40s-poly-write;mb-40s-poly-model;mb-40s-poly-sketch;mb-40s-poly-match;mb-40s-poly-from-graph,inventory only; detailed coverage unassessed,../../../../../banks/manitoba-precalculus-40s-provincial-exams-documents/questions/mb-pc40s-2018-jan-q28.json
mb-pc40s-2018-jan-q29,2018-jan,12P.R.9,2,frq,no-calculator,True,,mb-40s-exp-characteristics;mb-40s-exp-transformed;mb-40s-exp-sketch;mb-40s-log-characteristics;mb-40s-log-sketch,inventory only; detailed coverage unassessed,../../../../../banks/manitoba-precalculus-40s-provincial-exams-documents/questions/mb-pc40s-2018-jan-q29.json
mb-pc40s-2018-jan-q30,2018-jan,12P.R.10,1,frq,no-calculator,False,,mb-40s-exp-common-base;mb-40s-exp-logs;mb-40s-exp-growth-decay;mb-40s-exp-finance;mb-40s-log-solve;mb-40s-log-scales,inventory only; detailed coverage unassessed,../../../../../banks/manitoba-precalculus-40s-provincial-exams-documents/questions/mb-pc40s-2018-jan-q30.json
mb-pc40s-2018-jan-q31,2018-jan,12P.T.4,2,frq,no-calculator,True,,mb-40s-tf-characteristics-basic;mb-40s-tf-characteristics;mb-40s-tf-max-min;mb-40s-tf-equation-from-features;mb-40s-tf-model;mb-40s-tf-sketch;mb-40s-tf-equation-from-graph,inventory only; detailed coverage unassessed,../../../../../banks/manitoba-precalculus-40s-provincial-exams-documents/questions/mb-pc40s-2018-jan-q31.json
mb-pc40s-2018-jan-q32,2018-jan,12P.R.1,1,frq,no-calculator,True,,mb-40s-op-equation;mb-40s-op-domain;mb-40s-op-evaluate;mb-40s-op-compose-evaluate;mb-40s-op-compose-equation;mb-40s-op-decompose;mb-40s-op-from-graphs;mb-40s-op-sketch;mb-40s-op-abs-reciprocal,inventory only; detailed coverage unassessed,../../../../../banks/manitoba-precalculus-40s-provincial-exams-documents/questions/mb-pc40s-2018-jan-q32.json
mb-pc40s-2018-jan-q33,2018-jan,12P.T.4,3,frq,no-calculator,True,,mb-40s-tf-characteristics-basic;mb-40s-tf-characteristics;mb-40s-tf-max-min;mb-40s-tf-equation-from-features;mb-40s-tf-model;mb-40s-tf-sketch;mb-40s-tf-equation-from-graph,inventory only; detailed coverage unassessed,../../../../../banks/manitoba-precalculus-40s-provincial-exams-documents/questions/mb-pc40s-2018-jan-q33.json
mb-pc40s-2018-jan-q34,2018-jan,12P.T.2,1,frq,no-calculator,False,explanation,mb-40s-uc-point;mb-40s-uc-circle-equation,inventory only; detailed coverage unassessed,../../../../../banks/manitoba-precalculus-40s-provincial-exams-documents/questions/mb-pc40s-2018-jan-q34.json
mb-pc40s-2018-jan-q35,2018-jan,12P.P.3,3,frq,no-calculator,False,,mb-40s-pc-combinations;mb-40s-pc-combination-cases;mb-40s-pc-ncr-equation;mb-40s-pc-which,inventory only; detailed coverage unassessed,../../../../../banks/manitoba-precalculus-40s-provincial-exams-documents/questions/mb-pc40s-2018-jan-q35.json
mb-pc40s-2018-jan-q36,2018-jan,12P.T.6,2,frq,no-calculator,True,,mb-40s-te-identities;mb-40s-id-simplify;mb-40s-id-npv;mb-40s-id-verify-numeric;mb-40s-id-exact-sum-diff;mb-40s-id-exact-double;mb-40s-id-single-function;mb-40s-id-prove,inventory only; detailed coverage unassessed,../../../../../banks/manitoba-precalculus-40s-provincial-exams-documents/questions/mb-pc40s-2018-jan-q36.json
mb-pc40s-2018-jan-q37,2018-jan,12P.R.1,3,frq,no-calculator,True,multipart,mb-40s-op-equation;mb-40s-op-domain;mb-40s-op-evaluate;mb-40s-op-compose-evaluate;mb-40s-op-compose-equation;mb-40s-op-decompose;mb-40s-op-from-graphs;mb-40s-op-sketch;mb-40s-op-abs-reciprocal,inventory only; detailed coverage unassessed,../../../../../banks/manitoba-precalculus-40s-provincial-exams-documents/questions/mb-pc40s-2018-jan-q37.json
mb-pc40s-2018-jan-q38,2018-jan,12P.T.4,1,frq,no-calculator,False,error-analysis;explanation,mb-40s-tf-characteristics-basic;mb-40s-tf-characteristics;mb-40s-tf-max-min;mb-40s-tf-equation-from-features;mb-40s-tf-model;mb-40s-tf-sketch;mb-40s-tf-equation-from-graph,inventory only; detailed coverage unassessed,../../../../../banks/manitoba-precalculus-40s-provincial-exams-documents/questions/mb-pc40s-2018-jan-q38.json
mb-pc40s-2018-jan-q39,2018-jan,12P.R.1,2,frq,no-calculator,True,multipart,mb-40s-op-equation;mb-40s-op-domain;mb-40s-op-evaluate;mb-40s-op-compose-evaluate;mb-40s-op-compose-equation;mb-40s-op-decompose;mb-40s-op-from-graphs;mb-40s-op-sketch;mb-40s-op-abs-reciprocal,inventory only; detailed coverage unassessed,../../../../../banks/manitoba-precalculus-40s-provincial-exams-documents/questions/mb-pc40s-2018-jan-q39.json
mb-pc40s-2018-jan-q40,2018-jan,12P.R.12,3,frq,no-calculator,True,,mb-40s-poly-solve;mb-40s-poly-zeros-multiplicity;mb-40s-poly-end-behaviour;mb-40s-poly-identify;mb-40s-poly-write;mb-40s-poly-model;mb-40s-poly-sketch;mb-40s-poly-match;mb-40s-poly-from-graph,inventory only; detailed coverage unassessed,../../../../../banks/manitoba-precalculus-40s-provincial-exams-documents/questions/mb-pc40s-2018-jan-q40.json
mb-pc40s-2018-jan-q41,2018-jan,12P.T.2,2,frq,no-calculator,False,multipart,mb-40s-uc-point;mb-40s-uc-circle-equation,inventory only; detailed coverage unassessed,../../../../../banks/manitoba-precalculus-40s-provincial-exams-documents/questions/mb-pc40s-2018-jan-q41.json
mb-pc40s-2018-jan-q42,2018-jan,12P.R.6,1,frq,no-calculator,False,,mb-40s-inv-linear;mb-40s-inv-quadratic;mb-40s-inv-verify;mb-40s-inv-domain-range;mb-40s-inv-is-function;mb-40s-inv-sketch,inventory only; detailed coverage unassessed,../../../../../banks/manitoba-precalculus-40s-provincial-exams-documents/questions/mb-pc40s-2018-jan-q42.json
mb-pc40s-2018-jan-q43,2018-jan,12P.T.5,2,frq,no-calculator,False,,mb-40s-te-verify;mb-40s-te-first-degree;mb-40s-te-first-degree-approx;mb-40s-te-double-angle;mb-40s-te-second-degree;mb-40s-te-identities;mb-40s-te-general;mb-40s-te-find-error;mb-40s-te-graphical,inventory only; detailed coverage unassessed,../../../../../banks/manitoba-precalculus-40s-provincial-exams-documents/questions/mb-pc40s-2018-jan-q43.json
mb-pc40s-2018-jan-q44,2018-jan,12P.R.13,1,frq,no-calculator,False,,mb-40s-rad-domain-range;mb-40s-rad-describe;mb-40s-rad-sqrt-f-domain;mb-40s-rad-sketch-table;mb-40s-rad-sketch-transform;mb-40s-rad-sketch-sqrt-f;mb-40s-rad-solve-graphically,inventory only; detailed coverage unassessed,../../../../../banks/manitoba-precalculus-40s-provincial-exams-documents/questions/mb-pc40s-2018-jan-q44.json
mb-pc40s-2018-jan-q45,2018-jan,12P.T.6,1,frq,no-calculator,False,,mb-40s-te-identities;mb-40s-id-simplify;mb-40s-id-npv;mb-40s-id-verify-numeric;mb-40s-id-exact-sum-diff;mb-40s-id-exact-double;mb-40s-id-single-function;mb-40s-id-prove,inventory only; detailed coverage unassessed,../../../../../banks/manitoba-precalculus-40s-provincial-exams-documents/questions/mb-pc40s-2018-jan-q45.json
mb-pc40s-2018-jan-q46,2018-jan,12P.R.2,3,frq,no-calculator,False,,mb-40s-tr-describe;mb-40s-tr-write-equation;mb-40s-tr-map-point;mb-40s-tr-sketch-translation;mb-40s-tr-equation-from-graph,inventory only; detailed coverage unassessed,../../../../../banks/manitoba-precalculus-40s-provincial-exams-documents/questions/mb-pc40s-2018-jan-q46.json
mb-pc40s-2018-jan-q47,2018-jan,12P.R.14,2,frq,no-calculator,False,,mb-40s-rat-npv;mb-40s-rat-features;mb-40s-rat-hole;mb-40s-rat-behaviour;mb-40s-rat-sketch;mb-40s-rat-match;mb-40s-rat-solve-graphically,inventory only; detailed coverage unassessed,../../../../../banks/manitoba-precalculus-40s-provincial-exams-documents/questions/mb-pc40s-2018-jan-q47.json
mb-pc40s-2018-jan-q48,2018-jan,12P.R.11,3,frq,no-calculator,False,,mb-40s-poly-divide;mb-40s-poly-remainder;mb-40s-poly-remainder-unknown;mb-40s-poly-factor-theorem;mb-40s-poly-factor;mb-40s-poly-solve,inventory only; detailed coverage unassessed,../../../../../banks/manitoba-precalculus-40s-provincial-exams-documents/questions/mb-pc40s-2018-jan-q48.json
mb-pc40s-2018-jan-q49,2018-jan,12P.R.13,2,frq,no-calculator,True,,mb-40s-rad-domain-range;mb-40s-rad-describe;mb-40s-rad-sqrt-f-domain;mb-40s-rad-sketch-table;mb-40s-rad-sketch-transform;mb-40s-rad-sketch-sqrt-f;mb-40s-rad-solve-graphically,inventory only; detailed coverage unassessed,../../../../../banks/manitoba-precalculus-40s-provincial-exams-documents/questions/mb-pc40s-2018-jan-q49.json
mb-pc40s-2018-jun-q01,2018-jun,12P.T.1,2,frq,calculator-active,False,,mb-40s-ang-deg-to-rad;mb-40s-ang-rad-to-deg;mb-40s-ang-coterminal;mb-40s-ang-coterminal-general;mb-40s-ang-arc-length;mb-40s-ang-sketch,inventory only; detailed coverage unassessed,../../../../../banks/manitoba-precalculus-40s-provincial-exams-documents/questions/mb-pc40s-2018-jun-q01.json
mb-pc40s-2018-jun-q02,2018-jun,12P.R.10,2,frq,calculator-active,False,,mb-40s-exp-common-base;mb-40s-exp-logs;mb-40s-exp-growth-decay;mb-40s-exp-finance;mb-40s-log-solve;mb-40s-log-scales,inventory only; detailed coverage unassessed,../../../../../banks/manitoba-precalculus-40s-provincial-exams-documents/questions/mb-pc40s-2018-jun-q02.json
mb-pc40s-2018-jun-q03,2018-jun,12P.T.5,4,frq,calculator-active,False,,mb-40s-te-verify;mb-40s-te-first-degree;mb-40s-te-first-degree-approx;mb-40s-te-double-angle;mb-40s-te-second-degree;mb-40s-te-identities;mb-40s-te-general;mb-40s-te-find-error;mb-40s-te-graphical,inventory only; detailed coverage unassessed,../../../../../banks/manitoba-precalculus-40s-provincial-exams-documents/questions/mb-pc40s-2018-jun-q03.json
mb-pc40s-2018-jun-q04,2018-jun,12P.R.10,3,frq,calculator-active,False,,mb-40s-exp-common-base;mb-40s-exp-logs;mb-40s-exp-growth-decay;mb-40s-exp-finance;mb-40s-log-solve;mb-40s-log-scales,inventory only; detailed coverage unassessed,../../../../../banks/manitoba-precalculus-40s-provincial-exams-documents/questions/mb-pc40s-2018-jun-q04.json
mb-pc40s-2018-jun-q05,2018-jun,12P.P.3,2,frq,calculator-active,False,,mb-40s-pc-combinations;mb-40s-pc-combination-cases;mb-40s-pc-ncr-equation;mb-40s-pc-which,inventory only; detailed coverage unassessed,../../../../../banks/manitoba-precalculus-40s-provincial-exams-documents/questions/mb-pc40s-2018-jun-q05.json
mb-pc40s-2018-jun-q06,2018-jun,12P.P.4,3,frq,calculator-active,False,,mb-40s-bin-pascal;mb-40s-bin-expand;mb-40s-bin-term;mb-40s-bin-term-power;mb-40s-bin-coefficient,inventory only; detailed coverage unassessed,../../../../../banks/manitoba-precalculus-40s-provincial-exams-documents/questions/mb-pc40s-2018-jun-q06.json
mb-pc40s-2018-jun-q07,2018-jun,12P.R.1,1,frq,no-calculator,False,,mb-40s-op-equation;mb-40s-op-domain;mb-40s-op-evaluate;mb-40s-op-compose-evaluate;mb-40s-op-compose-equation;mb-40s-op-decompose;mb-40s-op-from-graphs;mb-40s-op-sketch;mb-40s-op-abs-reciprocal,inventory only; detailed coverage unassessed,../../../../../banks/manitoba-precalculus-40s-provincial-exams-documents/questions/mb-pc40s-2018-jun-q07.json
mb-pc40s-2018-jun-q08,2018-jun,12P.T.2,1,frq,no-calculator,False,,mb-40s-uc-point;mb-40s-uc-circle-equation,inventory only; detailed coverage unassessed,../../../../../banks/manitoba-precalculus-40s-provincial-exams-documents/questions/mb-pc40s-2018-jun-q08.json
mb-pc40s-2018-jun-q09,2018-jun,12P.P.4,1,frq,no-calculator,False,,mb-40s-bin-pascal;mb-40s-bin-expand;mb-40s-bin-term;mb-40s-bin-term-power;mb-40s-bin-coefficient,inventory only; detailed coverage unassessed,../../../../../banks/manitoba-precalculus-40s-provincial-exams-documents/questions/mb-pc40s-2018-jun-q09.json
mb-pc40s-2018-jun-q10,2018-jun,12P.R.3,3,frq,no-calculator,False,,mb-40s-tr-describe;mb-40s-tr-write-equation;mb-40s-tr-map-point;mb-40s-tr-sketch-stretch;mb-40s-tr-equation-from-graph,inventory only; detailed coverage unassessed,../../../../../banks/manitoba-precalculus-40s-provincial-exams-documents/questions/mb-pc40s-2018-jun-q10.json
mb-pc40s-2018-jun-q11,2018-jun,12P.R.4,3,frq,no-calculator,True,,mb-40s-tr-describe;mb-40s-tr-write-equation;mb-40s-tr-map-point;mb-40s-tr-mapping-rule;mb-40s-tr-domain-range;mb-40s-tr-sketch-combined;mb-40s-tr-equation-from-graph,inventory only; detailed coverage unassessed,../../../../../banks/manitoba-precalculus-40s-provincial-exams-documents/questions/mb-pc40s-2018-jun-q11.json
mb-pc40s-2018-jun-q12,2018-jun,12P.R.14,1,frq,no-calculator,False,,mb-40s-rat-npv;mb-40s-rat-features;mb-40s-rat-hole;mb-40s-rat-behaviour;mb-40s-rat-sketch;mb-40s-rat-match;mb-40s-rat-solve-graphically,inventory only; detailed coverage unassessed,../../../../../banks/manitoba-precalculus-40s-provincial-exams-documents/questions/mb-pc40s-2018-jun-q12.json
mb-pc40s-2018-jun-q13,2018-jun,12P.R.11,2,frq,no-calculator,False,,mb-40s-poly-divide;mb-40s-poly-remainder;mb-40s-poly-remainder-unknown;mb-40s-poly-factor-theorem;mb-40s-poly-factor;mb-40s-poly-solve,inventory only; detailed coverage unassessed,../../../../../banks/manitoba-precalculus-40s-provincial-exams-documents/questions/mb-pc40s-2018-jun-q13.json
mb-pc40s-2018-jun-q14,2018-jun,12P.T.6,3,frq,no-calculator,False,identity-proof,mb-40s-te-identities;mb-40s-id-simplify;mb-40s-id-npv;mb-40s-id-verify-numeric;mb-40s-id-exact-sum-diff;mb-40s-id-exact-double;mb-40s-id-single-function;mb-40s-id-prove,inventory only; detailed coverage unassessed,../../../../../banks/manitoba-precalculus-40s-provincial-exams-documents/questions/mb-pc40s-2018-jun-q14.json
mb-pc40s-2018-jun-q15,2018-jun,12P.P.1,1,frq,no-calculator,False,explanation,mb-40s-pc-fcp,inventory only; detailed coverage unassessed,../../../../../banks/manitoba-precalculus-40s-provincial-exams-documents/questions/mb-pc40s-2018-jun-q15.json
mb-pc40s-2018-jun-q16,2018-jun,12P.R.8,2,frq,no-calculator,False,,mb-40s-log-expand;mb-40s-log-condense;mb-40s-log-evaluate-laws;mb-40s-log-approx;mb-40s-log-prove-law,inventory only; detailed coverage unassessed,../../../../../banks/manitoba-precalculus-40s-provincial-exams-documents/questions/mb-pc40s-2018-jun-q16.json
mb-pc40s-2018-jun-q17,2018-jun,12P.P.2,1,frq,no-calculator,False,explanation,mb-40s-pc-factorial;mb-40s-pc-permutations;mb-40s-pc-identical;mb-40s-pc-conditions;mb-40s-pc-npr-equation;mb-40s-pc-which,inventory only; detailed coverage unassessed,../../../../../banks/manitoba-precalculus-40s-provincial-exams-documents/questions/mb-pc40s-2018-jun-q17.json
mb-pc40s-2018-jun-q18,2018-jun,12P.R.13,1,mcq,no-calculator,False,,mb-40s-rad-domain-range;mb-40s-rad-describe;mb-40s-rad-sqrt-f-domain;mb-40s-rad-sketch-table;mb-40s-rad-sketch-transform;mb-40s-rad-sketch-sqrt-f;mb-40s-rad-solve-graphically,inventory only; detailed coverage unassessed,../../../../../banks/manitoba-precalculus-40s-provincial-exams-documents/questions/mb-pc40s-2018-jun-q18.json
mb-pc40s-2018-jun-q19,2018-jun,12P.P.2,1,mcq,no-calculator,False,,mb-40s-pc-factorial;mb-40s-pc-permutations;mb-40s-pc-identical;mb-40s-pc-conditions;mb-40s-pc-npr-equation;mb-40s-pc-which,inventory only; detailed coverage unassessed,../../../../../banks/manitoba-precalculus-40s-provincial-exams-documents/questions/mb-pc40s-2018-jun-q19.json
mb-pc40s-2018-jun-q20,2018-jun,12P.T.3,1,mcq,no-calculator,False,,mb-40s-ratio-exact;mb-40s-ratio-approx;mb-40s-ratio-terminal-point;mb-40s-ratio-terminal-angle;mb-40s-ratio-given-one;mb-40s-ratio-find-angles;mb-40s-ratio-problem,inventory only; detailed coverage unassessed,../../../../../banks/manitoba-precalculus-40s-provincial-exams-documents/questions/mb-pc40s-2018-jun-q20.json
mb-pc40s-2018-jun-q21,2018-jun,12P.R.7,1,mcq,no-calculator,False,,mb-40s-log-convert;mb-40s-log-evaluate;mb-40s-log-estimate,inventory only; detailed coverage unassessed,../../../../../banks/manitoba-precalculus-40s-provincial-exams-documents/questions/mb-pc40s-2018-jun-q21.json
mb-pc40s-2018-jun-q22,2018-jun,12P.T.4,1,mcq,no-calculator,False,,mb-40s-tf-characteristics-basic;mb-40s-tf-characteristics;mb-40s-tf-max-min;mb-40s-tf-equation-from-features;mb-40s-tf-model;mb-40s-tf-sketch;mb-40s-tf-equation-from-graph,inventory only; detailed coverage unassessed,../../../../../banks/manitoba-precalculus-40s-provincial-exams-documents/questions/mb-pc40s-2018-jun-q22.json
mb-pc40s-2018-jun-q23,2018-jun,12P.R.12,1,mcq,no-calculator,False,,mb-40s-poly-solve;mb-40s-poly-zeros-multiplicity;mb-40s-poly-end-behaviour;mb-40s-poly-identify;mb-40s-poly-write;mb-40s-poly-model;mb-40s-poly-sketch;mb-40s-poly-match;mb-40s-poly-from-graph,inventory only; detailed coverage unassessed,../../../../../banks/manitoba-precalculus-40s-provincial-exams-documents/questions/mb-pc40s-2018-jun-q23.json
mb-pc40s-2018-jun-q24,2018-jun,12P.P.4,1,mcq,no-calculator,False,,mb-40s-bin-pascal;mb-40s-bin-expand;mb-40s-bin-term;mb-40s-bin-term-power;mb-40s-bin-coefficient,inventory only; detailed coverage unassessed,../../../../../banks/manitoba-precalculus-40s-provincial-exams-documents/questions/mb-pc40s-2018-jun-q24.json
mb-pc40s-2018-jun-q25,2018-jun,12P.R.2,1,mcq,no-calculator,False,,mb-40s-tr-describe;mb-40s-tr-write-equation;mb-40s-tr-map-point;mb-40s-tr-sketch-translation;mb-40s-tr-equation-from-graph,inventory only; detailed coverage unassessed,../../../../../banks/manitoba-precalculus-40s-provincial-exams-documents/questions/mb-pc40s-2018-jun-q25.json
mb-pc40s-2018-jun-q26,2018-jun,12P.R.11,1,mcq,no-calculator,False,,mb-40s-poly-divide;mb-40s-poly-remainder;mb-40s-poly-remainder-unknown;mb-40s-poly-factor-theorem;mb-40s-poly-factor;mb-40s-poly-solve,inventory only; detailed coverage unassessed,../../../../../banks/manitoba-precalculus-40s-provincial-exams-documents/questions/mb-pc40s-2018-jun-q26.json
mb-pc40s-2018-jun-q27,2018-jun,12P.R.14,1,frq,no-calculator,False,,mb-40s-rat-npv;mb-40s-rat-features;mb-40s-rat-hole;mb-40s-rat-behaviour;mb-40s-rat-sketch;mb-40s-rat-match;mb-40s-rat-solve-graphically,inventory only; detailed coverage unassessed,../../../../../banks/manitoba-precalculus-40s-provincial-exams-documents/questions/mb-pc40s-2018-jun-q27.json
mb-pc40s-2018-jun-q28,2018-jun,12P.R.1,2,frq,no-calculator,True,,mb-40s-op-equation;mb-40s-op-domain;mb-40s-op-evaluate;mb-40s-op-compose-evaluate;mb-40s-op-compose-equation;mb-40s-op-decompose;mb-40s-op-from-graphs;mb-40s-op-sketch;mb-40s-op-abs-reciprocal,inventory only; detailed coverage unassessed,../../../../../banks/manitoba-precalculus-40s-provincial-exams-documents/questions/mb-pc40s-2018-jun-q28.json
mb-pc40s-2018-jun-q29,2018-jun,12P.R.11,1,frq,no-calculator,False,error-analysis;explanation,mb-40s-poly-divide;mb-40s-poly-remainder;mb-40s-poly-remainder-unknown;mb-40s-poly-factor-theorem;mb-40s-poly-factor;mb-40s-poly-solve,inventory only; detailed coverage unassessed,../../../../../banks/manitoba-precalculus-40s-provincial-exams-documents/questions/mb-pc40s-2018-jun-q29.json
mb-pc40s-2018-jun-q30,2018-jun,12P.P.3,2,frq,no-calculator,False,,mb-40s-pc-combinations;mb-40s-pc-combination-cases;mb-40s-pc-ncr-equation;mb-40s-pc-which,inventory only; detailed coverage unassessed,../../../../../banks/manitoba-precalculus-40s-provincial-exams-documents/questions/mb-pc40s-2018-jun-q30.json
mb-pc40s-2018-jun-q31,2018-jun,12P.T.5,2,frq,no-calculator,False,,mb-40s-te-verify;mb-40s-te-first-degree;mb-40s-te-first-degree-approx;mb-40s-te-double-angle;mb-40s-te-second-degree;mb-40s-te-identities;mb-40s-te-general;mb-40s-te-find-error;mb-40s-te-graphical,inventory only; detailed coverage unassessed,../../../../../banks/manitoba-precalculus-40s-provincial-exams-documents/questions/mb-pc40s-2018-jun-q31.json
mb-pc40s-2018-jun-q32,2018-jun,12P.R.12,3,frq,no-calculator,True,multipart,mb-40s-poly-solve;mb-40s-poly-zeros-multiplicity;mb-40s-poly-end-behaviour;mb-40s-poly-identify;mb-40s-poly-write;mb-40s-poly-model;mb-40s-poly-sketch;mb-40s-poly-match;mb-40s-poly-from-graph,inventory only; detailed coverage unassessed,../../../../../banks/manitoba-precalculus-40s-provincial-exams-documents/questions/mb-pc40s-2018-jun-q32.json
mb-pc40s-2018-jun-q33,2018-jun,12P.R.9,1,frq,no-calculator,False,,mb-40s-exp-characteristics;mb-40s-exp-transformed;mb-40s-exp-sketch;mb-40s-log-characteristics;mb-40s-log-sketch,inventory only; detailed coverage unassessed,../../../../../banks/manitoba-precalculus-40s-provincial-exams-documents/questions/mb-pc40s-2018-jun-q33.json
mb-pc40s-2018-jun-q34,2018-jun,12P.T.1,1,frq,no-calculator,True,,mb-40s-ang-deg-to-rad;mb-40s-ang-rad-to-deg;mb-40s-ang-coterminal;mb-40s-ang-coterminal-general;mb-40s-ang-arc-length;mb-40s-ang-sketch,inventory only; detailed coverage unassessed,../../../../../banks/manitoba-precalculus-40s-provincial-exams-documents/questions/mb-pc40s-2018-jun-q34.json
mb-pc40s-2018-jun-q35,2018-jun,12P.T.4,4,frq,no-calculator,True,,mb-40s-tf-characteristics-basic;mb-40s-tf-characteristics;mb-40s-tf-max-min;mb-40s-tf-equation-from-features;mb-40s-tf-model;mb-40s-tf-sketch;mb-40s-tf-equation-from-graph,inventory only; detailed coverage unassessed,../../../../../banks/manitoba-precalculus-40s-provincial-exams-documents/questions/mb-pc40s-2018-jun-q35.json
mb-pc40s-2018-jun-q36,2018-jun,12P.R.1,2,frq,no-calculator,False,multipart,mb-40s-op-equation;mb-40s-op-domain;mb-40s-op-evaluate;mb-40s-op-compose-evaluate;mb-40s-op-compose-equation;mb-40s-op-decompose;mb-40s-op-from-graphs;mb-40s-op-sketch;mb-40s-op-abs-reciprocal,inventory only; detailed coverage unassessed,../../../../../banks/manitoba-precalculus-40s-provincial-exams-documents/questions/mb-pc40s-2018-jun-q36.json
mb-pc40s-2018-jun-q37,2018-jun,12P.R.13,2,frq,no-calculator,False,,mb-40s-rad-domain-range;mb-40s-rad-describe;mb-40s-rad-sqrt-f-domain;mb-40s-rad-sketch-table;mb-40s-rad-sketch-transform;mb-40s-rad-sketch-sqrt-f;mb-40s-rad-solve-graphically,inventory only; detailed coverage unassessed,../../../../../banks/manitoba-precalculus-40s-provincial-exams-documents/questions/mb-pc40s-2018-jun-q37.json
mb-pc40s-2018-jun-q38,2018-jun,12P.T.6,3,frq,no-calculator,False,,mb-40s-te-identities;mb-40s-id-simplify;mb-40s-id-npv;mb-40s-id-verify-numeric;mb-40s-id-exact-sum-diff;mb-40s-id-exact-double;mb-40s-id-single-function;mb-40s-id-prove,inventory only; detailed coverage unassessed,../../../../../banks/manitoba-precalculus-40s-provincial-exams-documents/questions/mb-pc40s-2018-jun-q38.json
mb-pc40s-2018-jun-q39,2018-jun,12P.R.13,4,frq,no-calculator,True,,mb-40s-rad-domain-range;mb-40s-rad-describe;mb-40s-rad-sqrt-f-domain;mb-40s-rad-sketch-table;mb-40s-rad-sketch-transform;mb-40s-rad-sketch-sqrt-f;mb-40s-rad-solve-graphically,inventory only; detailed coverage unassessed,../../../../../banks/manitoba-precalculus-40s-provincial-exams-documents/questions/mb-pc40s-2018-jun-q39.json
mb-pc40s-2018-jun-q40,2018-jun,12P.R.6,2,frq,no-calculator,False,,mb-40s-inv-linear;mb-40s-inv-quadratic;mb-40s-inv-verify;mb-40s-inv-domain-range;mb-40s-inv-is-function;mb-40s-inv-sketch,inventory only; detailed coverage unassessed,../../../../../banks/manitoba-precalculus-40s-provincial-exams-documents/questions/mb-pc40s-2018-jun-q40.json
mb-pc40s-2018-jun-q41,2018-jun,12P.R.12,1,frq,no-calculator,False,,mb-40s-poly-solve;mb-40s-poly-zeros-multiplicity;mb-40s-poly-end-behaviour;mb-40s-poly-identify;mb-40s-poly-write;mb-40s-poly-model;mb-40s-poly-sketch;mb-40s-poly-match;mb-40s-poly-from-graph,inventory only; detailed coverage unassessed,../../../../../banks/manitoba-precalculus-40s-provincial-exams-documents/questions/mb-pc40s-2018-jun-q41.json
mb-pc40s-2018-jun-q42,2018-jun,12P.T.3,3,frq,no-calculator,False,multipart,mb-40s-ratio-exact;mb-40s-ratio-approx;mb-40s-ratio-terminal-point;mb-40s-ratio-terminal-angle;mb-40s-ratio-given-one;mb-40s-ratio-find-angles;mb-40s-ratio-problem,inventory only; detailed coverage unassessed,../../../../../banks/manitoba-precalculus-40s-provincial-exams-documents/questions/mb-pc40s-2018-jun-q42.json
mb-pc40s-2018-jun-q43,2018-jun,12P.R.14,2,frq,no-calculator,True,,mb-40s-rat-npv;mb-40s-rat-features;mb-40s-rat-hole;mb-40s-rat-behaviour;mb-40s-rat-sketch;mb-40s-rat-match;mb-40s-rat-solve-graphically,inventory only; detailed coverage unassessed,../../../../../banks/manitoba-precalculus-40s-provincial-exams-documents/questions/mb-pc40s-2018-jun-q43.json
mb-pc40s-2018-jun-q44,2018-jun,12P.R.10,1,frq,no-calculator,False,explanation,mb-40s-exp-common-base;mb-40s-exp-logs;mb-40s-exp-growth-decay;mb-40s-exp-finance;mb-40s-log-solve;mb-40s-log-scales,inventory only; detailed coverage unassessed,../../../../../banks/manitoba-precalculus-40s-provincial-exams-documents/questions/mb-pc40s-2018-jun-q44.json
mb-pc40s-2018-jun-q45,2018-jun,12P.R.1,1,frq,no-calculator,False,,mb-40s-op-equation;mb-40s-op-domain;mb-40s-op-evaluate;mb-40s-op-compose-evaluate;mb-40s-op-compose-equation;mb-40s-op-decompose;mb-40s-op-from-graphs;mb-40s-op-sketch;mb-40s-op-abs-reciprocal,inventory only; detailed coverage unassessed,../../../../../banks/manitoba-precalculus-40s-provincial-exams-documents/questions/mb-pc40s-2018-jun-q45.json
mb-pc40s-2018-jun-q46,2018-jun,12P.R.9,2,frq,no-calculator,True,,mb-40s-exp-characteristics;mb-40s-exp-transformed;mb-40s-exp-sketch;mb-40s-log-characteristics;mb-40s-log-sketch,inventory only; detailed coverage unassessed,../../../../../banks/manitoba-precalculus-40s-provincial-exams-documents/questions/mb-pc40s-2018-jun-q46.json
mb-pc40s-2018-jun-q47,2018-jun,12P.R.10,3,frq,no-calculator,False,,mb-40s-exp-common-base;mb-40s-exp-logs;mb-40s-exp-growth-decay;mb-40s-exp-finance;mb-40s-log-solve;mb-40s-log-scales,inventory only; detailed coverage unassessed,../../../../../banks/manitoba-precalculus-40s-provincial-exams-documents/questions/mb-pc40s-2018-jun-q47.json
mb-pc40s-2018-jun-q48,2018-jun,12P.T.5,2,frq,no-calculator,False,,mb-40s-te-verify;mb-40s-te-first-degree;mb-40s-te-first-degree-approx;mb-40s-te-double-angle;mb-40s-te-second-degree;mb-40s-te-identities;mb-40s-te-general;mb-40s-te-find-error;mb-40s-te-graphical,inventory only; detailed coverage unassessed,../../../../../banks/manitoba-precalculus-40s-provincial-exams-documents/questions/mb-pc40s-2018-jun-q48.json
mb-pc40s-2019-jan-q01,2019-jan,12P.T.1,2,frq,calculator-active,True,,mb-40s-ang-deg-to-rad;mb-40s-ang-rad-to-deg;mb-40s-ang-coterminal;mb-40s-ang-coterminal-general;mb-40s-ang-arc-length;mb-40s-ang-sketch,inventory only; detailed coverage unassessed,../../../../../banks/manitoba-precalculus-40s-provincial-exams-documents/questions/mb-pc40s-2019-jan-q01.json
mb-pc40s-2019-jan-q02,2019-jan,12P.P.1,1,frq,calculator-active,False,,mb-40s-pc-fcp,inventory only; detailed coverage unassessed,../../../../../banks/manitoba-precalculus-40s-provincial-exams-documents/questions/mb-pc40s-2019-jan-q02.json
mb-pc40s-2019-jan-q03,2019-jan,12P.R.10,3,frq,calculator-active,False,,mb-40s-exp-common-base;mb-40s-exp-logs;mb-40s-exp-growth-decay;mb-40s-exp-finance;mb-40s-log-solve;mb-40s-log-scales,inventory only; detailed coverage unassessed,../../../../../banks/manitoba-precalculus-40s-provincial-exams-documents/questions/mb-pc40s-2019-jan-q03.json
mb-pc40s-2019-jan-q04,2019-jan,12P.P.4,3,frq,calculator-active,False,,mb-40s-bin-pascal;mb-40s-bin-expand;mb-40s-bin-term;mb-40s-bin-term-power;mb-40s-bin-coefficient,inventory only; detailed coverage unassessed,../../../../../banks/manitoba-precalculus-40s-provincial-exams-documents/questions/mb-pc40s-2019-jan-q04.json
mb-pc40s-2019-jan-q05,2019-jan,12P.R.10,3,frq,calculator-active,False,,mb-40s-exp-common-base;mb-40s-exp-logs;mb-40s-exp-growth-decay;mb-40s-exp-finance;mb-40s-log-solve;mb-40s-log-scales,inventory only; detailed coverage unassessed,../../../../../banks/manitoba-precalculus-40s-provincial-exams-documents/questions/mb-pc40s-2019-jan-q05.json
mb-pc40s-2019-jan-q06,2019-jan,12P.T.1,1,frq,no-calculator,True,,mb-40s-ang-deg-to-rad;mb-40s-ang-rad-to-deg;mb-40s-ang-coterminal;mb-40s-ang-coterminal-general;mb-40s-ang-arc-length;mb-40s-ang-sketch,inventory only; detailed coverage unassessed,../../../../../banks/manitoba-precalculus-40s-provincial-exams-documents/questions/mb-pc40s-2019-jan-q06.json
mb-pc40s-2019-jan-q07,2019-jan,12P.R.11,3,frq,no-calculator,False,,mb-40s-poly-divide;mb-40s-poly-remainder;mb-40s-poly-remainder-unknown;mb-40s-poly-factor-theorem;mb-40s-poly-factor;mb-40s-poly-solve,inventory only; detailed coverage unassessed,../../../../../banks/manitoba-precalculus-40s-provincial-exams-documents/questions/mb-pc40s-2019-jan-q07.json
mb-pc40s-2019-jan-q08,2019-jan,12P.P.4,1,frq,no-calculator,False,explanation,mb-40s-bin-pascal;mb-40s-bin-expand;mb-40s-bin-term;mb-40s-bin-term-power;mb-40s-bin-coefficient,inventory only; detailed coverage unassessed,../../../../../banks/manitoba-precalculus-40s-provincial-exams-documents/questions/mb-pc40s-2019-jan-q08.json
mb-pc40s-2019-jan-q09,2019-jan,12P.R.4,2,frq,no-calculator,True,,mb-40s-tr-describe;mb-40s-tr-write-equation;mb-40s-tr-map-point;mb-40s-tr-mapping-rule;mb-40s-tr-domain-range;mb-40s-tr-sketch-combined;mb-40s-tr-equation-from-graph,inventory only; detailed coverage unassessed,../../../../../banks/manitoba-precalculus-40s-provincial-exams-documents/questions/mb-pc40s-2019-jan-q09.json
mb-pc40s-2019-jan-q10,2019-jan,12P.T.6,3,frq,no-calculator,False,identity-proof,mb-40s-te-identities;mb-40s-id-simplify;mb-40s-id-npv;mb-40s-id-verify-numeric;mb-40s-id-exact-sum-diff;mb-40s-id-exact-double;mb-40s-id-single-function;mb-40s-id-prove,inventory only; detailed coverage unassessed,../../../../../banks/manitoba-precalculus-40s-provincial-exams-documents/questions/mb-pc40s-2019-jan-q10.json
mb-pc40s-2019-jan-q11,2019-jan,12P.R.3,1,frq,no-calculator,False,,mb-40s-tr-describe;mb-40s-tr-write-equation;mb-40s-tr-map-point;mb-40s-tr-sketch-stretch;mb-40s-tr-equation-from-graph,inventory only; detailed coverage unassessed,../../../../../banks/manitoba-precalculus-40s-provincial-exams-documents/questions/mb-pc40s-2019-jan-q11.json
mb-pc40s-2019-jan-q12,2019-jan,12P.R.8,3,frq,no-calculator,False,,mb-40s-log-expand;mb-40s-log-condense;mb-40s-log-evaluate-laws;mb-40s-log-approx;mb-40s-log-prove-law,inventory only; detailed coverage unassessed,../../../../../banks/manitoba-precalculus-40s-provincial-exams-documents/questions/mb-pc40s-2019-jan-q12.json
mb-pc40s-2019-jan-q13,2019-jan,12P.T.3,1,frq,no-calculator,False,explanation,mb-40s-ratio-exact;mb-40s-ratio-approx;mb-40s-ratio-terminal-point;mb-40s-ratio-terminal-angle;mb-40s-ratio-given-one;mb-40s-ratio-find-angles;mb-40s-ratio-problem,inventory only; detailed coverage unassessed,../../../../../banks/manitoba-precalculus-40s-provincial-exams-documents/questions/mb-pc40s-2019-jan-q13.json
mb-pc40s-2019-jan-q14,2019-jan,12P.R.14,2,frq,no-calculator,False,,mb-40s-rat-npv;mb-40s-rat-features;mb-40s-rat-hole;mb-40s-rat-behaviour;mb-40s-rat-sketch;mb-40s-rat-match;mb-40s-rat-solve-graphically,inventory only; detailed coverage unassessed,../../../../../banks/manitoba-precalculus-40s-provincial-exams-documents/questions/mb-pc40s-2019-jan-q14.json
mb-pc40s-2019-jan-q15,2019-jan,12P.R.5,1,frq,no-calculator,False,,mb-40s-tr-reflect-point;mb-40s-tr-reflect-equation;mb-40s-tr-reflect-sketch,inventory only; detailed coverage unassessed,../../../../../banks/manitoba-precalculus-40s-provincial-exams-documents/questions/mb-pc40s-2019-jan-q15.json
mb-pc40s-2019-jan-q16,2019-jan,12P.P.2,1,frq,no-calculator,False,,mb-40s-pc-factorial;mb-40s-pc-permutations;mb-40s-pc-identical;mb-40s-pc-conditions;mb-40s-pc-npr-equation;mb-40s-pc-which,inventory only; detailed coverage unassessed,../../../../../banks/manitoba-precalculus-40s-provincial-exams-documents/questions/mb-pc40s-2019-jan-q16.json
mb-pc40s-2019-jan-q17,2019-jan,12P.R.1,2,frq,no-calculator,True,multipart,mb-40s-op-equation;mb-40s-op-domain;mb-40s-op-evaluate;mb-40s-op-compose-evaluate;mb-40s-op-compose-equation;mb-40s-op-decompose;mb-40s-op-from-graphs;mb-40s-op-sketch;mb-40s-op-abs-reciprocal,inventory only; detailed coverage unassessed,../../../../../banks/manitoba-precalculus-40s-provincial-exams-documents/questions/mb-pc40s-2019-jan-q17.json
mb-pc40s-2019-jan-q18,2019-jan,12P.R.11,1,mcq,no-calculator,False,,mb-40s-poly-divide;mb-40s-poly-remainder;mb-40s-poly-remainder-unknown;mb-40s-poly-factor-theorem;mb-40s-poly-factor;mb-40s-poly-solve,inventory only; detailed coverage unassessed,../../../../../banks/manitoba-precalculus-40s-provincial-exams-documents/questions/mb-pc40s-2019-jan-q18.json
mb-pc40s-2019-jan-q19,2019-jan,12P.R.7,1,mcq,no-calculator,False,,mb-40s-log-convert;mb-40s-log-evaluate;mb-40s-log-estimate,inventory only; detailed coverage unassessed,../../../../../banks/manitoba-precalculus-40s-provincial-exams-documents/questions/mb-pc40s-2019-jan-q19.json
mb-pc40s-2019-jan-q20,2019-jan,12P.P.3,1,mcq,no-calculator,False,,mb-40s-pc-combinations;mb-40s-pc-combination-cases;mb-40s-pc-ncr-equation;mb-40s-pc-which,inventory only; detailed coverage unassessed,../../../../../banks/manitoba-precalculus-40s-provincial-exams-documents/questions/mb-pc40s-2019-jan-q20.json
mb-pc40s-2019-jan-q21,2019-jan,12P.R.1,1,mcq,no-calculator,False,,mb-40s-op-equation;mb-40s-op-domain;mb-40s-op-evaluate;mb-40s-op-compose-evaluate;mb-40s-op-compose-equation;mb-40s-op-decompose;mb-40s-op-from-graphs;mb-40s-op-sketch;mb-40s-op-abs-reciprocal,inventory only; detailed coverage unassessed,../../../../../banks/manitoba-precalculus-40s-provincial-exams-documents/questions/mb-pc40s-2019-jan-q21.json
mb-pc40s-2019-jan-q22,2019-jan,12P.T.6,1,mcq,no-calculator,False,,mb-40s-te-identities;mb-40s-id-simplify;mb-40s-id-npv;mb-40s-id-verify-numeric;mb-40s-id-exact-sum-diff;mb-40s-id-exact-double;mb-40s-id-single-function;mb-40s-id-prove,inventory only; detailed coverage unassessed,../../../../../banks/manitoba-precalculus-40s-provincial-exams-documents/questions/mb-pc40s-2019-jan-q22.json
mb-pc40s-2019-jan-q23,2019-jan,12P.P.4,1,mcq,no-calculator,False,,mb-40s-bin-pascal;mb-40s-bin-expand;mb-40s-bin-term;mb-40s-bin-term-power;mb-40s-bin-coefficient,inventory only; detailed coverage unassessed,../../../../../banks/manitoba-precalculus-40s-provincial-exams-documents/questions/mb-pc40s-2019-jan-q23.json
mb-pc40s-2019-jan-q24,2019-jan,12P.R.13,1,mcq,no-calculator,False,,mb-40s-rad-domain-range;mb-40s-rad-describe;mb-40s-rad-sqrt-f-domain;mb-40s-rad-sketch-table;mb-40s-rad-sketch-transform;mb-40s-rad-sketch-sqrt-f;mb-40s-rad-solve-graphically,inventory only; detailed coverage unassessed,../../../../../banks/manitoba-precalculus-40s-provincial-exams-documents/questions/mb-pc40s-2019-jan-q24.json
mb-pc40s-2019-jan-q25,2019-jan,12P.T.1,1,mcq,no-calculator,False,,mb-40s-ang-deg-to-rad;mb-40s-ang-rad-to-deg;mb-40s-ang-coterminal;mb-40s-ang-coterminal-general;mb-40s-ang-arc-length;mb-40s-ang-sketch,inventory only; detailed coverage unassessed,../../../../../banks/manitoba-precalculus-40s-provincial-exams-documents/questions/mb-pc40s-2019-jan-q25.json
mb-pc40s-2019-jan-q26,2019-jan,12P.R.1,1,mcq,no-calculator,False,,mb-40s-op-equation;mb-40s-op-domain;mb-40s-op-evaluate;mb-40s-op-compose-evaluate;mb-40s-op-compose-equation;mb-40s-op-decompose;mb-40s-op-from-graphs;mb-40s-op-sketch;mb-40s-op-abs-reciprocal,inventory only; detailed coverage unassessed,../../../../../banks/manitoba-precalculus-40s-provincial-exams-documents/questions/mb-pc40s-2019-jan-q26.json
mb-pc40s-2019-jan-q27,2019-jan,12P.R.2,1,mcq,no-calculator,False,,mb-40s-tr-describe;mb-40s-tr-write-equation;mb-40s-tr-map-point;mb-40s-tr-sketch-translation;mb-40s-tr-equation-from-graph,inventory only; detailed coverage unassessed,../../../../../banks/manitoba-precalculus-40s-provincial-exams-documents/questions/mb-pc40s-2019-jan-q27.json
mb-pc40s-2019-jan-q28,2019-jan,12P.T.6,2,frq,no-calculator,False,,mb-40s-te-identities;mb-40s-id-simplify;mb-40s-id-npv;mb-40s-id-verify-numeric;mb-40s-id-exact-sum-diff;mb-40s-id-exact-double;mb-40s-id-single-function;mb-40s-id-prove,inventory only; detailed coverage unassessed,../../../../../banks/manitoba-precalculus-40s-provincial-exams-documents/questions/mb-pc40s-2019-jan-q28.json
mb-pc40s-2019-jan-q29,2019-jan,12P.T.4,1,frq,no-calculator,False,,mb-40s-tf-characteristics-basic;mb-40s-tf-characteristics;mb-40s-tf-max-min;mb-40s-tf-equation-from-features;mb-40s-tf-model;mb-40s-tf-sketch;mb-40s-tf-equation-from-graph,inventory only; detailed coverage unassessed,../../../../../banks/manitoba-precalculus-40s-provincial-exams-documents/questions/mb-pc40s-2019-jan-q29.json
mb-pc40s-2019-jan-q30,2019-jan,12P.R.12,2,frq,no-calculator,True,,mb-40s-poly-solve;mb-40s-poly-zeros-multiplicity;mb-40s-poly-end-behaviour;mb-40s-poly-identify;mb-40s-poly-write;mb-40s-poly-model;mb-40s-poly-sketch;mb-40s-poly-match;mb-40s-poly-from-graph,inventory only; detailed coverage unassessed,../../../../../banks/manitoba-precalculus-40s-provincial-exams-documents/questions/mb-pc40s-2019-jan-q30.json
mb-pc40s-2019-jan-q31,2019-jan,12P.T.5,4,frq,no-calculator,False,,mb-40s-te-verify;mb-40s-te-first-degree;mb-40s-te-first-degree-approx;mb-40s-te-double-angle;mb-40s-te-second-degree;mb-40s-te-identities;mb-40s-te-general;mb-40s-te-find-error;mb-40s-te-graphical,inventory only; detailed coverage unassessed,../../../../../banks/manitoba-precalculus-40s-provincial-exams-documents/questions/mb-pc40s-2019-jan-q31.json
mb-pc40s-2019-jan-q32,2019-jan,12P.R.12,1,frq,no-calculator,False,explanation,mb-40s-poly-solve;mb-40s-poly-zeros-multiplicity;mb-40s-poly-end-behaviour;mb-40s-poly-identify;mb-40s-poly-write;mb-40s-poly-model;mb-40s-poly-sketch;mb-40s-poly-match;mb-40s-poly-from-graph,inventory only; detailed coverage unassessed,../../../../../banks/manitoba-precalculus-40s-provincial-exams-documents/questions/mb-pc40s-2019-jan-q32.json
mb-pc40s-2019-jan-q33,2019-jan,12P.T.2,2,frq,no-calculator,False,,mb-40s-uc-point;mb-40s-uc-circle-equation,inventory only; detailed coverage unassessed,../../../../../banks/manitoba-precalculus-40s-provincial-exams-documents/questions/mb-pc40s-2019-jan-q33.json
mb-pc40s-2019-jan-q34,2019-jan,12P.R.9,3,frq,no-calculator,True,,mb-40s-exp-characteristics;mb-40s-exp-transformed;mb-40s-exp-sketch;mb-40s-log-characteristics;mb-40s-log-sketch,inventory only; detailed coverage unassessed,../../../../../banks/manitoba-precalculus-40s-provincial-exams-documents/questions/mb-pc40s-2019-jan-q34.json
mb-pc40s-2019-jan-q35,2019-jan,12P.R.13,1,frq,no-calculator,False,,mb-40s-rad-domain-range;mb-40s-rad-describe;mb-40s-rad-sqrt-f-domain;mb-40s-rad-sketch-table;mb-40s-rad-sketch-transform;mb-40s-rad-sketch-sqrt-f;mb-40s-rad-solve-graphically,inventory only; detailed coverage unassessed,../../../../../banks/manitoba-precalculus-40s-provincial-exams-documents/questions/mb-pc40s-2019-jan-q35.json
mb-pc40s-2019-jan-q36,2019-jan,12P.R.10,1,frq,no-calculator,False,explanation,mb-40s-exp-common-base;mb-40s-exp-logs;mb-40s-exp-growth-decay;mb-40s-exp-finance;mb-40s-log-solve;mb-40s-log-scales,inventory only; detailed coverage unassessed,../../../../../banks/manitoba-precalculus-40s-provincial-exams-documents/questions/mb-pc40s-2019-jan-q36.json
mb-pc40s-2019-jan-q37,2019-jan,12P.R.13,3,frq,no-calculator,True,,mb-40s-rad-domain-range;mb-40s-rad-describe;mb-40s-rad-sqrt-f-domain;mb-40s-rad-sketch-table;mb-40s-rad-sketch-transform;mb-40s-rad-sketch-sqrt-f;mb-40s-rad-solve-graphically,inventory only; detailed coverage unassessed,../../../../../banks/manitoba-precalculus-40s-provincial-exams-documents/questions/mb-pc40s-2019-jan-q37.json
mb-pc40s-2019-jan-q38,2019-jan,12P.P.3,3,frq,no-calculator,False,,mb-40s-pc-combinations;mb-40s-pc-combination-cases;mb-40s-pc-ncr-equation;mb-40s-pc-which,inventory only; detailed coverage unassessed,../../../../../banks/manitoba-precalculus-40s-provincial-exams-documents/questions/mb-pc40s-2019-jan-q38.json
mb-pc40s-2019-jan-q39,2019-jan,12P.R.1,1,frq,no-calculator,False,explanation,mb-40s-op-equation;mb-40s-op-domain;mb-40s-op-evaluate;mb-40s-op-compose-evaluate;mb-40s-op-compose-equation;mb-40s-op-decompose;mb-40s-op-from-graphs;mb-40s-op-sketch;mb-40s-op-abs-reciprocal,inventory only; detailed coverage unassessed,../../../../../banks/manitoba-precalculus-40s-provincial-exams-documents/questions/mb-pc40s-2019-jan-q39.json
mb-pc40s-2019-jan-q40,2019-jan,12P.T.3,3,frq,no-calculator,False,,mb-40s-ratio-exact;mb-40s-ratio-approx;mb-40s-ratio-terminal-point;mb-40s-ratio-terminal-angle;mb-40s-ratio-given-one;mb-40s-ratio-find-angles;mb-40s-ratio-problem,inventory only; detailed coverage unassessed,../../../../../banks/manitoba-precalculus-40s-provincial-exams-documents/questions/mb-pc40s-2019-jan-q40.json
mb-pc40s-2019-jan-q41,2019-jan,12P.R.10,1,frq,no-calculator,False,,mb-40s-exp-common-base;mb-40s-exp-logs;mb-40s-exp-growth-decay;mb-40s-exp-finance;mb-40s-log-solve;mb-40s-log-scales,inventory only; detailed coverage unassessed,../../../../../banks/manitoba-precalculus-40s-provincial-exams-documents/questions/mb-pc40s-2019-jan-q41.json
mb-pc40s-2019-jan-q42,2019-jan,12P.T.4,4,frq,no-calculator,True,,mb-40s-tf-characteristics-basic;mb-40s-tf-characteristics;mb-40s-tf-max-min;mb-40s-tf-equation-from-features;mb-40s-tf-model;mb-40s-tf-sketch;mb-40s-tf-equation-from-graph,inventory only; detailed coverage unassessed,../../../../../banks/manitoba-precalculus-40s-provincial-exams-documents/questions/mb-pc40s-2019-jan-q42.json
mb-pc40s-2019-jan-q43,2019-jan,12P.R.1,2,frq,no-calculator,True,,mb-40s-op-equation;mb-40s-op-domain;mb-40s-op-evaluate;mb-40s-op-compose-evaluate;mb-40s-op-compose-equation;mb-40s-op-decompose;mb-40s-op-from-graphs;mb-40s-op-sketch;mb-40s-op-abs-reciprocal,inventory only; detailed coverage unassessed,../../../../../banks/manitoba-precalculus-40s-provincial-exams-documents/questions/mb-pc40s-2019-jan-q43.json
mb-pc40s-2019-jan-q44,2019-jan,12P.R.13,1,frq,no-calculator,True,error-analysis,mb-40s-rad-domain-range;mb-40s-rad-describe;mb-40s-rad-sqrt-f-domain;mb-40s-rad-sketch-table;mb-40s-rad-sketch-transform;mb-40s-rad-sketch-sqrt-f;mb-40s-rad-solve-graphically,inventory only; detailed coverage unassessed,../../../../../banks/manitoba-precalculus-40s-provincial-exams-documents/questions/mb-pc40s-2019-jan-q44.json
mb-pc40s-2019-jan-q45,2019-jan,12P.T.6,3,frq,no-calculator,False,,mb-40s-te-identities;mb-40s-id-simplify;mb-40s-id-npv;mb-40s-id-verify-numeric;mb-40s-id-exact-sum-diff;mb-40s-id-exact-double;mb-40s-id-single-function;mb-40s-id-prove,inventory only; detailed coverage unassessed,../../../../../banks/manitoba-precalculus-40s-provincial-exams-documents/questions/mb-pc40s-2019-jan-q45.json
mb-pc40s-2019-jan-q46,2019-jan,12P.R.14,1,frq,no-calculator,False,,mb-40s-rat-npv;mb-40s-rat-features;mb-40s-rat-hole;mb-40s-rat-behaviour;mb-40s-rat-sketch;mb-40s-rat-match;mb-40s-rat-solve-graphically,inventory only; detailed coverage unassessed,../../../../../banks/manitoba-precalculus-40s-provincial-exams-documents/questions/mb-pc40s-2019-jan-q46.json
mb-pc40s-2019-jan-q47,2019-jan,12P.R.14,4,frq,no-calculator,True,,mb-40s-rat-npv;mb-40s-rat-features;mb-40s-rat-hole;mb-40s-rat-behaviour;mb-40s-rat-sketch;mb-40s-rat-match;mb-40s-rat-solve-graphically,inventory only; detailed coverage unassessed,../../../../../banks/manitoba-precalculus-40s-provincial-exams-documents/questions/mb-pc40s-2019-jan-q47.json
mb-pc40s-2019-jan-q48,2019-jan,12P.R.6,2,frq,no-calculator,False,,mb-40s-inv-linear;mb-40s-inv-quadratic;mb-40s-inv-verify;mb-40s-inv-domain-range;mb-40s-inv-is-function;mb-40s-inv-sketch,inventory only; detailed coverage unassessed,../../../../../banks/manitoba-precalculus-40s-provincial-exams-documents/questions/mb-pc40s-2019-jan-q48.json
mb-pc40s-2019-jan-q49,2019-jan,12P.R.12,2,frq,no-calculator,True,,mb-40s-poly-solve;mb-40s-poly-zeros-multiplicity;mb-40s-poly-end-behaviour;mb-40s-poly-identify;mb-40s-poly-write;mb-40s-poly-model;mb-40s-poly-sketch;mb-40s-poly-match;mb-40s-poly-from-graph,inventory only; detailed coverage unassessed,../../../../../banks/manitoba-precalculus-40s-provincial-exams-documents/questions/mb-pc40s-2019-jan-q49.json
mb-pc40s-2019-jun-q01,2019-jun,12P.P.2,2,frq,calculator-active,False,,mb-40s-pc-factorial;mb-40s-pc-permutations;mb-40s-pc-identical;mb-40s-pc-conditions;mb-40s-pc-npr-equation;mb-40s-pc-which,inventory only; detailed coverage unassessed,../../../../../banks/manitoba-precalculus-40s-provincial-exams-documents/questions/mb-pc40s-2019-jun-q01.json
mb-pc40s-2019-jun-q02,2019-jun,12P.T.5,4,frq,calculator-active,False,,mb-40s-te-verify;mb-40s-te-first-degree;mb-40s-te-first-degree-approx;mb-40s-te-double-angle;mb-40s-te-second-degree;mb-40s-te-identities;mb-40s-te-general;mb-40s-te-find-error;mb-40s-te-graphical,inventory only; detailed coverage unassessed,../../../../../banks/manitoba-precalculus-40s-provincial-exams-documents/questions/mb-pc40s-2019-jun-q02.json
mb-pc40s-2019-jun-q03,2019-jun,12P.P.4,3,frq,calculator-active,False,,mb-40s-bin-pascal;mb-40s-bin-expand;mb-40s-bin-term;mb-40s-bin-term-power;mb-40s-bin-coefficient,inventory only; detailed coverage unassessed,../../../../../banks/manitoba-precalculus-40s-provincial-exams-documents/questions/mb-pc40s-2019-jun-q03.json
mb-pc40s-2019-jun-q04,2019-jun,12P.R.10,3,frq,calculator-active,False,multipart,mb-40s-exp-common-base;mb-40s-exp-logs;mb-40s-exp-growth-decay;mb-40s-exp-finance;mb-40s-log-solve;mb-40s-log-scales,inventory only; detailed coverage unassessed,../../../../../banks/manitoba-precalculus-40s-provincial-exams-documents/questions/mb-pc40s-2019-jun-q04.json
mb-pc40s-2019-jun-q05,2019-jun,12P.T.1,1,frq,no-calculator,False,error-analysis,mb-40s-ang-deg-to-rad;mb-40s-ang-rad-to-deg;mb-40s-ang-coterminal;mb-40s-ang-coterminal-general;mb-40s-ang-arc-length;mb-40s-ang-sketch,inventory only; detailed coverage unassessed,../../../../../banks/manitoba-precalculus-40s-provincial-exams-documents/questions/mb-pc40s-2019-jun-q05.json
mb-pc40s-2019-jun-q06,2019-jun,12P.R.13,1,frq,no-calculator,True,,mb-40s-rad-domain-range;mb-40s-rad-describe;mb-40s-rad-sqrt-f-domain;mb-40s-rad-sketch-table;mb-40s-rad-sketch-transform;mb-40s-rad-sketch-sqrt-f;mb-40s-rad-solve-graphically,inventory only; detailed coverage unassessed,../../../../../banks/manitoba-precalculus-40s-provincial-exams-documents/questions/mb-pc40s-2019-jun-q06.json
mb-pc40s-2019-jun-q07,2019-jun,12P.R.10,3,frq,no-calculator,False,,mb-40s-exp-common-base;mb-40s-exp-logs;mb-40s-exp-growth-decay;mb-40s-exp-finance;mb-40s-log-solve;mb-40s-log-scales,inventory only; detailed coverage unassessed,../../../../../banks/manitoba-precalculus-40s-provincial-exams-documents/questions/mb-pc40s-2019-jun-q07.json
mb-pc40s-2019-jun-q08,2019-jun,12P.P.3,1,frq,no-calculator,False,explanation,mb-40s-pc-combinations;mb-40s-pc-combination-cases;mb-40s-pc-ncr-equation;mb-40s-pc-which,inventory only; detailed coverage unassessed,../../../../../banks/manitoba-precalculus-40s-provincial-exams-documents/questions/mb-pc40s-2019-jun-q08.json
mb-pc40s-2019-jun-q09,2019-jun,12P.R.2,3,frq,no-calculator,False,,mb-40s-tr-describe;mb-40s-tr-write-equation;mb-40s-tr-map-point;mb-40s-tr-sketch-translation;mb-40s-tr-equation-from-graph,inventory only; detailed coverage unassessed,../../../../../banks/manitoba-precalculus-40s-provincial-exams-documents/questions/mb-pc40s-2019-jun-q09.json
mb-pc40s-2019-jun-q10,2019-jun,12P.R.14,1,frq,no-calculator,False,explanation,mb-40s-rat-npv;mb-40s-rat-features;mb-40s-rat-hole;mb-40s-rat-behaviour;mb-40s-rat-sketch;mb-40s-rat-match;mb-40s-rat-solve-graphically,inventory only; detailed coverage unassessed,../../../../../banks/manitoba-precalculus-40s-provincial-exams-documents/questions/mb-pc40s-2019-jun-q10.json
mb-pc40s-2019-jun-q11,2019-jun,12P.R.1,1,frq,no-calculator,True,,mb-40s-op-equation;mb-40s-op-domain;mb-40s-op-evaluate;mb-40s-op-compose-evaluate;mb-40s-op-compose-equation;mb-40s-op-decompose;mb-40s-op-from-graphs;mb-40s-op-sketch;mb-40s-op-abs-reciprocal,inventory only; detailed coverage unassessed,../../../../../banks/manitoba-precalculus-40s-provincial-exams-documents/questions/mb-pc40s-2019-jun-q11.json
mb-pc40s-2019-jun-q12,2019-jun,12P.T.5,1,frq,no-calculator,False,error-analysis,mb-40s-te-verify;mb-40s-te-first-degree;mb-40s-te-first-degree-approx;mb-40s-te-double-angle;mb-40s-te-second-degree;mb-40s-te-identities;mb-40s-te-general;mb-40s-te-find-error;mb-40s-te-graphical,inventory only; detailed coverage unassessed,../../../../../banks/manitoba-precalculus-40s-provincial-exams-documents/questions/mb-pc40s-2019-jun-q12.json
mb-pc40s-2019-jun-q13,2019-jun,12P.P.2,3,frq,no-calculator,False,,mb-40s-pc-factorial;mb-40s-pc-permutations;mb-40s-pc-identical;mb-40s-pc-conditions;mb-40s-pc-npr-equation;mb-40s-pc-which,inventory only; detailed coverage unassessed,../../../../../banks/manitoba-precalculus-40s-provincial-exams-documents/questions/mb-pc40s-2019-jun-q13.json
mb-pc40s-2019-jun-q14,2019-jun,12P.R.13,2,frq,no-calculator,True,,mb-40s-rad-domain-range;mb-40s-rad-describe;mb-40s-rad-sqrt-f-domain;mb-40s-rad-sketch-table;mb-40s-rad-sketch-transform;mb-40s-rad-sketch-sqrt-f;mb-40s-rad-solve-graphically,inventory only; detailed coverage unassessed,../../../../../banks/manitoba-precalculus-40s-provincial-exams-documents/questions/mb-pc40s-2019-jun-q14.json
mb-pc40s-2019-jun-q15,2019-jun,12P.T.6,3,frq,no-calculator,False,identity-proof,mb-40s-te-identities;mb-40s-id-simplify;mb-40s-id-npv;mb-40s-id-verify-numeric;mb-40s-id-exact-sum-diff;mb-40s-id-exact-double;mb-40s-id-single-function;mb-40s-id-prove,inventory only; detailed coverage unassessed,../../../../../banks/manitoba-precalculus-40s-provincial-exams-documents/questions/mb-pc40s-2019-jun-q15.json
mb-pc40s-2019-jun-q16,2019-jun,12P.T.1,1,frq,no-calculator,True,,mb-40s-ang-deg-to-rad;mb-40s-ang-rad-to-deg;mb-40s-ang-coterminal;mb-40s-ang-coterminal-general;mb-40s-ang-arc-length;mb-40s-ang-sketch,inventory only; detailed coverage unassessed,../../../../../banks/manitoba-precalculus-40s-provincial-exams-documents/questions/mb-pc40s-2019-jun-q16.json
mb-pc40s-2019-jun-q17,2019-jun,12P.R.1,1,frq,no-calculator,False,,mb-40s-op-equation;mb-40s-op-domain;mb-40s-op-evaluate;mb-40s-op-compose-evaluate;mb-40s-op-compose-equation;mb-40s-op-decompose;mb-40s-op-from-graphs;mb-40s-op-sketch;mb-40s-op-abs-reciprocal,inventory only; detailed coverage unassessed,../../../../../banks/manitoba-precalculus-40s-provincial-exams-documents/questions/mb-pc40s-2019-jun-q17.json
mb-pc40s-2019-jun-q18,2019-jun,12P.R.3,1,mcq,no-calculator,False,,mb-40s-tr-describe;mb-40s-tr-write-equation;mb-40s-tr-map-point;mb-40s-tr-sketch-stretch;mb-40s-tr-equation-from-graph,inventory only; detailed coverage unassessed,../../../../../banks/manitoba-precalculus-40s-provincial-exams-documents/questions/mb-pc40s-2019-jun-q18.json
mb-pc40s-2019-jun-q19,2019-jun,12P.R.8,1,mcq,no-calculator,False,,mb-40s-log-expand;mb-40s-log-condense;mb-40s-log-evaluate-laws;mb-40s-log-approx;mb-40s-log-prove-law,inventory only; detailed coverage unassessed,../../../../../banks/manitoba-precalculus-40s-provincial-exams-documents/questions/mb-pc40s-2019-jun-q19.json
mb-pc40s-2019-jun-q20,2019-jun,12P.T.1,1,mcq,no-calculator,False,,mb-40s-ang-deg-to-rad;mb-40s-ang-rad-to-deg;mb-40s-ang-coterminal;mb-40s-ang-coterminal-general;mb-40s-ang-arc-length;mb-40s-ang-sketch,inventory only; detailed coverage unassessed,../../../../../banks/manitoba-precalculus-40s-provincial-exams-documents/questions/mb-pc40s-2019-jun-q20.json
mb-pc40s-2019-jun-q21,2019-jun,12P.R.6,1,mcq,no-calculator,False,,mb-40s-inv-linear;mb-40s-inv-quadratic;mb-40s-inv-verify;mb-40s-inv-domain-range;mb-40s-inv-is-function;mb-40s-inv-sketch,inventory only; detailed coverage unassessed,../../../../../banks/manitoba-precalculus-40s-provincial-exams-documents/questions/mb-pc40s-2019-jun-q21.json
mb-pc40s-2019-jun-q22,2019-jun,12P.R.12,1,mcq,no-calculator,False,,mb-40s-poly-solve;mb-40s-poly-zeros-multiplicity;mb-40s-poly-end-behaviour;mb-40s-poly-identify;mb-40s-poly-write;mb-40s-poly-model;mb-40s-poly-sketch;mb-40s-poly-match;mb-40s-poly-from-graph,inventory only; detailed coverage unassessed,../../../../../banks/manitoba-precalculus-40s-provincial-exams-documents/questions/mb-pc40s-2019-jun-q22.json
mb-pc40s-2019-jun-q23,2019-jun,12P.P.4,1,mcq,no-calculator,False,,mb-40s-bin-pascal;mb-40s-bin-expand;mb-40s-bin-term;mb-40s-bin-term-power;mb-40s-bin-coefficient,inventory only; detailed coverage unassessed,../../../../../banks/manitoba-precalculus-40s-provincial-exams-documents/questions/mb-pc40s-2019-jun-q23.json
mb-pc40s-2019-jun-q24,2019-jun,12P.T.6,1,mcq,no-calculator,False,,mb-40s-te-identities;mb-40s-id-simplify;mb-40s-id-npv;mb-40s-id-verify-numeric;mb-40s-id-exact-sum-diff;mb-40s-id-exact-double;mb-40s-id-single-function;mb-40s-id-prove,inventory only; detailed coverage unassessed,../../../../../banks/manitoba-precalculus-40s-provincial-exams-documents/questions/mb-pc40s-2019-jun-q24.json
mb-pc40s-2019-jun-q25,2019-jun,12P.R.2,1,mcq,no-calculator,False,,mb-40s-tr-describe;mb-40s-tr-write-equation;mb-40s-tr-map-point;mb-40s-tr-sketch-translation;mb-40s-tr-equation-from-graph,inventory only; detailed coverage unassessed,../../../../../banks/manitoba-precalculus-40s-provincial-exams-documents/questions/mb-pc40s-2019-jun-q25.json
mb-pc40s-2019-jun-q26,2019-jun,12P.R.7,1,mcq,no-calculator,False,,mb-40s-log-convert;mb-40s-log-evaluate;mb-40s-log-estimate,inventory only; detailed coverage unassessed,../../../../../banks/manitoba-precalculus-40s-provincial-exams-documents/questions/mb-pc40s-2019-jun-q26.json
mb-pc40s-2019-jun-q27,2019-jun,12P.T.4,4,frq,no-calculator,True,,mb-40s-tf-characteristics-basic;mb-40s-tf-characteristics;mb-40s-tf-max-min;mb-40s-tf-equation-from-features;mb-40s-tf-model;mb-40s-tf-sketch;mb-40s-tf-equation-from-graph,inventory only; detailed coverage unassessed,../../../../../banks/manitoba-precalculus-40s-provincial-exams-documents/questions/mb-pc40s-2019-jun-q27.json
mb-pc40s-2019-jun-q28,2019-jun,12P.R.11,1,frq,no-calculator,False,explanation,mb-40s-poly-divide;mb-40s-poly-remainder;mb-40s-poly-remainder-unknown;mb-40s-poly-factor-theorem;mb-40s-poly-factor;mb-40s-poly-solve,inventory only; detailed coverage unassessed,../../../../../banks/manitoba-precalculus-40s-provincial-exams-documents/questions/mb-pc40s-2019-jun-q28.json
mb-pc40s-2019-jun-q29,2019-jun,12P.R.14,4,frq,no-calculator,True,,mb-40s-rat-npv;mb-40s-rat-features;mb-40s-rat-hole;mb-40s-rat-behaviour;mb-40s-rat-sketch;mb-40s-rat-match;mb-40s-rat-solve-graphically,inventory only; detailed coverage unassessed,../../../../../banks/manitoba-precalculus-40s-provincial-exams-documents/questions/mb-pc40s-2019-jun-q29.json
mb-pc40s-2019-jun-q30,2019-jun,12P.P.2,2,frq,no-calculator,False,,mb-40s-pc-factorial;mb-40s-pc-permutations;mb-40s-pc-identical;mb-40s-pc-conditions;mb-40s-pc-npr-equation;mb-40s-pc-which,inventory only; detailed coverage unassessed,../../../../../banks/manitoba-precalculus-40s-provincial-exams-documents/questions/mb-pc40s-2019-jun-q30.json
mb-pc40s-2019-jun-q31,2019-jun,12P.T.6,3,frq,no-calculator,True,,mb-40s-te-identities;mb-40s-id-simplify;mb-40s-id-npv;mb-40s-id-verify-numeric;mb-40s-id-exact-sum-diff;mb-40s-id-exact-double;mb-40s-id-single-function;mb-40s-id-prove,inventory only; detailed coverage unassessed,../../../../../banks/manitoba-precalculus-40s-provincial-exams-documents/questions/mb-pc40s-2019-jun-q31.json
mb-pc40s-2019-jun-q32,2019-jun,12P.R.9,3,frq,no-calculator,True,,mb-40s-exp-characteristics;mb-40s-exp-transformed;mb-40s-exp-sketch;mb-40s-log-characteristics;mb-40s-log-sketch,inventory only; detailed coverage unassessed,../../../../../banks/manitoba-precalculus-40s-provincial-exams-documents/questions/mb-pc40s-2019-jun-q32.json
mb-pc40s-2019-jun-q33,2019-jun,12P.T.1,1,frq,no-calculator,False,,mb-40s-ang-deg-to-rad;mb-40s-ang-rad-to-deg;mb-40s-ang-coterminal;mb-40s-ang-coterminal-general;mb-40s-ang-arc-length;mb-40s-ang-sketch,inventory only; detailed coverage unassessed,../../../../../banks/manitoba-precalculus-40s-provincial-exams-documents/questions/mb-pc40s-2019-jun-q33.json
mb-pc40s-2019-jun-q34,2019-jun,12P.R.9,1,frq,no-calculator,False,,mb-40s-exp-characteristics;mb-40s-exp-transformed;mb-40s-exp-sketch;mb-40s-log-characteristics;mb-40s-log-sketch,inventory only; detailed coverage unassessed,../../../../../banks/manitoba-precalculus-40s-provincial-exams-documents/questions/mb-pc40s-2019-jun-q34.json
mb-pc40s-2019-jun-q35,2019-jun,12P.T.4,1,frq,no-calculator,True,,mb-40s-tf-characteristics-basic;mb-40s-tf-characteristics;mb-40s-tf-max-min;mb-40s-tf-equation-from-features;mb-40s-tf-model;mb-40s-tf-sketch;mb-40s-tf-equation-from-graph,inventory only; detailed coverage unassessed,../../../../../banks/manitoba-precalculus-40s-provincial-exams-documents/questions/mb-pc40s-2019-jun-q35.json
mb-pc40s-2019-jun-q36,2019-jun,12P.T.6,2,frq,no-calculator,False,,mb-40s-te-identities;mb-40s-id-simplify;mb-40s-id-npv;mb-40s-id-verify-numeric;mb-40s-id-exact-sum-diff;mb-40s-id-exact-double;mb-40s-id-single-function;mb-40s-id-prove,inventory only; detailed coverage unassessed,../../../../../banks/manitoba-precalculus-40s-provincial-exams-documents/questions/mb-pc40s-2019-jun-q36.json
mb-pc40s-2019-jun-q37,2019-jun,12P.R.11,2,frq,no-calculator,False,,mb-40s-poly-divide;mb-40s-poly-remainder;mb-40s-poly-remainder-unknown;mb-40s-poly-factor-theorem;mb-40s-poly-factor;mb-40s-poly-solve,inventory only; detailed coverage unassessed,../../../../../banks/manitoba-precalculus-40s-provincial-exams-documents/questions/mb-pc40s-2019-jun-q37.json
mb-pc40s-2019-jun-q38,2019-jun,12P.R.13,1,frq,no-calculator,False,,mb-40s-rad-domain-range;mb-40s-rad-describe;mb-40s-rad-sqrt-f-domain;mb-40s-rad-sketch-table;mb-40s-rad-sketch-transform;mb-40s-rad-sketch-sqrt-f;mb-40s-rad-solve-graphically,inventory only; detailed coverage unassessed,../../../../../banks/manitoba-precalculus-40s-provincial-exams-documents/questions/mb-pc40s-2019-jun-q38.json
mb-pc40s-2019-jun-q39,2019-jun,12P.R.1,1,frq,no-calculator,True,,mb-40s-op-equation;mb-40s-op-domain;mb-40s-op-evaluate;mb-40s-op-compose-evaluate;mb-40s-op-compose-equation;mb-40s-op-decompose;mb-40s-op-from-graphs;mb-40s-op-sketch;mb-40s-op-abs-reciprocal,inventory only; detailed coverage unassessed,../../../../../banks/manitoba-precalculus-40s-provincial-exams-documents/questions/mb-pc40s-2019-jun-q39.json
mb-pc40s-2019-jun-q40,2019-jun,12P.R.10,2,frq,no-calculator,False,,mb-40s-exp-common-base;mb-40s-exp-logs;mb-40s-exp-growth-decay;mb-40s-exp-finance;mb-40s-log-solve;mb-40s-log-scales,inventory only; detailed coverage unassessed,../../../../../banks/manitoba-precalculus-40s-provincial-exams-documents/questions/mb-pc40s-2019-jun-q40.json
mb-pc40s-2019-jun-q41,2019-jun,12P.R.11,2,frq,no-calculator,False,,mb-40s-poly-divide;mb-40s-poly-remainder;mb-40s-poly-remainder-unknown;mb-40s-poly-factor-theorem;mb-40s-poly-factor;mb-40s-poly-solve,inventory only; detailed coverage unassessed,../../../../../banks/manitoba-precalculus-40s-provincial-exams-documents/questions/mb-pc40s-2019-jun-q41.json
mb-pc40s-2019-jun-q42,2019-jun,12P.R.12,3,frq,no-calculator,True,,mb-40s-poly-solve;mb-40s-poly-zeros-multiplicity;mb-40s-poly-end-behaviour;mb-40s-poly-identify;mb-40s-poly-write;mb-40s-poly-model;mb-40s-poly-sketch;mb-40s-poly-match;mb-40s-poly-from-graph,inventory only; detailed coverage unassessed,../../../../../banks/manitoba-precalculus-40s-provincial-exams-documents/questions/mb-pc40s-2019-jun-q42.json
mb-pc40s-2019-jun-q43,2019-jun,12P.R.1,2,frq,no-calculator,False,,mb-40s-op-equation;mb-40s-op-domain;mb-40s-op-evaluate;mb-40s-op-compose-evaluate;mb-40s-op-compose-equation;mb-40s-op-decompose;mb-40s-op-from-graphs;mb-40s-op-sketch;mb-40s-op-abs-reciprocal,inventory only; detailed coverage unassessed,../../../../../banks/manitoba-precalculus-40s-provincial-exams-documents/questions/mb-pc40s-2019-jun-q43.json
mb-pc40s-2019-jun-q44,2019-jun,12P.R.13,3,frq,no-calculator,True,,mb-40s-rad-domain-range;mb-40s-rad-describe;mb-40s-rad-sqrt-f-domain;mb-40s-rad-sketch-table;mb-40s-rad-sketch-transform;mb-40s-rad-sketch-sqrt-f;mb-40s-rad-solve-graphically,inventory only; detailed coverage unassessed,../../../../../banks/manitoba-precalculus-40s-provincial-exams-documents/questions/mb-pc40s-2019-jun-q44.json
mb-pc40s-2019-jun-q45,2019-jun,12P.R.9,1,frq,no-calculator,False,explanation,mb-40s-exp-characteristics;mb-40s-exp-transformed;mb-40s-exp-sketch;mb-40s-log-characteristics;mb-40s-log-sketch,inventory only; detailed coverage unassessed,../../../../../banks/manitoba-precalculus-40s-provincial-exams-documents/questions/mb-pc40s-2019-jun-q45.json
mb-pc40s-2019-jun-q46,2019-jun,12P.T.3,3,frq,no-calculator,False,,mb-40s-ratio-exact;mb-40s-ratio-approx;mb-40s-ratio-terminal-point;mb-40s-ratio-terminal-angle;mb-40s-ratio-given-one;mb-40s-ratio-find-angles;mb-40s-ratio-problem,inventory only; detailed coverage unassessed,../../../../../banks/manitoba-precalculus-40s-provincial-exams-documents/questions/mb-pc40s-2019-jun-q46.json
mb-pc40s-2019-jun-q47,2019-jun,12P.R.14,1,frq,no-calculator,False,,mb-40s-rat-npv;mb-40s-rat-features;mb-40s-rat-hole;mb-40s-rat-behaviour;mb-40s-rat-sketch;mb-40s-rat-match;mb-40s-rat-solve-graphically,inventory only; detailed coverage unassessed,../../../../../banks/manitoba-precalculus-40s-provincial-exams-documents/questions/mb-pc40s-2019-jun-q47.json
mb-pc40s-2019-jun-q48,2019-jun,12P.R.1,2,frq,no-calculator,True,,mb-40s-op-equation;mb-40s-op-domain;mb-40s-op-evaluate;mb-40s-op-compose-evaluate;mb-40s-op-compose-equation;mb-40s-op-decompose;mb-40s-op-from-graphs;mb-40s-op-sketch;mb-40s-op-abs-reciprocal,inventory only; detailed coverage unassessed,../../../../../banks/manitoba-precalculus-40s-provincial-exams-documents/questions/mb-pc40s-2019-jun-q48.json
mb-pc40s-2019-jun-q49,2019-jun,12P.T.2,2,frq,no-calculator,True,,mb-40s-uc-point;mb-40s-uc-circle-equation,inventory only; detailed coverage unassessed,../../../../../banks/manitoba-precalculus-40s-provincial-exams-documents/questions/mb-pc40s-2019-jun-q49.json
mb-pc40s-2020-jan-q01,2020-jan,12P.P.4,3,frq,calculator-active,False,,mb-40s-bin-pascal;mb-40s-bin-expand;mb-40s-bin-term;mb-40s-bin-term-power;mb-40s-bin-coefficient,inventory only; detailed coverage unassessed,../../../../../banks/manitoba-precalculus-40s-provincial-exams-documents/questions/mb-pc40s-2020-jan-q01.json
mb-pc40s-2020-jan-q02,2020-jan,12P.R.10,2,frq,calculator-active,False,,mb-40s-exp-common-base;mb-40s-exp-logs;mb-40s-exp-growth-decay;mb-40s-exp-finance;mb-40s-log-solve;mb-40s-log-scales,inventory only; detailed coverage unassessed,../../../../../banks/manitoba-precalculus-40s-provincial-exams-documents/questions/mb-pc40s-2020-jan-q02.json
mb-pc40s-2020-jan-q03,2020-jan,12P.T.5,3,frq,calculator-active,False,,mb-40s-te-verify;mb-40s-te-first-degree;mb-40s-te-first-degree-approx;mb-40s-te-double-angle;mb-40s-te-second-degree;mb-40s-te-identities;mb-40s-te-general;mb-40s-te-find-error;mb-40s-te-graphical,inventory only; detailed coverage unassessed,../../../../../banks/manitoba-precalculus-40s-provincial-exams-documents/questions/mb-pc40s-2020-jan-q03.json
mb-pc40s-2020-jan-q04,2020-jan,12P.P.3,3,frq,calculator-active,False,,mb-40s-pc-combinations;mb-40s-pc-combination-cases;mb-40s-pc-ncr-equation;mb-40s-pc-which,inventory only; detailed coverage unassessed,../../../../../banks/manitoba-precalculus-40s-provincial-exams-documents/questions/mb-pc40s-2020-jan-q04.json
mb-pc40s-2020-jan-q05,2020-jan,12P.R.1,2,frq,no-calculator,True,,mb-40s-op-equation;mb-40s-op-domain;mb-40s-op-evaluate;mb-40s-op-compose-evaluate;mb-40s-op-compose-equation;mb-40s-op-decompose;mb-40s-op-from-graphs;mb-40s-op-sketch;mb-40s-op-abs-reciprocal,inventory only; detailed coverage unassessed,../../../../../banks/manitoba-precalculus-40s-provincial-exams-documents/questions/mb-pc40s-2020-jan-q05.json
mb-pc40s-2020-jan-q06,2020-jan,12P.R.2,3,frq,no-calculator,False,,mb-40s-tr-describe;mb-40s-tr-write-equation;mb-40s-tr-map-point;mb-40s-tr-sketch-translation;mb-40s-tr-equation-from-graph,inventory only; detailed coverage unassessed,../../../../../banks/manitoba-precalculus-40s-provincial-exams-documents/questions/mb-pc40s-2020-jan-q06.json
mb-pc40s-2020-jan-q07,2020-jan,12P.R.8,2,frq,no-calculator,False,,mb-40s-log-expand;mb-40s-log-condense;mb-40s-log-evaluate-laws;mb-40s-log-approx;mb-40s-log-prove-law,inventory only; detailed coverage unassessed,../../../../../banks/manitoba-precalculus-40s-provincial-exams-documents/questions/mb-pc40s-2020-jan-q07.json
mb-pc40s-2020-jan-q08,2020-jan,12P.R.13,2,frq,no-calculator,False,,mb-40s-rad-domain-range;mb-40s-rad-describe;mb-40s-rad-sqrt-f-domain;mb-40s-rad-sketch-table;mb-40s-rad-sketch-transform;mb-40s-rad-sketch-sqrt-f;mb-40s-rad-solve-graphically,inventory only; detailed coverage unassessed,../../../../../banks/manitoba-precalculus-40s-provincial-exams-documents/questions/mb-pc40s-2020-jan-q08.json
mb-pc40s-2020-jan-q09,2020-jan,12P.T.4,1,frq,no-calculator,False,explanation,mb-40s-tf-characteristics-basic;mb-40s-tf-characteristics;mb-40s-tf-max-min;mb-40s-tf-equation-from-features;mb-40s-tf-model;mb-40s-tf-sketch;mb-40s-tf-equation-from-graph,inventory only; detailed coverage unassessed,../../../../../banks/manitoba-precalculus-40s-provincial-exams-documents/questions/mb-pc40s-2020-jan-q09.json
mb-pc40s-2020-jan-q10,2020-jan,12P.T.6,3,frq,no-calculator,False,,mb-40s-te-identities;mb-40s-id-simplify;mb-40s-id-npv;mb-40s-id-verify-numeric;mb-40s-id-exact-sum-diff;mb-40s-id-exact-double;mb-40s-id-single-function;mb-40s-id-prove,inventory only; detailed coverage unassessed,../../../../../banks/manitoba-precalculus-40s-provincial-exams-documents/questions/mb-pc40s-2020-jan-q10.json
mb-pc40s-2020-jan-q11,2020-jan,12P.R.11,2,frq,no-calculator,False,,mb-40s-poly-divide;mb-40s-poly-remainder;mb-40s-poly-remainder-unknown;mb-40s-poly-factor-theorem;mb-40s-poly-factor;mb-40s-poly-solve,inventory only; detailed coverage unassessed,../../../../../banks/manitoba-precalculus-40s-provincial-exams-documents/questions/mb-pc40s-2020-jan-q11.json
mb-pc40s-2020-jan-q12,2020-jan,12P.P.2,3,frq,no-calculator,False,,mb-40s-pc-factorial;mb-40s-pc-permutations;mb-40s-pc-identical;mb-40s-pc-conditions;mb-40s-pc-npr-equation;mb-40s-pc-which,inventory only; detailed coverage unassessed,../../../../../banks/manitoba-precalculus-40s-provincial-exams-documents/questions/mb-pc40s-2020-jan-q12.json
mb-pc40s-2020-jan-q13,2020-jan,12P.R.8,2,frq,no-calculator,False,,mb-40s-log-expand;mb-40s-log-condense;mb-40s-log-evaluate-laws;mb-40s-log-approx;mb-40s-log-prove-law,inventory only; detailed coverage unassessed,../../../../../banks/manitoba-precalculus-40s-provincial-exams-documents/questions/mb-pc40s-2020-jan-q13.json
mb-pc40s-2020-jan-q14,2020-jan,12P.R.12,3,frq,no-calculator,True,,mb-40s-poly-solve;mb-40s-poly-zeros-multiplicity;mb-40s-poly-end-behaviour;mb-40s-poly-identify;mb-40s-poly-write;mb-40s-poly-model;mb-40s-poly-sketch;mb-40s-poly-match;mb-40s-poly-from-graph,inventory only; detailed coverage unassessed,../../../../../banks/manitoba-precalculus-40s-provincial-exams-documents/questions/mb-pc40s-2020-jan-q14.json
mb-pc40s-2020-jan-q15,2020-jan,12P.R.1,1,mcq,no-calculator,False,,mb-40s-op-equation;mb-40s-op-domain;mb-40s-op-evaluate;mb-40s-op-compose-evaluate;mb-40s-op-compose-equation;mb-40s-op-decompose;mb-40s-op-from-graphs;mb-40s-op-sketch;mb-40s-op-abs-reciprocal,inventory only; detailed coverage unassessed,../../../../../banks/manitoba-precalculus-40s-provincial-exams-documents/questions/mb-pc40s-2020-jan-q15.json
mb-pc40s-2020-jan-q16,2020-jan,12P.R.6,1,mcq,no-calculator,False,,mb-40s-inv-linear;mb-40s-inv-quadratic;mb-40s-inv-verify;mb-40s-inv-domain-range;mb-40s-inv-is-function;mb-40s-inv-sketch,inventory only; detailed coverage unassessed,../../../../../banks/manitoba-precalculus-40s-provincial-exams-documents/questions/mb-pc40s-2020-jan-q16.json
mb-pc40s-2020-jan-q17,2020-jan,12P.R.14,1,mcq,no-calculator,False,,mb-40s-rat-npv;mb-40s-rat-features;mb-40s-rat-hole;mb-40s-rat-behaviour;mb-40s-rat-sketch;mb-40s-rat-match;mb-40s-rat-solve-graphically,inventory only; detailed coverage unassessed,../../../../../banks/manitoba-precalculus-40s-provincial-exams-documents/questions/mb-pc40s-2020-jan-q17.json
mb-pc40s-2020-jan-q18,2020-jan,12P.R.7,1,mcq,no-calculator,False,,mb-40s-log-convert;mb-40s-log-evaluate;mb-40s-log-estimate,inventory only; detailed coverage unassessed,../../../../../banks/manitoba-precalculus-40s-provincial-exams-documents/questions/mb-pc40s-2020-jan-q18.json
mb-pc40s-2020-jan-q19,2020-jan,12P.R.11,1,mcq,no-calculator,False,,mb-40s-poly-divide;mb-40s-poly-remainder;mb-40s-poly-remainder-unknown;mb-40s-poly-factor-theorem;mb-40s-poly-factor;mb-40s-poly-solve,inventory only; detailed coverage unassessed,../../../../../banks/manitoba-precalculus-40s-provincial-exams-documents/questions/mb-pc40s-2020-jan-q19.json
mb-pc40s-2020-jan-q20,2020-jan,12P.P.2,1,mcq,no-calculator,False,,mb-40s-pc-factorial;mb-40s-pc-permutations;mb-40s-pc-identical;mb-40s-pc-conditions;mb-40s-pc-npr-equation;mb-40s-pc-which,inventory only; detailed coverage unassessed,../../../../../banks/manitoba-precalculus-40s-provincial-exams-documents/questions/mb-pc40s-2020-jan-q20.json
mb-pc40s-2020-jan-q21,2020-jan,12P.T.3,1,mcq,no-calculator,False,,mb-40s-ratio-exact;mb-40s-ratio-approx;mb-40s-ratio-terminal-point;mb-40s-ratio-terminal-angle;mb-40s-ratio-given-one;mb-40s-ratio-find-angles;mb-40s-ratio-problem,inventory only; detailed coverage unassessed,../../../../../banks/manitoba-precalculus-40s-provincial-exams-documents/questions/mb-pc40s-2020-jan-q21.json
mb-pc40s-2020-jan-q22,2020-jan,12P.T.1,1,mcq,no-calculator,False,,mb-40s-ang-deg-to-rad;mb-40s-ang-rad-to-deg;mb-40s-ang-coterminal;mb-40s-ang-coterminal-general;mb-40s-ang-arc-length;mb-40s-ang-sketch,inventory only; detailed coverage unassessed,../../../../../banks/manitoba-precalculus-40s-provincial-exams-documents/questions/mb-pc40s-2020-jan-q22.json
mb-pc40s-2020-jan-q23,2020-jan,12P.R.13,1,frq,no-calculator,False,,mb-40s-rad-domain-range;mb-40s-rad-describe;mb-40s-rad-sqrt-f-domain;mb-40s-rad-sketch-table;mb-40s-rad-sketch-transform;mb-40s-rad-sketch-sqrt-f;mb-40s-rad-solve-graphically,inventory only; detailed coverage unassessed,../../../../../banks/manitoba-precalculus-40s-provincial-exams-documents/questions/mb-pc40s-2020-jan-q23.json
mb-pc40s-2020-jan-q24,2020-jan,12P.R.10,2,frq,no-calculator,False,,mb-40s-exp-common-base;mb-40s-exp-logs;mb-40s-exp-growth-decay;mb-40s-exp-finance;mb-40s-log-solve;mb-40s-log-scales,inventory only; detailed coverage unassessed,../../../../../banks/manitoba-precalculus-40s-provincial-exams-documents/questions/mb-pc40s-2020-jan-q24.json
mb-pc40s-2020-jan-q25,2020-jan,12P.T.6,2,frq,no-calculator,False,explanation,mb-40s-te-identities;mb-40s-id-simplify;mb-40s-id-npv;mb-40s-id-verify-numeric;mb-40s-id-exact-sum-diff;mb-40s-id-exact-double;mb-40s-id-single-function;mb-40s-id-prove,inventory only; detailed coverage unassessed,../../../../../banks/manitoba-precalculus-40s-provincial-exams-documents/questions/mb-pc40s-2020-jan-q25.json
mb-pc40s-2020-jan-q26,2020-jan,12P.R.9,3,frq,no-calculator,True,,mb-40s-exp-characteristics;mb-40s-exp-transformed;mb-40s-exp-sketch;mb-40s-log-characteristics;mb-40s-log-sketch,inventory only; detailed coverage unassessed,../../../../../banks/manitoba-precalculus-40s-provincial-exams-documents/questions/mb-pc40s-2020-jan-q26.json
mb-pc40s-2020-jan-q27,2020-jan,12P.T.3,2,frq,no-calculator,False,,mb-40s-ratio-exact;mb-40s-ratio-approx;mb-40s-ratio-terminal-point;mb-40s-ratio-terminal-angle;mb-40s-ratio-given-one;mb-40s-ratio-find-angles;mb-40s-ratio-problem,inventory only; detailed coverage unassessed,../../../../../banks/manitoba-precalculus-40s-provincial-exams-documents/questions/mb-pc40s-2020-jan-q27.json
mb-pc40s-2020-jan-q28,2020-jan,12P.R.1,2,frq,no-calculator,True,explanation;multipart,mb-40s-op-equation;mb-40s-op-domain;mb-40s-op-evaluate;mb-40s-op-compose-evaluate;mb-40s-op-compose-equation;mb-40s-op-decompose;mb-40s-op-from-graphs;mb-40s-op-sketch;mb-40s-op-abs-reciprocal,inventory only; detailed coverage unassessed,../../../../../banks/manitoba-precalculus-40s-provincial-exams-documents/questions/mb-pc40s-2020-jan-q28.json
mb-pc40s-2020-jan-q29,2020-jan,12P.R.14,4,frq,no-calculator,True,multipart,mb-40s-rat-npv;mb-40s-rat-features;mb-40s-rat-hole;mb-40s-rat-behaviour;mb-40s-rat-sketch;mb-40s-rat-match;mb-40s-rat-solve-graphically,inventory only; detailed coverage unassessed,../../../../../banks/manitoba-precalculus-40s-provincial-exams-documents/questions/mb-pc40s-2020-jan-q29.json
mb-pc40s-2020-jan-q30,2020-jan,12P.R.12,2,frq,no-calculator,False,,mb-40s-poly-solve;mb-40s-poly-zeros-multiplicity;mb-40s-poly-end-behaviour;mb-40s-poly-identify;mb-40s-poly-write;mb-40s-poly-model;mb-40s-poly-sketch;mb-40s-poly-match;mb-40s-poly-from-graph,inventory only; detailed coverage unassessed,../../../../../banks/manitoba-precalculus-40s-provincial-exams-documents/questions/mb-pc40s-2020-jan-q30.json
mb-pc40s-2020-jan-q31,2020-jan,12P.T.5,3,frq,no-calculator,False,,mb-40s-te-verify;mb-40s-te-first-degree;mb-40s-te-first-degree-approx;mb-40s-te-double-angle;mb-40s-te-second-degree;mb-40s-te-identities;mb-40s-te-general;mb-40s-te-find-error;mb-40s-te-graphical,inventory only; detailed coverage unassessed,../../../../../banks/manitoba-precalculus-40s-provincial-exams-documents/questions/mb-pc40s-2020-jan-q31.json
mb-pc40s-2020-jan-q32,2020-jan,12P.R.14,1,frq,no-calculator,False,error-analysis;explanation,mb-40s-rat-npv;mb-40s-rat-features;mb-40s-rat-hole;mb-40s-rat-behaviour;mb-40s-rat-sketch;mb-40s-rat-match;mb-40s-rat-solve-graphically,inventory only; detailed coverage unassessed,../../../../../banks/manitoba-precalculus-40s-provincial-exams-documents/questions/mb-pc40s-2020-jan-q32.json
mb-pc40s-2020-jan-q33,2020-jan,12P.T.4,3,frq,no-calculator,True,,mb-40s-tf-characteristics-basic;mb-40s-tf-characteristics;mb-40s-tf-max-min;mb-40s-tf-equation-from-features;mb-40s-tf-model;mb-40s-tf-sketch;mb-40s-tf-equation-from-graph,inventory only; detailed coverage unassessed,../../../../../banks/manitoba-precalculus-40s-provincial-exams-documents/questions/mb-pc40s-2020-jan-q33.json
mb-pc40s-2020-jan-q34,2020-jan,12P.R.13,4,frq,no-calculator,True,,mb-40s-rad-domain-range;mb-40s-rad-describe;mb-40s-rad-sqrt-f-domain;mb-40s-rad-sketch-table;mb-40s-rad-sketch-transform;mb-40s-rad-sketch-sqrt-f;mb-40s-rad-solve-graphically,inventory only; detailed coverage unassessed,../../../../../banks/manitoba-precalculus-40s-provincial-exams-documents/questions/mb-pc40s-2020-jan-q34.json
mb-pc40s-2020-jan-q35,2020-jan,12P.T.1,2,frq,no-calculator,False,,mb-40s-ang-deg-to-rad;mb-40s-ang-rad-to-deg;mb-40s-ang-coterminal;mb-40s-ang-coterminal-general;mb-40s-ang-arc-length;mb-40s-ang-sketch,inventory only; detailed coverage unassessed,../../../../../banks/manitoba-precalculus-40s-provincial-exams-documents/questions/mb-pc40s-2020-jan-q35.json
mb-pc40s-2020-jan-q36,2020-jan,12P.R.5,1,frq,no-calculator,False,,mb-40s-tr-reflect-point;mb-40s-tr-reflect-equation;mb-40s-tr-reflect-sketch,inventory only; detailed coverage unassessed,../../../../../banks/manitoba-precalculus-40s-provincial-exams-documents/questions/mb-pc40s-2020-jan-q36.json
mb-pc40s-2020-jan-q37,2020-jan,12P.T.1,4,frq,no-calculator,False,multipart,mb-40s-ang-deg-to-rad;mb-40s-ang-rad-to-deg;mb-40s-ang-coterminal;mb-40s-ang-coterminal-general;mb-40s-ang-arc-length;mb-40s-ang-sketch,inventory only; detailed coverage unassessed,../../../../../banks/manitoba-precalculus-40s-provincial-exams-documents/questions/mb-pc40s-2020-jan-q37.json
mb-pc40s-2020-jan-q38,2020-jan,12P.R.1,2,frq,no-calculator,True,,mb-40s-op-equation;mb-40s-op-domain;mb-40s-op-evaluate;mb-40s-op-compose-evaluate;mb-40s-op-compose-equation;mb-40s-op-decompose;mb-40s-op-from-graphs;mb-40s-op-sketch;mb-40s-op-abs-reciprocal,inventory only; detailed coverage unassessed,../../../../../banks/manitoba-precalculus-40s-provincial-exams-documents/questions/mb-pc40s-2020-jan-q38.json
mb-pc40s-2020-jan-q39,2020-jan,12P.T.4,3,frq,no-calculator,False,,mb-40s-tf-characteristics-basic;mb-40s-tf-characteristics;mb-40s-tf-max-min;mb-40s-tf-equation-from-features;mb-40s-tf-model;mb-40s-tf-sketch;mb-40s-tf-equation-from-graph,inventory only; detailed coverage unassessed,../../../../../banks/manitoba-precalculus-40s-provincial-exams-documents/questions/mb-pc40s-2020-jan-q39.json
mb-pc40s-2020-jan-q40,2020-jan,12P.R.5,1,frq,no-calculator,True,,mb-40s-tr-reflect-point;mb-40s-tr-reflect-equation;mb-40s-tr-reflect-sketch,inventory only; detailed coverage unassessed,../../../../../banks/manitoba-precalculus-40s-provincial-exams-documents/questions/mb-pc40s-2020-jan-q40.json
mb-pc40s-2020-jan-q41,2020-jan,12P.R.11,2,frq,no-calculator,False,explanation;multipart,mb-40s-poly-divide;mb-40s-poly-remainder;mb-40s-poly-remainder-unknown;mb-40s-poly-factor-theorem;mb-40s-poly-factor;mb-40s-poly-solve,inventory only; detailed coverage unassessed,../../../../../banks/manitoba-precalculus-40s-provincial-exams-documents/questions/mb-pc40s-2020-jan-q41.json
mb-pc40s-2020-jan-q42,2020-jan,12P.R.9,3,frq,no-calculator,False,,mb-40s-exp-characteristics;mb-40s-exp-transformed;mb-40s-exp-sketch;mb-40s-log-characteristics;mb-40s-log-sketch,inventory only; detailed coverage unassessed,../../../../../banks/manitoba-precalculus-40s-provincial-exams-documents/questions/mb-pc40s-2020-jan-q42.json
mb-pc40s-2020-jan-q43,2020-jan,12P.T.5,1,frq,no-calculator,True,,mb-40s-te-verify;mb-40s-te-first-degree;mb-40s-te-first-degree-approx;mb-40s-te-double-angle;mb-40s-te-second-degree;mb-40s-te-identities;mb-40s-te-general;mb-40s-te-find-error;mb-40s-te-graphical,inventory only; detailed coverage unassessed,../../../../../banks/manitoba-precalculus-40s-provincial-exams-documents/questions/mb-pc40s-2020-jan-q43.json
mb-pc40s-2024-jan-q01,2024-jan,12P.T.1,2,frq,calculator-active,True,,mb-40s-ang-deg-to-rad;mb-40s-ang-rad-to-deg;mb-40s-ang-coterminal;mb-40s-ang-coterminal-general;mb-40s-ang-arc-length;mb-40s-ang-sketch,inventory only; detailed coverage unassessed,../../../../../banks/manitoba-precalculus-40s-provincial-exams-documents/questions/mb-pc40s-2024-jan-q01.json
mb-pc40s-2024-jan-q02,2024-jan,12P.T.5,4,frq,calculator-active,False,,mb-40s-te-verify;mb-40s-te-first-degree;mb-40s-te-first-degree-approx;mb-40s-te-double-angle;mb-40s-te-second-degree;mb-40s-te-identities;mb-40s-te-general;mb-40s-te-find-error;mb-40s-te-graphical,inventory only; detailed coverage unassessed,../../../../../banks/manitoba-precalculus-40s-provincial-exams-documents/questions/mb-pc40s-2024-jan-q02.json
mb-pc40s-2024-jan-q03,2024-jan,12P.P.2,2,frq,calculator-active,False,,mb-40s-pc-factorial;mb-40s-pc-permutations;mb-40s-pc-identical;mb-40s-pc-conditions;mb-40s-pc-npr-equation;mb-40s-pc-which,inventory only; detailed coverage unassessed,../../../../../banks/manitoba-precalculus-40s-provincial-exams-documents/questions/mb-pc40s-2024-jan-q03.json
mb-pc40s-2024-jan-q04,2024-jan,12P.R.10,3,frq,calculator-active,False,,mb-40s-exp-common-base;mb-40s-exp-logs;mb-40s-exp-growth-decay;mb-40s-exp-finance;mb-40s-log-solve;mb-40s-log-scales,inventory only; detailed coverage unassessed,../../../../../banks/manitoba-precalculus-40s-provincial-exams-documents/questions/mb-pc40s-2024-jan-q04.json
mb-pc40s-2024-jan-q05,2024-jan,12P.P.3,2,frq,calculator-active,False,,mb-40s-pc-combinations;mb-40s-pc-combination-cases;mb-40s-pc-ncr-equation;mb-40s-pc-which,inventory only; detailed coverage unassessed,../../../../../banks/manitoba-precalculus-40s-provincial-exams-documents/questions/mb-pc40s-2024-jan-q05.json
mb-pc40s-2024-jan-q06,2024-jan,12P.R.4,2,frq,no-calculator,True,,mb-40s-tr-describe;mb-40s-tr-write-equation;mb-40s-tr-map-point;mb-40s-tr-mapping-rule;mb-40s-tr-domain-range;mb-40s-tr-sketch-combined;mb-40s-tr-equation-from-graph,inventory only; detailed coverage unassessed,../../../../../banks/manitoba-precalculus-40s-provincial-exams-documents/questions/mb-pc40s-2024-jan-q06.json
mb-pc40s-2024-jan-q07,2024-jan,12P.P.1,1,frq,no-calculator,False,,mb-40s-pc-fcp,inventory only; detailed coverage unassessed,../../../../../banks/manitoba-precalculus-40s-provincial-exams-documents/questions/mb-pc40s-2024-jan-q07.json
mb-pc40s-2024-jan-q08,2024-jan,12P.P.4,2,frq,no-calculator,False,,mb-40s-bin-pascal;mb-40s-bin-expand;mb-40s-bin-term;mb-40s-bin-term-power;mb-40s-bin-coefficient,inventory only; detailed coverage unassessed,../../../../../banks/manitoba-precalculus-40s-provincial-exams-documents/questions/mb-pc40s-2024-jan-q08.json
mb-pc40s-2024-jan-q09,2024-jan,12P.R.6,2,frq,no-calculator,False,,mb-40s-inv-linear;mb-40s-inv-quadratic;mb-40s-inv-verify;mb-40s-inv-domain-range;mb-40s-inv-is-function;mb-40s-inv-sketch,inventory only; detailed coverage unassessed,../../../../../banks/manitoba-precalculus-40s-provincial-exams-documents/questions/mb-pc40s-2024-jan-q09.json
mb-pc40s-2024-jan-q10,2024-jan,12P.P.2,1,frq,no-calculator,False,explanation,mb-40s-pc-factorial;mb-40s-pc-permutations;mb-40s-pc-identical;mb-40s-pc-conditions;mb-40s-pc-npr-equation;mb-40s-pc-which,inventory only; detailed coverage unassessed,../../../../../banks/manitoba-precalculus-40s-provincial-exams-documents/questions/mb-pc40s-2024-jan-q10.json
mb-pc40s-2024-jan-q11,2024-jan,12P.T.6,3,frq,no-calculator,False,,mb-40s-te-identities;mb-40s-id-simplify;mb-40s-id-npv;mb-40s-id-verify-numeric;mb-40s-id-exact-sum-diff;mb-40s-id-exact-double;mb-40s-id-single-function;mb-40s-id-prove,inventory only; detailed coverage unassessed,../../../../../banks/manitoba-precalculus-40s-provincial-exams-documents/questions/mb-pc40s-2024-jan-q11.json
mb-pc40s-2024-jan-q12,2024-jan,12P.R.8,3,frq,no-calculator,False,,mb-40s-log-expand;mb-40s-log-condense;mb-40s-log-evaluate-laws;mb-40s-log-approx;mb-40s-log-prove-law,inventory only; detailed coverage unassessed,../../../../../banks/manitoba-precalculus-40s-provincial-exams-documents/questions/mb-pc40s-2024-jan-q12.json
mb-pc40s-2024-jan-q13,2024-jan,12P.R.11,1,frq,no-calculator,False,explanation,mb-40s-poly-divide;mb-40s-poly-remainder;mb-40s-poly-remainder-unknown;mb-40s-poly-factor-theorem;mb-40s-poly-factor;mb-40s-poly-solve,inventory only; detailed coverage unassessed,../../../../../banks/manitoba-precalculus-40s-provincial-exams-documents/questions/mb-pc40s-2024-jan-q13.json
mb-pc40s-2024-jan-q14,2024-jan,12P.R.4,3,frq,no-calculator,True,,mb-40s-tr-describe;mb-40s-tr-write-equation;mb-40s-tr-map-point;mb-40s-tr-mapping-rule;mb-40s-tr-domain-range;mb-40s-tr-sketch-combined;mb-40s-tr-equation-from-graph,inventory only; detailed coverage unassessed,../../../../../banks/manitoba-precalculus-40s-provincial-exams-documents/questions/mb-pc40s-2024-jan-q14.json
mb-pc40s-2024-jan-q15,2024-jan,12P.R.8,2,frq,no-calculator,False,,mb-40s-log-expand;mb-40s-log-condense;mb-40s-log-evaluate-laws;mb-40s-log-approx;mb-40s-log-prove-law,inventory only; detailed coverage unassessed,../../../../../banks/manitoba-precalculus-40s-provincial-exams-documents/questions/mb-pc40s-2024-jan-q15.json
mb-pc40s-2024-jan-q16,2024-jan,12P.R.3,1,mcq,no-calculator,False,,mb-40s-tr-describe;mb-40s-tr-write-equation;mb-40s-tr-map-point;mb-40s-tr-sketch-stretch;mb-40s-tr-equation-from-graph,inventory only; detailed coverage unassessed,../../../../../banks/manitoba-precalculus-40s-provincial-exams-documents/questions/mb-pc40s-2024-jan-q16.json
mb-pc40s-2024-jan-q17,2024-jan,12P.P.4,1,mcq,no-calculator,False,,mb-40s-bin-pascal;mb-40s-bin-expand;mb-40s-bin-term;mb-40s-bin-term-power;mb-40s-bin-coefficient,inventory only; detailed coverage unassessed,../../../../../banks/manitoba-precalculus-40s-provincial-exams-documents/questions/mb-pc40s-2024-jan-q17.json
mb-pc40s-2024-jan-q18,2024-jan,12P.T.1,1,mcq,no-calculator,True,,mb-40s-ang-deg-to-rad;mb-40s-ang-rad-to-deg;mb-40s-ang-coterminal;mb-40s-ang-coterminal-general;mb-40s-ang-arc-length;mb-40s-ang-sketch,inventory only; detailed coverage unassessed,../../../../../banks/manitoba-precalculus-40s-provincial-exams-documents/questions/mb-pc40s-2024-jan-q18.json
mb-pc40s-2024-jan-q19,2024-jan,12P.R.12,1,mcq,no-calculator,True,,mb-40s-poly-solve;mb-40s-poly-zeros-multiplicity;mb-40s-poly-end-behaviour;mb-40s-poly-identify;mb-40s-poly-write;mb-40s-poly-model;mb-40s-poly-sketch;mb-40s-poly-match;mb-40s-poly-from-graph,inventory only; detailed coverage unassessed,../../../../../banks/manitoba-precalculus-40s-provincial-exams-documents/questions/mb-pc40s-2024-jan-q19.json
mb-pc40s-2024-jan-q20,2024-jan,12P.R.14,1,mcq,no-calculator,False,,mb-40s-rat-npv;mb-40s-rat-features;mb-40s-rat-hole;mb-40s-rat-behaviour;mb-40s-rat-sketch;mb-40s-rat-match;mb-40s-rat-solve-graphically,inventory only; detailed coverage unassessed,../../../../../banks/manitoba-precalculus-40s-provincial-exams-documents/questions/mb-pc40s-2024-jan-q20.json
mb-pc40s-2024-jan-q21,2024-jan,12P.R.7,1,mcq,no-calculator,False,,mb-40s-log-convert;mb-40s-log-evaluate;mb-40s-log-estimate,inventory only; detailed coverage unassessed,../../../../../banks/manitoba-precalculus-40s-provincial-exams-documents/questions/mb-pc40s-2024-jan-q21.json
mb-pc40s-2024-jan-q22,2024-jan,12P.P.3,1,mcq,no-calculator,False,,mb-40s-pc-combinations;mb-40s-pc-combination-cases;mb-40s-pc-ncr-equation;mb-40s-pc-which,inventory only; detailed coverage unassessed,../../../../../banks/manitoba-precalculus-40s-provincial-exams-documents/questions/mb-pc40s-2024-jan-q22.json
mb-pc40s-2024-jan-q23,2024-jan,12P.R.1,1,mcq,no-calculator,False,,mb-40s-op-equation;mb-40s-op-domain;mb-40s-op-evaluate;mb-40s-op-compose-evaluate;mb-40s-op-compose-equation;mb-40s-op-decompose;mb-40s-op-from-graphs;mb-40s-op-sketch;mb-40s-op-abs-reciprocal,inventory only; detailed coverage unassessed,../../../../../banks/manitoba-precalculus-40s-provincial-exams-documents/questions/mb-pc40s-2024-jan-q23.json
mb-pc40s-2024-jan-q24,2024-jan,12P.R.13,3,frq,no-calculator,True,,mb-40s-rad-domain-range;mb-40s-rad-describe;mb-40s-rad-sqrt-f-domain;mb-40s-rad-sketch-table;mb-40s-rad-sketch-transform;mb-40s-rad-sketch-sqrt-f;mb-40s-rad-solve-graphically,inventory only; detailed coverage unassessed,../../../../../banks/manitoba-precalculus-40s-provincial-exams-documents/questions/mb-pc40s-2024-jan-q24.json
mb-pc40s-2024-jan-q25,2024-jan,12P.T.3,2,frq,no-calculator,False,,mb-40s-ratio-exact;mb-40s-ratio-approx;mb-40s-ratio-terminal-point;mb-40s-ratio-terminal-angle;mb-40s-ratio-given-one;mb-40s-ratio-find-angles;mb-40s-ratio-problem,inventory only; detailed coverage unassessed,../../../../../banks/manitoba-precalculus-40s-provincial-exams-documents/questions/mb-pc40s-2024-jan-q25.json
mb-pc40s-2024-jan-q26,2024-jan,12P.R.9,3,frq,no-calculator,True,,mb-40s-exp-characteristics;mb-40s-exp-transformed;mb-40s-exp-sketch;mb-40s-log-characteristics;mb-40s-log-sketch,inventory only; detailed coverage unassessed,../../../../../banks/manitoba-precalculus-40s-provincial-exams-documents/questions/mb-pc40s-2024-jan-q26.json
mb-pc40s-2024-jan-q27,2024-jan,12P.R.1,3,frq,no-calculator,True,,mb-40s-op-equation;mb-40s-op-domain;mb-40s-op-evaluate;mb-40s-op-compose-evaluate;mb-40s-op-compose-equation;mb-40s-op-decompose;mb-40s-op-from-graphs;mb-40s-op-sketch;mb-40s-op-abs-reciprocal,inventory only; detailed coverage unassessed,../../../../../banks/manitoba-precalculus-40s-provincial-exams-documents/questions/mb-pc40s-2024-jan-q27.json
mb-pc40s-2024-jan-q28,2024-jan,12P.T.6,2,frq,no-calculator,False,,mb-40s-te-identities;mb-40s-id-simplify;mb-40s-id-npv;mb-40s-id-verify-numeric;mb-40s-id-exact-sum-diff;mb-40s-id-exact-double;mb-40s-id-single-function;mb-40s-id-prove,inventory only; detailed coverage unassessed,../../../../../banks/manitoba-precalculus-40s-provincial-exams-documents/questions/mb-pc40s-2024-jan-q28.json
mb-pc40s-2024-jan-q29,2024-jan,12P.R.14,1,frq,no-calculator,False,explanation,mb-40s-rat-npv;mb-40s-rat-features;mb-40s-rat-hole;mb-40s-rat-behaviour;mb-40s-rat-sketch;mb-40s-rat-match;mb-40s-rat-solve-graphically,inventory only; detailed coverage unassessed,../../../../../banks/manitoba-precalculus-40s-provincial-exams-documents/questions/mb-pc40s-2024-jan-q29.json
mb-pc40s-2024-jan-q30,2024-jan,12P.R.10,3,frq,no-calculator,False,,mb-40s-exp-common-base;mb-40s-exp-logs;mb-40s-exp-growth-decay;mb-40s-exp-finance;mb-40s-log-solve;mb-40s-log-scales,inventory only; detailed coverage unassessed,../../../../../banks/manitoba-precalculus-40s-provincial-exams-documents/questions/mb-pc40s-2024-jan-q30.json
mb-pc40s-2024-jan-q31,2024-jan,12P.T.4,4,frq,no-calculator,True,,mb-40s-tf-characteristics-basic;mb-40s-tf-characteristics;mb-40s-tf-max-min;mb-40s-tf-equation-from-features;mb-40s-tf-model;mb-40s-tf-sketch;mb-40s-tf-equation-from-graph,inventory only; detailed coverage unassessed,../../../../../banks/manitoba-precalculus-40s-provincial-exams-documents/questions/mb-pc40s-2024-jan-q31.json
mb-pc40s-2024-jan-q32,2024-jan,12P.R.9,1,frq,no-calculator,False,explanation,mb-40s-exp-characteristics;mb-40s-exp-transformed;mb-40s-exp-sketch;mb-40s-log-characteristics;mb-40s-log-sketch,inventory only; detailed coverage unassessed,../../../../../banks/manitoba-precalculus-40s-provincial-exams-documents/questions/mb-pc40s-2024-jan-q32.json
mb-pc40s-2024-jan-q33,2024-jan,12P.R.12,3,frq,no-calculator,True,,mb-40s-poly-solve;mb-40s-poly-zeros-multiplicity;mb-40s-poly-end-behaviour;mb-40s-poly-identify;mb-40s-poly-write;mb-40s-poly-model;mb-40s-poly-sketch;mb-40s-poly-match;mb-40s-poly-from-graph,inventory only; detailed coverage unassessed,../../../../../banks/manitoba-precalculus-40s-provincial-exams-documents/questions/mb-pc40s-2024-jan-q33.json
mb-pc40s-2024-jan-q34,2024-jan,12P.T.6,2,frq,no-calculator,False,,mb-40s-te-identities;mb-40s-id-simplify;mb-40s-id-npv;mb-40s-id-verify-numeric;mb-40s-id-exact-sum-diff;mb-40s-id-exact-double;mb-40s-id-single-function;mb-40s-id-prove,inventory only; detailed coverage unassessed,../../../../../banks/manitoba-precalculus-40s-provincial-exams-documents/questions/mb-pc40s-2024-jan-q34.json
mb-pc40s-2024-jan-q35,2024-jan,12P.T.1,1,frq,no-calculator,False,explanation,mb-40s-ang-deg-to-rad;mb-40s-ang-rad-to-deg;mb-40s-ang-coterminal;mb-40s-ang-coterminal-general;mb-40s-ang-arc-length;mb-40s-ang-sketch,inventory only; detailed coverage unassessed,../../../../../banks/manitoba-precalculus-40s-provincial-exams-documents/questions/mb-pc40s-2024-jan-q35.json
mb-pc40s-2024-jan-q36,2024-jan,12P.R.14,2,frq,no-calculator,True,,mb-40s-rat-npv;mb-40s-rat-features;mb-40s-rat-hole;mb-40s-rat-behaviour;mb-40s-rat-sketch;mb-40s-rat-match;mb-40s-rat-solve-graphically,inventory only; detailed coverage unassessed,../../../../../banks/manitoba-precalculus-40s-provincial-exams-documents/questions/mb-pc40s-2024-jan-q36.json
mb-pc40s-2024-jan-q37,2024-jan,12P.T.5,2,frq,no-calculator,False,,mb-40s-te-verify;mb-40s-te-first-degree;mb-40s-te-first-degree-approx;mb-40s-te-double-angle;mb-40s-te-second-degree;mb-40s-te-identities;mb-40s-te-general;mb-40s-te-find-error;mb-40s-te-graphical,inventory only; detailed coverage unassessed,../../../../../banks/manitoba-precalculus-40s-provincial-exams-documents/questions/mb-pc40s-2024-jan-q37.json
mb-pc40s-2024-jan-q38,2024-jan,12P.R.14,2,frq,no-calculator,False,,mb-40s-rat-npv;mb-40s-rat-features;mb-40s-rat-hole;mb-40s-rat-behaviour;mb-40s-rat-sketch;mb-40s-rat-match;mb-40s-rat-solve-graphically,inventory only; detailed coverage unassessed,../../../../../banks/manitoba-precalculus-40s-provincial-exams-documents/questions/mb-pc40s-2024-jan-q38.json
mb-pc40s-2024-jan-q39,2024-jan,12P.R.1,3,frq,no-calculator,True,multipart,mb-40s-op-equation;mb-40s-op-domain;mb-40s-op-evaluate;mb-40s-op-compose-evaluate;mb-40s-op-compose-equation;mb-40s-op-decompose;mb-40s-op-from-graphs;mb-40s-op-sketch;mb-40s-op-abs-reciprocal,inventory only; detailed coverage unassessed,../../../../../banks/manitoba-precalculus-40s-provincial-exams-documents/questions/mb-pc40s-2024-jan-q39.json
mb-pc40s-2024-jan-q40,2024-jan,12P.T.3,1,frq,no-calculator,False,error-analysis,mb-40s-ratio-exact;mb-40s-ratio-approx;mb-40s-ratio-terminal-point;mb-40s-ratio-terminal-angle;mb-40s-ratio-given-one;mb-40s-ratio-find-angles;mb-40s-ratio-problem,inventory only; detailed coverage unassessed,../../../../../banks/manitoba-precalculus-40s-provincial-exams-documents/questions/mb-pc40s-2024-jan-q40.json
mb-pc40s-2024-jan-q41,2024-jan,12P.R.13,2,frq,no-calculator,True,,mb-40s-rad-domain-range;mb-40s-rad-describe;mb-40s-rad-sqrt-f-domain;mb-40s-rad-sketch-table;mb-40s-rad-sketch-transform;mb-40s-rad-sketch-sqrt-f;mb-40s-rad-solve-graphically,inventory only; detailed coverage unassessed,../../../../../banks/manitoba-precalculus-40s-provincial-exams-documents/questions/mb-pc40s-2024-jan-q41.json
mb-pc40s-2024-jan-q42,2024-jan,12P.T.1,1,frq,no-calculator,False,,mb-40s-ang-deg-to-rad;mb-40s-ang-rad-to-deg;mb-40s-ang-coterminal;mb-40s-ang-coterminal-general;mb-40s-ang-arc-length;mb-40s-ang-sketch,inventory only; detailed coverage unassessed,../../../../../banks/manitoba-precalculus-40s-provincial-exams-documents/questions/mb-pc40s-2024-jan-q42.json
mb-pc40s-2024-jan-q43,2024-jan,12P.R.2,1,frq,no-calculator,False,,mb-40s-tr-describe;mb-40s-tr-write-equation;mb-40s-tr-map-point;mb-40s-tr-sketch-translation;mb-40s-tr-equation-from-graph,inventory only; detailed coverage unassessed,../../../../../banks/manitoba-precalculus-40s-provincial-exams-documents/questions/mb-pc40s-2024-jan-q43.json
mb-pc40s-2024-jan-q44,2024-jan,12P.R.13,2,frq,no-calculator,False,multipart,mb-40s-rad-domain-range;mb-40s-rad-describe;mb-40s-rad-sqrt-f-domain;mb-40s-rad-sketch-table;mb-40s-rad-sketch-transform;mb-40s-rad-sketch-sqrt-f;mb-40s-rad-solve-graphically,inventory only; detailed coverage unassessed,../../../../../banks/manitoba-precalculus-40s-provincial-exams-documents/questions/mb-pc40s-2024-jan-q44.json
mb-pc40s-2024-jan-q45,2024-jan,12P.R.11,3,frq,no-calculator,False,,mb-40s-poly-divide;mb-40s-poly-remainder;mb-40s-poly-remainder-unknown;mb-40s-poly-factor-theorem;mb-40s-poly-factor;mb-40s-poly-solve,inventory only; detailed coverage unassessed,../../../../../banks/manitoba-precalculus-40s-provincial-exams-documents/questions/mb-pc40s-2024-jan-q45.json
mb-pc40s-2024-jan-q46,2024-jan,12P.T.2,1,frq,no-calculator,False,,mb-40s-uc-point;mb-40s-uc-circle-equation,inventory only; detailed coverage unassessed,../../../../../banks/manitoba-precalculus-40s-provincial-exams-documents/questions/mb-pc40s-2024-jan-q46.json
mb-pc40s-2024-jan-q47,2024-jan,12P.T.4,1,frq,no-calculator,False,,mb-40s-tf-characteristics-basic;mb-40s-tf-characteristics;mb-40s-tf-max-min;mb-40s-tf-equation-from-features;mb-40s-tf-model;mb-40s-tf-sketch;mb-40s-tf-equation-from-graph,inventory only; detailed coverage unassessed,../../../../../banks/manitoba-precalculus-40s-provincial-exams-documents/questions/mb-pc40s-2024-jan-q47.json
mb-pc40s-2024-jun-q01,2024-jun,12P.P.1,1,frq,calculator-active,False,,mb-40s-pc-fcp,inventory only; detailed coverage unassessed,../../../../../banks/manitoba-precalculus-40s-provincial-exams-documents/questions/mb-pc40s-2024-jun-q01.json
mb-pc40s-2024-jun-q02,2024-jun,12P.R.10,2,frq,calculator-active,False,,mb-40s-exp-common-base;mb-40s-exp-logs;mb-40s-exp-growth-decay;mb-40s-exp-finance;mb-40s-log-solve;mb-40s-log-scales,inventory only; detailed coverage unassessed,../../../../../banks/manitoba-precalculus-40s-provincial-exams-documents/questions/mb-pc40s-2024-jun-q02.json
mb-pc40s-2024-jun-q03,2024-jun,12P.T.5,3,frq,calculator-active,False,,mb-40s-te-verify;mb-40s-te-first-degree;mb-40s-te-first-degree-approx;mb-40s-te-double-angle;mb-40s-te-second-degree;mb-40s-te-identities;mb-40s-te-general;mb-40s-te-find-error;mb-40s-te-graphical,inventory only; detailed coverage unassessed,../../../../../banks/manitoba-precalculus-40s-provincial-exams-documents/questions/mb-pc40s-2024-jun-q03.json
mb-pc40s-2024-jun-q04,2024-jun,12P.P.4,3,frq,calculator-active,False,,mb-40s-bin-pascal;mb-40s-bin-expand;mb-40s-bin-term;mb-40s-bin-term-power;mb-40s-bin-coefficient,inventory only; detailed coverage unassessed,../../../../../banks/manitoba-precalculus-40s-provincial-exams-documents/questions/mb-pc40s-2024-jun-q04.json
mb-pc40s-2024-jun-q05,2024-jun,12P.T.1,2,frq,calculator-active,True,,mb-40s-ang-deg-to-rad;mb-40s-ang-rad-to-deg;mb-40s-ang-coterminal;mb-40s-ang-coterminal-general;mb-40s-ang-arc-length;mb-40s-ang-sketch,inventory only; detailed coverage unassessed,../../../../../banks/manitoba-precalculus-40s-provincial-exams-documents/questions/mb-pc40s-2024-jun-q05.json
mb-pc40s-2024-jun-q06,2024-jun,12P.R.13,3,frq,no-calculator,True,,mb-40s-rad-domain-range;mb-40s-rad-describe;mb-40s-rad-sqrt-f-domain;mb-40s-rad-sketch-table;mb-40s-rad-sketch-transform;mb-40s-rad-sketch-sqrt-f;mb-40s-rad-solve-graphically,inventory only; detailed coverage unassessed,../../../../../banks/manitoba-precalculus-40s-provincial-exams-documents/questions/mb-pc40s-2024-jun-q06.json
mb-pc40s-2024-jun-q07,2024-jun,12P.R.2,3,frq,no-calculator,False,,mb-40s-tr-describe;mb-40s-tr-write-equation;mb-40s-tr-map-point;mb-40s-tr-sketch-translation;mb-40s-tr-equation-from-graph,inventory only; detailed coverage unassessed,../../../../../banks/manitoba-precalculus-40s-provincial-exams-documents/questions/mb-pc40s-2024-jun-q07.json
mb-pc40s-2024-jun-q08,2024-jun,12P.R.14,1,frq,no-calculator,False,explanation,mb-40s-rat-npv;mb-40s-rat-features;mb-40s-rat-hole;mb-40s-rat-behaviour;mb-40s-rat-sketch;mb-40s-rat-match;mb-40s-rat-solve-graphically,inventory only; detailed coverage unassessed,../../../../../banks/manitoba-precalculus-40s-provincial-exams-documents/questions/mb-pc40s-2024-jun-q08.json
mb-pc40s-2024-jun-q09,2024-jun,12P.R.4,3,frq,no-calculator,True,,mb-40s-tr-describe;mb-40s-tr-write-equation;mb-40s-tr-map-point;mb-40s-tr-mapping-rule;mb-40s-tr-domain-range;mb-40s-tr-sketch-combined;mb-40s-tr-equation-from-graph,inventory only; detailed coverage unassessed,../../../../../banks/manitoba-precalculus-40s-provincial-exams-documents/questions/mb-pc40s-2024-jun-q09.json
mb-pc40s-2024-jun-q10,2024-jun,12P.R.8,3,frq,no-calculator,False,,mb-40s-log-expand;mb-40s-log-condense;mb-40s-log-evaluate-laws;mb-40s-log-approx;mb-40s-log-prove-law,inventory only; detailed coverage unassessed,../../../../../banks/manitoba-precalculus-40s-provincial-exams-documents/questions/mb-pc40s-2024-jun-q10.json
mb-pc40s-2024-jun-q11,2024-jun,12P.T.6,3,frq,no-calculator,False,,mb-40s-te-identities;mb-40s-id-simplify;mb-40s-id-npv;mb-40s-id-verify-numeric;mb-40s-id-exact-sum-diff;mb-40s-id-exact-double;mb-40s-id-single-function;mb-40s-id-prove,inventory only; detailed coverage unassessed,../../../../../banks/manitoba-precalculus-40s-provincial-exams-documents/questions/mb-pc40s-2024-jun-q11.json
mb-pc40s-2024-jun-q12,2024-jun,12P.R.11,3,frq,no-calculator,False,,mb-40s-poly-divide;mb-40s-poly-remainder;mb-40s-poly-remainder-unknown;mb-40s-poly-factor-theorem;mb-40s-poly-factor;mb-40s-poly-solve,inventory only; detailed coverage unassessed,../../../../../banks/manitoba-precalculus-40s-provincial-exams-documents/questions/mb-pc40s-2024-jun-q12.json
mb-pc40s-2024-jun-q13,2024-jun,12P.R.12,1,frq,no-calculator,True,error-analysis,mb-40s-poly-solve;mb-40s-poly-zeros-multiplicity;mb-40s-poly-end-behaviour;mb-40s-poly-identify;mb-40s-poly-write;mb-40s-poly-model;mb-40s-poly-sketch;mb-40s-poly-match;mb-40s-poly-from-graph,inventory only; detailed coverage unassessed,../../../../../banks/manitoba-precalculus-40s-provincial-exams-documents/questions/mb-pc40s-2024-jun-q13.json
mb-pc40s-2024-jun-q14,2024-jun,12P.T.1,1,frq,no-calculator,True,,mb-40s-ang-deg-to-rad;mb-40s-ang-rad-to-deg;mb-40s-ang-coterminal;mb-40s-ang-coterminal-general;mb-40s-ang-arc-length;mb-40s-ang-sketch,inventory only; detailed coverage unassessed,../../../../../banks/manitoba-precalculus-40s-provincial-exams-documents/questions/mb-pc40s-2024-jun-q14.json
mb-pc40s-2024-jun-q15,2024-jun,12P.T.4,1,frq,no-calculator,True,,mb-40s-tf-characteristics-basic;mb-40s-tf-characteristics;mb-40s-tf-max-min;mb-40s-tf-equation-from-features;mb-40s-tf-model;mb-40s-tf-sketch;mb-40s-tf-equation-from-graph,inventory only; detailed coverage unassessed,../../../../../banks/manitoba-precalculus-40s-provincial-exams-documents/questions/mb-pc40s-2024-jun-q15.json
mb-pc40s-2024-jun-q16,2024-jun,12P.R.1,1,frq,no-calculator,True,,mb-40s-op-equation;mb-40s-op-domain;mb-40s-op-evaluate;mb-40s-op-compose-evaluate;mb-40s-op-compose-equation;mb-40s-op-decompose;mb-40s-op-from-graphs;mb-40s-op-sketch;mb-40s-op-abs-reciprocal,inventory only; detailed coverage unassessed,../../../../../banks/manitoba-precalculus-40s-provincial-exams-documents/questions/mb-pc40s-2024-jun-q16.json
mb-pc40s-2024-jun-q17,2024-jun,12P.R.2,1,mcq,no-calculator,False,,mb-40s-tr-describe;mb-40s-tr-write-equation;mb-40s-tr-map-point;mb-40s-tr-sketch-translation;mb-40s-tr-equation-from-graph,inventory only; detailed coverage unassessed,../../../../../banks/manitoba-precalculus-40s-provincial-exams-documents/questions/mb-pc40s-2024-jun-q17.json
mb-pc40s-2024-jun-q18,2024-jun,12P.R.12,1,mcq,no-calculator,False,,mb-40s-poly-solve;mb-40s-poly-zeros-multiplicity;mb-40s-poly-end-behaviour;mb-40s-poly-identify;mb-40s-poly-write;mb-40s-poly-model;mb-40s-poly-sketch;mb-40s-poly-match;mb-40s-poly-from-graph,inventory only; detailed coverage unassessed,../../../../../banks/manitoba-precalculus-40s-provincial-exams-documents/questions/mb-pc40s-2024-jun-q18.json
mb-pc40s-2024-jun-q19,2024-jun,12P.T.3,1,mcq,no-calculator,False,,mb-40s-ratio-exact;mb-40s-ratio-approx;mb-40s-ratio-terminal-point;mb-40s-ratio-terminal-angle;mb-40s-ratio-given-one;mb-40s-ratio-find-angles;mb-40s-ratio-problem,inventory only; detailed coverage unassessed,../../../../../banks/manitoba-precalculus-40s-provincial-exams-documents/questions/mb-pc40s-2024-jun-q19.json
mb-pc40s-2024-jun-q20,2024-jun,12P.T.6,1,mcq,no-calculator,False,,mb-40s-te-identities;mb-40s-id-simplify;mb-40s-id-npv;mb-40s-id-verify-numeric;mb-40s-id-exact-sum-diff;mb-40s-id-exact-double;mb-40s-id-single-function;mb-40s-id-prove,inventory only; detailed coverage unassessed,../../../../../banks/manitoba-precalculus-40s-provincial-exams-documents/questions/mb-pc40s-2024-jun-q20.json
mb-pc40s-2024-jun-q21,2024-jun,12P.R.10,1,mcq,no-calculator,False,,mb-40s-exp-common-base;mb-40s-exp-logs;mb-40s-exp-growth-decay;mb-40s-exp-finance;mb-40s-log-solve;mb-40s-log-scales,inventory only; detailed coverage unassessed,../../../../../banks/manitoba-precalculus-40s-provincial-exams-documents/questions/mb-pc40s-2024-jun-q21.json
mb-pc40s-2024-jun-q22,2024-jun,12P.P.3,1,mcq,no-calculator,False,,mb-40s-pc-combinations;mb-40s-pc-combination-cases;mb-40s-pc-ncr-equation;mb-40s-pc-which,inventory only; detailed coverage unassessed,../../../../../banks/manitoba-precalculus-40s-provincial-exams-documents/questions/mb-pc40s-2024-jun-q22.json
mb-pc40s-2024-jun-q23,2024-jun,12P.P.2,1,mcq,no-calculator,False,,mb-40s-pc-factorial;mb-40s-pc-permutations;mb-40s-pc-identical;mb-40s-pc-conditions;mb-40s-pc-npr-equation;mb-40s-pc-which,inventory only; detailed coverage unassessed,../../../../../banks/manitoba-precalculus-40s-provincial-exams-documents/questions/mb-pc40s-2024-jun-q23.json
mb-pc40s-2024-jun-q24,2024-jun,12P.P.4,1,mcq,no-calculator,False,,mb-40s-bin-pascal;mb-40s-bin-expand;mb-40s-bin-term;mb-40s-bin-term-power;mb-40s-bin-coefficient,inventory only; detailed coverage unassessed,../../../../../banks/manitoba-precalculus-40s-provincial-exams-documents/questions/mb-pc40s-2024-jun-q24.json
mb-pc40s-2024-jun-q25,2024-jun,12P.R.9,1,mcq,no-calculator,True,,mb-40s-exp-characteristics;mb-40s-exp-transformed;mb-40s-exp-sketch;mb-40s-log-characteristics;mb-40s-log-sketch,inventory only; detailed coverage unassessed,../../../../../banks/manitoba-precalculus-40s-provincial-exams-documents/questions/mb-pc40s-2024-jun-q25.json
mb-pc40s-2024-jun-q26,2024-jun,12P.R.14,2,frq,no-calculator,True,,mb-40s-rat-npv;mb-40s-rat-features;mb-40s-rat-hole;mb-40s-rat-behaviour;mb-40s-rat-sketch;mb-40s-rat-match;mb-40s-rat-solve-graphically,inventory only; detailed coverage unassessed,../../../../../banks/manitoba-precalculus-40s-provincial-exams-documents/questions/mb-pc40s-2024-jun-q26.json
mb-pc40s-2024-jun-q27,2024-jun,12P.T.3,3,frq,no-calculator,False,,mb-40s-ratio-exact;mb-40s-ratio-approx;mb-40s-ratio-terminal-point;mb-40s-ratio-terminal-angle;mb-40s-ratio-given-one;mb-40s-ratio-find-angles;mb-40s-ratio-problem,inventory only; detailed coverage unassessed,../../../../../banks/manitoba-precalculus-40s-provincial-exams-documents/questions/mb-pc40s-2024-jun-q27.json
mb-pc40s-2024-jun-q28,2024-jun,12P.R.9,3,frq,no-calculator,True,,mb-40s-exp-characteristics;mb-40s-exp-transformed;mb-40s-exp-sketch;mb-40s-log-characteristics;mb-40s-log-sketch,inventory only; detailed coverage unassessed,../../../../../banks/manitoba-precalculus-40s-provincial-exams-documents/questions/mb-pc40s-2024-jun-q28.json
mb-pc40s-2024-jun-q29,2024-jun,12P.P.3,1,frq,no-calculator,False,explanation,mb-40s-pc-combinations;mb-40s-pc-combination-cases;mb-40s-pc-ncr-equation;mb-40s-pc-which,inventory only; detailed coverage unassessed,../../../../../banks/manitoba-precalculus-40s-provincial-exams-documents/questions/mb-pc40s-2024-jun-q29.json
mb-pc40s-2024-jun-q30,2024-jun,12P.R.10,2,frq,no-calculator,False,,mb-40s-exp-common-base;mb-40s-exp-logs;mb-40s-exp-growth-decay;mb-40s-exp-finance;mb-40s-log-solve;mb-40s-log-scales,inventory only; detailed coverage unassessed,../../../../../banks/manitoba-precalculus-40s-provincial-exams-documents/questions/mb-pc40s-2024-jun-q30.json
mb-pc40s-2024-jun-q31,2024-jun,12P.R.13,2,frq,no-calculator,False,,mb-40s-rad-domain-range;mb-40s-rad-describe;mb-40s-rad-sqrt-f-domain;mb-40s-rad-sketch-table;mb-40s-rad-sketch-transform;mb-40s-rad-sketch-sqrt-f;mb-40s-rad-solve-graphically,inventory only; detailed coverage unassessed,../../../../../banks/manitoba-precalculus-40s-provincial-exams-documents/questions/mb-pc40s-2024-jun-q31.json
mb-pc40s-2024-jun-q32,2024-jun,12P.T.4,4,frq,no-calculator,True,,mb-40s-tf-characteristics-basic;mb-40s-tf-characteristics;mb-40s-tf-max-min;mb-40s-tf-equation-from-features;mb-40s-tf-model;mb-40s-tf-sketch;mb-40s-tf-equation-from-graph,inventory only; detailed coverage unassessed,../../../../../banks/manitoba-precalculus-40s-provincial-exams-documents/questions/mb-pc40s-2024-jun-q32.json
mb-pc40s-2024-jun-q33,2024-jun,12P.R.12,2,frq,no-calculator,False,,mb-40s-poly-solve;mb-40s-poly-zeros-multiplicity;mb-40s-poly-end-behaviour;mb-40s-poly-identify;mb-40s-poly-write;mb-40s-poly-model;mb-40s-poly-sketch;mb-40s-poly-match;mb-40s-poly-from-graph,inventory only; detailed coverage unassessed,../../../../../banks/manitoba-precalculus-40s-provincial-exams-documents/questions/mb-pc40s-2024-jun-q33.json
mb-pc40s-2024-jun-q34,2024-jun,12P.R.8,1,frq,no-calculator,False,error-analysis,mb-40s-log-expand;mb-40s-log-condense;mb-40s-log-evaluate-laws;mb-40s-log-approx;mb-40s-log-prove-law,inventory only; detailed coverage unassessed,../../../../../banks/manitoba-precalculus-40s-provincial-exams-documents/questions/mb-pc40s-2024-jun-q34.json
mb-pc40s-2024-jun-q35,2024-jun,12P.R.1,3,frq,no-calculator,True,multipart,mb-40s-op-equation;mb-40s-op-domain;mb-40s-op-evaluate;mb-40s-op-compose-evaluate;mb-40s-op-compose-equation;mb-40s-op-decompose;mb-40s-op-from-graphs;mb-40s-op-sketch;mb-40s-op-abs-reciprocal,inventory only; detailed coverage unassessed,../../../../../banks/manitoba-precalculus-40s-provincial-exams-documents/questions/mb-pc40s-2024-jun-q35.json
mb-pc40s-2024-jun-q36,2024-jun,12P.T.6,3,frq,no-calculator,False,,mb-40s-te-identities;mb-40s-id-simplify;mb-40s-id-npv;mb-40s-id-verify-numeric;mb-40s-id-exact-sum-diff;mb-40s-id-exact-double;mb-40s-id-single-function;mb-40s-id-prove,inventory only; detailed coverage unassessed,../../../../../banks/manitoba-precalculus-40s-provincial-exams-documents/questions/mb-pc40s-2024-jun-q36.json
mb-pc40s-2024-jun-q37,2024-jun,12P.R.1,2,frq,no-calculator,False,explanation;multipart,mb-40s-op-equation;mb-40s-op-domain;mb-40s-op-evaluate;mb-40s-op-compose-evaluate;mb-40s-op-compose-equation;mb-40s-op-decompose;mb-40s-op-from-graphs;mb-40s-op-sketch;mb-40s-op-abs-reciprocal,inventory only; detailed coverage unassessed,../../../../../banks/manitoba-precalculus-40s-provincial-exams-documents/questions/mb-pc40s-2024-jun-q37.json
mb-pc40s-2024-jun-q38,2024-jun,12P.P.2,3,frq,no-calculator,False,,mb-40s-pc-factorial;mb-40s-pc-permutations;mb-40s-pc-identical;mb-40s-pc-conditions;mb-40s-pc-npr-equation;mb-40s-pc-which,inventory only; detailed coverage unassessed,../../../../../banks/manitoba-precalculus-40s-provincial-exams-documents/questions/mb-pc40s-2024-jun-q38.json
mb-pc40s-2024-jun-q39,2024-jun,12P.R.12,2,frq,no-calculator,True,,mb-40s-poly-solve;mb-40s-poly-zeros-multiplicity;mb-40s-poly-end-behaviour;mb-40s-poly-identify;mb-40s-poly-write;mb-40s-poly-model;mb-40s-poly-sketch;mb-40s-poly-match;mb-40s-poly-from-graph,inventory only; detailed coverage unassessed,../../../../../banks/manitoba-precalculus-40s-provincial-exams-documents/questions/mb-pc40s-2024-jun-q39.json
mb-pc40s-2024-jun-q40,2024-jun,12P.R.7,1,frq,no-calculator,False,,mb-40s-log-convert;mb-40s-log-evaluate;mb-40s-log-estimate,inventory only; detailed coverage unassessed,../../../../../banks/manitoba-precalculus-40s-provincial-exams-documents/questions/mb-pc40s-2024-jun-q40.json
mb-pc40s-2024-jun-q41,2024-jun,12P.R.13,1,frq,no-calculator,True,,mb-40s-rad-domain-range;mb-40s-rad-describe;mb-40s-rad-sqrt-f-domain;mb-40s-rad-sketch-table;mb-40s-rad-sketch-transform;mb-40s-rad-sketch-sqrt-f;mb-40s-rad-solve-graphically,inventory only; detailed coverage unassessed,../../../../../banks/manitoba-precalculus-40s-provincial-exams-documents/questions/mb-pc40s-2024-jun-q41.json
mb-pc40s-2024-jun-q42,2024-jun,12P.T.5,3,frq,no-calculator,False,,mb-40s-te-verify;mb-40s-te-first-degree;mb-40s-te-first-degree-approx;mb-40s-te-double-angle;mb-40s-te-second-degree;mb-40s-te-identities;mb-40s-te-general;mb-40s-te-find-error;mb-40s-te-graphical,inventory only; detailed coverage unassessed,../../../../../banks/manitoba-precalculus-40s-provincial-exams-documents/questions/mb-pc40s-2024-jun-q42.json
mb-pc40s-2024-jun-q43,2024-jun,12P.R.9,1,frq,no-calculator,False,,mb-40s-exp-characteristics;mb-40s-exp-transformed;mb-40s-exp-sketch;mb-40s-log-characteristics;mb-40s-log-sketch,inventory only; detailed coverage unassessed,../../../../../banks/manitoba-precalculus-40s-provincial-exams-documents/questions/mb-pc40s-2024-jun-q43.json
mb-pc40s-2024-jun-q44,2024-jun,12P.R.14,2,frq,no-calculator,True,,mb-40s-rat-npv;mb-40s-rat-features;mb-40s-rat-hole;mb-40s-rat-behaviour;mb-40s-rat-sketch;mb-40s-rat-match;mb-40s-rat-solve-graphically,inventory only; detailed coverage unassessed,../../../../../banks/manitoba-precalculus-40s-provincial-exams-documents/questions/mb-pc40s-2024-jun-q44.json
mb-pc40s-2024-jun-q45,2024-jun,12P.R.6,2,frq,no-calculator,False,explanation,mb-40s-inv-linear;mb-40s-inv-quadratic;mb-40s-inv-verify;mb-40s-inv-domain-range;mb-40s-inv-is-function;mb-40s-inv-sketch,inventory only; detailed coverage unassessed,../../../../../banks/manitoba-precalculus-40s-provincial-exams-documents/questions/mb-pc40s-2024-jun-q45.json
mb-pc40s-2024-jun-q46,2024-jun,12P.T.2,2,frq,no-calculator,False,,mb-40s-uc-point;mb-40s-uc-circle-equation,inventory only; detailed coverage unassessed,../../../../../banks/manitoba-precalculus-40s-provincial-exams-documents/questions/mb-pc40s-2024-jun-q46.json
mb-pc40s-2024-jun-q47,2024-jun,12P.T.3,2,frq,no-calculator,False,,mb-40s-ratio-exact;mb-40s-ratio-approx;mb-40s-ratio-terminal-point;mb-40s-ratio-terminal-angle;mb-40s-ratio-given-one;mb-40s-ratio-find-angles;mb-40s-ratio-problem,inventory only; detailed coverage unassessed,../../../../../banks/manitoba-precalculus-40s-provincial-exams-documents/questions/mb-pc40s-2024-jun-q47.json
mb-pc40s-2025-jan-q01,2025-jan,12P.P.1,1,frq,calculator-active,False,,mb-40s-pc-fcp,inventory only; detailed coverage unassessed,../../../../../banks/manitoba-precalculus-40s-provincial-exams-documents/questions/mb-pc40s-2025-jan-q01.json
mb-pc40s-2025-jan-q02,2025-jan,12P.T.1,2,frq,calculator-active,False,,mb-40s-ang-deg-to-rad;mb-40s-ang-rad-to-deg;mb-40s-ang-coterminal;mb-40s-ang-coterminal-general;mb-40s-ang-arc-length;mb-40s-ang-sketch,inventory only; detailed coverage unassessed,../../../../../banks/manitoba-precalculus-40s-provincial-exams-documents/questions/mb-pc40s-2025-jan-q02.json
mb-pc40s-2025-jan-q03,2025-jan,12P.P.3,3,frq,calculator-active,False,,mb-40s-pc-combinations;mb-40s-pc-combination-cases;mb-40s-pc-ncr-equation;mb-40s-pc-which,inventory only; detailed coverage unassessed,../../../../../banks/manitoba-precalculus-40s-provincial-exams-documents/questions/mb-pc40s-2025-jan-q03.json
mb-pc40s-2025-jan-q04,2025-jan,12P.R.10,3,frq,calculator-active,False,,mb-40s-exp-common-base;mb-40s-exp-logs;mb-40s-exp-growth-decay;mb-40s-exp-finance;mb-40s-log-solve;mb-40s-log-scales,inventory only; detailed coverage unassessed,../../../../../banks/manitoba-precalculus-40s-provincial-exams-documents/questions/mb-pc40s-2025-jan-q04.json
mb-pc40s-2025-jan-q05,2025-jan,12P.T.5,4,frq,calculator-active,False,,mb-40s-te-verify;mb-40s-te-first-degree;mb-40s-te-first-degree-approx;mb-40s-te-double-angle;mb-40s-te-second-degree;mb-40s-te-identities;mb-40s-te-general;mb-40s-te-find-error;mb-40s-te-graphical,inventory only; detailed coverage unassessed,../../../../../banks/manitoba-precalculus-40s-provincial-exams-documents/questions/mb-pc40s-2025-jan-q05.json
mb-pc40s-2025-jan-q06,2025-jan,12P.P.1,2,frq,no-calculator,False,,mb-40s-pc-fcp,inventory only; detailed coverage unassessed,../../../../../banks/manitoba-precalculus-40s-provincial-exams-documents/questions/mb-pc40s-2025-jan-q06.json
mb-pc40s-2025-jan-q07,2025-jan,12P.R.3,3,frq,no-calculator,False,,mb-40s-tr-describe;mb-40s-tr-write-equation;mb-40s-tr-map-point;mb-40s-tr-sketch-stretch;mb-40s-tr-equation-from-graph,inventory only; detailed coverage unassessed,../../../../../banks/manitoba-precalculus-40s-provincial-exams-documents/questions/mb-pc40s-2025-jan-q07.json
mb-pc40s-2025-jan-q08,2025-jan,12P.R.13,2,frq,no-calculator,True,,mb-40s-rad-domain-range;mb-40s-rad-describe;mb-40s-rad-sqrt-f-domain;mb-40s-rad-sketch-table;mb-40s-rad-sketch-transform;mb-40s-rad-sketch-sqrt-f;mb-40s-rad-solve-graphically,inventory only; detailed coverage unassessed,../../../../../banks/manitoba-precalculus-40s-provincial-exams-documents/questions/mb-pc40s-2025-jan-q08.json
mb-pc40s-2025-jan-q09,2025-jan,12P.R.11,1,frq,no-calculator,False,,mb-40s-poly-divide;mb-40s-poly-remainder;mb-40s-poly-remainder-unknown;mb-40s-poly-factor-theorem;mb-40s-poly-factor;mb-40s-poly-solve,inventory only; detailed coverage unassessed,../../../../../banks/manitoba-precalculus-40s-provincial-exams-documents/questions/mb-pc40s-2025-jan-q09.json
mb-pc40s-2025-jan-q10,2025-jan,12P.R.8,3,frq,no-calculator,False,,mb-40s-log-expand;mb-40s-log-condense;mb-40s-log-evaluate-laws;mb-40s-log-approx;mb-40s-log-prove-law,inventory only; detailed coverage unassessed,../../../../../banks/manitoba-precalculus-40s-provincial-exams-documents/questions/mb-pc40s-2025-jan-q10.json
mb-pc40s-2025-jan-q11,2025-jan,12P.R.1,3,frq,no-calculator,True,,mb-40s-op-equation;mb-40s-op-domain;mb-40s-op-evaluate;mb-40s-op-compose-evaluate;mb-40s-op-compose-equation;mb-40s-op-decompose;mb-40s-op-from-graphs;mb-40s-op-sketch;mb-40s-op-abs-reciprocal,inventory only; detailed coverage unassessed,../../../../../banks/manitoba-precalculus-40s-provincial-exams-documents/questions/mb-pc40s-2025-jan-q11.json
mb-pc40s-2025-jan-q12,2025-jan,12P.T.6,4,frq,no-calculator,False,identity-proof;multipart,mb-40s-te-identities;mb-40s-id-simplify;mb-40s-id-npv;mb-40s-id-verify-numeric;mb-40s-id-exact-sum-diff;mb-40s-id-exact-double;mb-40s-id-single-function;mb-40s-id-prove,inventory only; detailed coverage unassessed,../../../../../banks/manitoba-precalculus-40s-provincial-exams-documents/questions/mb-pc40s-2025-jan-q12.json
mb-pc40s-2025-jan-q13,2025-jan,12P.R.13,2,frq,no-calculator,True,,mb-40s-rad-domain-range;mb-40s-rad-describe;mb-40s-rad-sqrt-f-domain;mb-40s-rad-sketch-table;mb-40s-rad-sketch-transform;mb-40s-rad-sketch-sqrt-f;mb-40s-rad-solve-graphically,inventory only; detailed coverage unassessed,../../../../../banks/manitoba-precalculus-40s-provincial-exams-documents/questions/mb-pc40s-2025-jan-q13.json
mb-pc40s-2025-jan-q14,2025-jan,12P.R.1,2,frq,no-calculator,True,,mb-40s-op-equation;mb-40s-op-domain;mb-40s-op-evaluate;mb-40s-op-compose-evaluate;mb-40s-op-compose-equation;mb-40s-op-decompose;mb-40s-op-from-graphs;mb-40s-op-sketch;mb-40s-op-abs-reciprocal,inventory only; detailed coverage unassessed,../../../../../banks/manitoba-precalculus-40s-provincial-exams-documents/questions/mb-pc40s-2025-jan-q14.json
mb-pc40s-2025-jan-q15,2025-jan,12P.R.12,3,frq,no-calculator,True,,mb-40s-poly-solve;mb-40s-poly-zeros-multiplicity;mb-40s-poly-end-behaviour;mb-40s-poly-identify;mb-40s-poly-write;mb-40s-poly-model;mb-40s-poly-sketch;mb-40s-poly-match;mb-40s-poly-from-graph,inventory only; detailed coverage unassessed,../../../../../banks/manitoba-precalculus-40s-provincial-exams-documents/questions/mb-pc40s-2025-jan-q15.json
mb-pc40s-2025-jan-q16,2025-jan,12P.R.14,2,frq,no-calculator,True,,mb-40s-rat-npv;mb-40s-rat-features;mb-40s-rat-hole;mb-40s-rat-behaviour;mb-40s-rat-sketch;mb-40s-rat-match;mb-40s-rat-solve-graphically,inventory only; detailed coverage unassessed,../../../../../banks/manitoba-precalculus-40s-provincial-exams-documents/questions/mb-pc40s-2025-jan-q16.json
mb-pc40s-2025-jan-q17,2025-jan,12P.R.2,1,mcq,no-calculator,False,,mb-40s-tr-describe;mb-40s-tr-write-equation;mb-40s-tr-map-point;mb-40s-tr-sketch-translation;mb-40s-tr-equation-from-graph,inventory only; detailed coverage unassessed,../../../../../banks/manitoba-precalculus-40s-provincial-exams-documents/questions/mb-pc40s-2025-jan-q17.json
mb-pc40s-2025-jan-q18,2025-jan,12P.T.3,1,mcq,no-calculator,False,,mb-40s-ratio-exact;mb-40s-ratio-approx;mb-40s-ratio-terminal-point;mb-40s-ratio-terminal-angle;mb-40s-ratio-given-one;mb-40s-ratio-find-angles;mb-40s-ratio-problem,inventory only; detailed coverage unassessed,../../../../../banks/manitoba-precalculus-40s-provincial-exams-documents/questions/mb-pc40s-2025-jan-q18.json
mb-pc40s-2025-jan-q19,2025-jan,12P.R.7,1,mcq,no-calculator,False,,mb-40s-log-convert;mb-40s-log-evaluate;mb-40s-log-estimate,inventory only; detailed coverage unassessed,../../../../../banks/manitoba-precalculus-40s-provincial-exams-documents/questions/mb-pc40s-2025-jan-q19.json
mb-pc40s-2025-jan-q20,2025-jan,12P.T.3,1,mcq,no-calculator,False,,mb-40s-ratio-exact;mb-40s-ratio-approx;mb-40s-ratio-terminal-point;mb-40s-ratio-terminal-angle;mb-40s-ratio-given-one;mb-40s-ratio-find-angles;mb-40s-ratio-problem,inventory only; detailed coverage unassessed,../../../../../banks/manitoba-precalculus-40s-provincial-exams-documents/questions/mb-pc40s-2025-jan-q20.json
mb-pc40s-2025-jan-q21,2025-jan,12P.P.4,1,mcq,no-calculator,False,,mb-40s-bin-pascal;mb-40s-bin-expand;mb-40s-bin-term;mb-40s-bin-term-power;mb-40s-bin-coefficient,inventory only; detailed coverage unassessed,../../../../../banks/manitoba-precalculus-40s-provincial-exams-documents/questions/mb-pc40s-2025-jan-q21.json
mb-pc40s-2025-jan-q22,2025-jan,12P.T.5,1,mcq,no-calculator,False,,mb-40s-te-verify;mb-40s-te-first-degree;mb-40s-te-first-degree-approx;mb-40s-te-double-angle;mb-40s-te-second-degree;mb-40s-te-identities;mb-40s-te-general;mb-40s-te-find-error;mb-40s-te-graphical,inventory only; detailed coverage unassessed,../../../../../banks/manitoba-precalculus-40s-provincial-exams-documents/questions/mb-pc40s-2025-jan-q22.json
mb-pc40s-2025-jan-q23,2025-jan,12P.R.12,1,mcq,no-calculator,True,,mb-40s-poly-solve;mb-40s-poly-zeros-multiplicity;mb-40s-poly-end-behaviour;mb-40s-poly-identify;mb-40s-poly-write;mb-40s-poly-model;mb-40s-poly-sketch;mb-40s-poly-match;mb-40s-poly-from-graph,inventory only; detailed coverage unassessed,../../../../../banks/manitoba-precalculus-40s-provincial-exams-documents/questions/mb-pc40s-2025-jan-q23.json
mb-pc40s-2025-jan-q24,2025-jan,12P.T.6,1,mcq,no-calculator,False,,mb-40s-te-identities;mb-40s-id-simplify;mb-40s-id-npv;mb-40s-id-verify-numeric;mb-40s-id-exact-sum-diff;mb-40s-id-exact-double;mb-40s-id-single-function;mb-40s-id-prove,inventory only; detailed coverage unassessed,../../../../../banks/manitoba-precalculus-40s-provincial-exams-documents/questions/mb-pc40s-2025-jan-q24.json
mb-pc40s-2025-jan-q25,2025-jan,12P.R.1,1,mcq,no-calculator,False,,mb-40s-op-equation;mb-40s-op-domain;mb-40s-op-evaluate;mb-40s-op-compose-evaluate;mb-40s-op-compose-equation;mb-40s-op-decompose;mb-40s-op-from-graphs;mb-40s-op-sketch;mb-40s-op-abs-reciprocal,inventory only; detailed coverage unassessed,../../../../../banks/manitoba-precalculus-40s-provincial-exams-documents/questions/mb-pc40s-2025-jan-q25.json
mb-pc40s-2025-jan-q26,2025-jan,12P.R.11,2,frq,no-calculator,False,,mb-40s-poly-divide;mb-40s-poly-remainder;mb-40s-poly-remainder-unknown;mb-40s-poly-factor-theorem;mb-40s-poly-factor;mb-40s-poly-solve,inventory only; detailed coverage unassessed,../../../../../banks/manitoba-precalculus-40s-provincial-exams-documents/questions/mb-pc40s-2025-jan-q26.json
mb-pc40s-2025-jan-q27,2025-jan,12P.T.3,2,frq,no-calculator,False,,mb-40s-ratio-exact;mb-40s-ratio-approx;mb-40s-ratio-terminal-point;mb-40s-ratio-terminal-angle;mb-40s-ratio-given-one;mb-40s-ratio-find-angles;mb-40s-ratio-problem,inventory only; detailed coverage unassessed,../../../../../banks/manitoba-precalculus-40s-provincial-exams-documents/questions/mb-pc40s-2025-jan-q27.json
mb-pc40s-2025-jan-q28,2025-jan,12P.R.13,3,frq,no-calculator,True,,mb-40s-rad-domain-range;mb-40s-rad-describe;mb-40s-rad-sqrt-f-domain;mb-40s-rad-sketch-table;mb-40s-rad-sketch-transform;mb-40s-rad-sketch-sqrt-f;mb-40s-rad-solve-graphically,inventory only; detailed coverage unassessed,../../../../../banks/manitoba-precalculus-40s-provincial-exams-documents/questions/mb-pc40s-2025-jan-q28.json
mb-pc40s-2025-jan-q29,2025-jan,12P.R.8,2,frq,no-calculator,False,,mb-40s-log-expand;mb-40s-log-condense;mb-40s-log-evaluate-laws;mb-40s-log-approx;mb-40s-log-prove-law,inventory only; detailed coverage unassessed,../../../../../banks/manitoba-precalculus-40s-provincial-exams-documents/questions/mb-pc40s-2025-jan-q29.json
mb-pc40s-2025-jan-q30,2025-jan,12P.R.6,1,frq,no-calculator,False,,mb-40s-inv-linear;mb-40s-inv-quadratic;mb-40s-inv-verify;mb-40s-inv-domain-range;mb-40s-inv-is-function;mb-40s-inv-sketch,inventory only; detailed coverage unassessed,../../../../../banks/manitoba-precalculus-40s-provincial-exams-documents/questions/mb-pc40s-2025-jan-q30.json
mb-pc40s-2025-jan-q31,2025-jan,12P.T.6,3,frq,no-calculator,True,,mb-40s-te-identities;mb-40s-id-simplify;mb-40s-id-npv;mb-40s-id-verify-numeric;mb-40s-id-exact-sum-diff;mb-40s-id-exact-double;mb-40s-id-single-function;mb-40s-id-prove,inventory only; detailed coverage unassessed,../../../../../banks/manitoba-precalculus-40s-provincial-exams-documents/questions/mb-pc40s-2025-jan-q31.json
mb-pc40s-2025-jan-q32,2025-jan,12P.R.14,3,frq,no-calculator,True,,mb-40s-rat-npv;mb-40s-rat-features;mb-40s-rat-hole;mb-40s-rat-behaviour;mb-40s-rat-sketch;mb-40s-rat-match;mb-40s-rat-solve-graphically,inventory only; detailed coverage unassessed,../../../../../banks/manitoba-precalculus-40s-provincial-exams-documents/questions/mb-pc40s-2025-jan-q32.json
mb-pc40s-2025-jan-q33,2025-jan,12P.T.3,3,frq,no-calculator,False,multipart,mb-40s-ratio-exact;mb-40s-ratio-approx;mb-40s-ratio-terminal-point;mb-40s-ratio-terminal-angle;mb-40s-ratio-given-one;mb-40s-ratio-find-angles;mb-40s-ratio-problem,inventory only; detailed coverage unassessed,../../../../../banks/manitoba-precalculus-40s-provincial-exams-documents/questions/mb-pc40s-2025-jan-q33.json
mb-pc40s-2025-jan-q34,2025-jan,12P.T.3,3,frq,no-calculator,False,,mb-40s-ratio-exact;mb-40s-ratio-approx;mb-40s-ratio-terminal-point;mb-40s-ratio-terminal-angle;mb-40s-ratio-given-one;mb-40s-ratio-find-angles;mb-40s-ratio-problem,inventory only; detailed coverage unassessed,../../../../../banks/manitoba-precalculus-40s-provincial-exams-documents/questions/mb-pc40s-2025-jan-q34.json
mb-pc40s-2025-jan-q35,2025-jan,12P.R.14,2,frq,no-calculator,False,multipart,mb-40s-rat-npv;mb-40s-rat-features;mb-40s-rat-hole;mb-40s-rat-behaviour;mb-40s-rat-sketch;mb-40s-rat-match;mb-40s-rat-solve-graphically,inventory only; detailed coverage unassessed,../../../../../banks/manitoba-precalculus-40s-provincial-exams-documents/questions/mb-pc40s-2025-jan-q35.json
mb-pc40s-2025-jan-q36,2025-jan,12P.R.7,1,frq,no-calculator,False,explanation,mb-40s-log-convert;mb-40s-log-evaluate;mb-40s-log-estimate,inventory only; detailed coverage unassessed,../../../../../banks/manitoba-precalculus-40s-provincial-exams-documents/questions/mb-pc40s-2025-jan-q36.json
mb-pc40s-2025-jan-q37,2025-jan,12P.T.2,1,frq,no-calculator,False,explanation,mb-40s-uc-point;mb-40s-uc-circle-equation,inventory only; detailed coverage unassessed,../../../../../banks/manitoba-precalculus-40s-provincial-exams-documents/questions/mb-pc40s-2025-jan-q37.json
mb-pc40s-2025-jan-q38,2025-jan,12P.P.4,2,frq,no-calculator,False,,mb-40s-bin-pascal;mb-40s-bin-expand;mb-40s-bin-term;mb-40s-bin-term-power;mb-40s-bin-coefficient,inventory only; detailed coverage unassessed,../../../../../banks/manitoba-precalculus-40s-provincial-exams-documents/questions/mb-pc40s-2025-jan-q38.json
mb-pc40s-2025-jan-q39,2025-jan,12P.R.9,3,frq,no-calculator,True,,mb-40s-exp-characteristics;mb-40s-exp-transformed;mb-40s-exp-sketch;mb-40s-log-characteristics;mb-40s-log-sketch,inventory only; detailed coverage unassessed,../../../../../banks/manitoba-precalculus-40s-provincial-exams-documents/questions/mb-pc40s-2025-jan-q39.json
mb-pc40s-2025-jan-q40,2025-jan,12P.R.8,2,frq,no-calculator,False,,mb-40s-log-expand;mb-40s-log-condense;mb-40s-log-evaluate-laws;mb-40s-log-approx;mb-40s-log-prove-law,inventory only; detailed coverage unassessed,../../../../../banks/manitoba-precalculus-40s-provincial-exams-documents/questions/mb-pc40s-2025-jan-q40.json
mb-pc40s-2025-jan-q41,2025-jan,12P.R.1,2,frq,no-calculator,True,multipart,mb-40s-op-equation;mb-40s-op-domain;mb-40s-op-evaluate;mb-40s-op-compose-evaluate;mb-40s-op-compose-equation;mb-40s-op-decompose;mb-40s-op-from-graphs;mb-40s-op-sketch;mb-40s-op-abs-reciprocal,inventory only; detailed coverage unassessed,../../../../../banks/manitoba-precalculus-40s-provincial-exams-documents/questions/mb-pc40s-2025-jan-q41.json
mb-pc40s-2025-jan-q42,2025-jan,12P.R.11,1,frq,no-calculator,False,,mb-40s-poly-divide;mb-40s-poly-remainder;mb-40s-poly-remainder-unknown;mb-40s-poly-factor-theorem;mb-40s-poly-factor;mb-40s-poly-solve,inventory only; detailed coverage unassessed,../../../../../banks/manitoba-precalculus-40s-provincial-exams-documents/questions/mb-pc40s-2025-jan-q42.json
mb-pc40s-2025-jan-q43,2025-jan,12P.T.4,3,frq,no-calculator,True,,mb-40s-tf-characteristics-basic;mb-40s-tf-characteristics;mb-40s-tf-max-min;mb-40s-tf-equation-from-features;mb-40s-tf-model;mb-40s-tf-sketch;mb-40s-tf-equation-from-graph,inventory only; detailed coverage unassessed,../../../../../banks/manitoba-precalculus-40s-provincial-exams-documents/questions/mb-pc40s-2025-jan-q43.json
mb-pc40s-2025-jan-q44,2025-jan,12P.P.2,2,frq,no-calculator,False,,mb-40s-pc-factorial;mb-40s-pc-permutations;mb-40s-pc-identical;mb-40s-pc-conditions;mb-40s-pc-npr-equation;mb-40s-pc-which,inventory only; detailed coverage unassessed,../../../../../banks/manitoba-precalculus-40s-provincial-exams-documents/questions/mb-pc40s-2025-jan-q44.json
mb-pc40s-2025-jun-q01,2025-jun,12P.P.1,1,frq,calculator-active,False,,mb-40s-pc-fcp,inventory only; detailed coverage unassessed,../../../../../banks/manitoba-precalculus-40s-provincial-exams-documents/questions/mb-pc40s-2025-jun-q01.json
mb-pc40s-2025-jun-q02,2025-jun,12P.R.10,2,frq,calculator-active,False,,mb-40s-exp-common-base;mb-40s-exp-logs;mb-40s-exp-growth-decay;mb-40s-exp-finance;mb-40s-log-solve;mb-40s-log-scales,inventory only; detailed coverage unassessed,../../../../../banks/manitoba-precalculus-40s-provincial-exams-documents/questions/mb-pc40s-2025-jun-q02.json
mb-pc40s-2025-jun-q03,2025-jun,12P.P.4,3,frq,calculator-active,False,,mb-40s-bin-pascal;mb-40s-bin-expand;mb-40s-bin-term;mb-40s-bin-term-power;mb-40s-bin-coefficient,inventory only; detailed coverage unassessed,../../../../../banks/manitoba-precalculus-40s-provincial-exams-documents/questions/mb-pc40s-2025-jun-q03.json
mb-pc40s-2025-jun-q04,2025-jun,12P.T.5,3,frq,calculator-active,False,,mb-40s-te-verify;mb-40s-te-first-degree;mb-40s-te-first-degree-approx;mb-40s-te-double-angle;mb-40s-te-second-degree;mb-40s-te-identities;mb-40s-te-general;mb-40s-te-find-error;mb-40s-te-graphical,inventory only; detailed coverage unassessed,../../../../../banks/manitoba-precalculus-40s-provincial-exams-documents/questions/mb-pc40s-2025-jun-q04.json
mb-pc40s-2025-jun-q05,2025-jun,12P.T.1,2,frq,no-calculator,False,multipart,mb-40s-ang-deg-to-rad;mb-40s-ang-rad-to-deg;mb-40s-ang-coterminal;mb-40s-ang-coterminal-general;mb-40s-ang-arc-length;mb-40s-ang-sketch,inventory only; detailed coverage unassessed,../../../../../banks/manitoba-precalculus-40s-provincial-exams-documents/questions/mb-pc40s-2025-jun-q05.json
mb-pc40s-2025-jun-q06,2025-jun,12P.R.12,1,frq,no-calculator,False,,mb-40s-poly-solve;mb-40s-poly-zeros-multiplicity;mb-40s-poly-end-behaviour;mb-40s-poly-identify;mb-40s-poly-write;mb-40s-poly-model;mb-40s-poly-sketch;mb-40s-poly-match;mb-40s-poly-from-graph,inventory only; detailed coverage unassessed,../../../../../banks/manitoba-precalculus-40s-provincial-exams-documents/questions/mb-pc40s-2025-jun-q06.json
mb-pc40s-2025-jun-q07,2025-jun,12P.R.2,4,frq,no-calculator,False,,mb-40s-tr-describe;mb-40s-tr-write-equation;mb-40s-tr-map-point;mb-40s-tr-sketch-translation;mb-40s-tr-equation-from-graph,inventory only; detailed coverage unassessed,../../../../../banks/manitoba-precalculus-40s-provincial-exams-documents/questions/mb-pc40s-2025-jun-q07.json
mb-pc40s-2025-jun-q08,2025-jun,12P.R.14,2,frq,no-calculator,False,,mb-40s-rat-npv;mb-40s-rat-features;mb-40s-rat-hole;mb-40s-rat-behaviour;mb-40s-rat-sketch;mb-40s-rat-match;mb-40s-rat-solve-graphically,inventory only; detailed coverage unassessed,../../../../../banks/manitoba-precalculus-40s-provincial-exams-documents/questions/mb-pc40s-2025-jun-q08.json
mb-pc40s-2025-jun-q09,2025-jun,12P.P.4,1,frq,no-calculator,False,,mb-40s-bin-pascal;mb-40s-bin-expand;mb-40s-bin-term;mb-40s-bin-term-power;mb-40s-bin-coefficient,inventory only; detailed coverage unassessed,../../../../../banks/manitoba-precalculus-40s-provincial-exams-documents/questions/mb-pc40s-2025-jun-q09.json
mb-pc40s-2025-jun-q10,2025-jun,12P.R.6,2,frq,no-calculator,False,,mb-40s-inv-linear;mb-40s-inv-quadratic;mb-40s-inv-verify;mb-40s-inv-domain-range;mb-40s-inv-is-function;mb-40s-inv-sketch,inventory only; detailed coverage unassessed,../../../../../banks/manitoba-precalculus-40s-provincial-exams-documents/questions/mb-pc40s-2025-jun-q10.json
mb-pc40s-2025-jun-q11,2025-jun,12P.R.13,2,frq,no-calculator,True,,mb-40s-rad-domain-range;mb-40s-rad-describe;mb-40s-rad-sqrt-f-domain;mb-40s-rad-sketch-table;mb-40s-rad-sketch-transform;mb-40s-rad-sketch-sqrt-f;mb-40s-rad-solve-graphically,inventory only; detailed coverage unassessed,../../../../../banks/manitoba-precalculus-40s-provincial-exams-documents/questions/mb-pc40s-2025-jun-q11.json
mb-pc40s-2025-jun-q12,2025-jun,12P.T.6,3,frq,no-calculator,False,identity-proof,mb-40s-te-identities;mb-40s-id-simplify;mb-40s-id-npv;mb-40s-id-verify-numeric;mb-40s-id-exact-sum-diff;mb-40s-id-exact-double;mb-40s-id-single-function;mb-40s-id-prove,inventory only; detailed coverage unassessed,../../../../../banks/manitoba-precalculus-40s-provincial-exams-documents/questions/mb-pc40s-2025-jun-q12.json
mb-pc40s-2025-jun-q13,2025-jun,12P.R.9,1,frq,no-calculator,False,explanation,mb-40s-exp-characteristics;mb-40s-exp-transformed;mb-40s-exp-sketch;mb-40s-log-characteristics;mb-40s-log-sketch,inventory only; detailed coverage unassessed,../../../../../banks/manitoba-precalculus-40s-provincial-exams-documents/questions/mb-pc40s-2025-jun-q13.json
mb-pc40s-2025-jun-q14,2025-jun,12P.R.1,2,frq,no-calculator,True,,mb-40s-op-equation;mb-40s-op-domain;mb-40s-op-evaluate;mb-40s-op-compose-evaluate;mb-40s-op-compose-equation;mb-40s-op-decompose;mb-40s-op-from-graphs;mb-40s-op-sketch;mb-40s-op-abs-reciprocal,inventory only; detailed coverage unassessed,../../../../../banks/manitoba-precalculus-40s-provincial-exams-documents/questions/mb-pc40s-2025-jun-q14.json
mb-pc40s-2025-jun-q15,2025-jun,12P.R.13,4,frq,no-calculator,True,,mb-40s-rad-domain-range;mb-40s-rad-describe;mb-40s-rad-sqrt-f-domain;mb-40s-rad-sketch-table;mb-40s-rad-sketch-transform;mb-40s-rad-sketch-sqrt-f;mb-40s-rad-solve-graphically,inventory only; detailed coverage unassessed,../../../../../banks/manitoba-precalculus-40s-provincial-exams-documents/questions/mb-pc40s-2025-jun-q15.json
mb-pc40s-2025-jun-q16,2025-jun,12P.R.11,1,mcq,no-calculator,False,,mb-40s-poly-divide;mb-40s-poly-remainder;mb-40s-poly-remainder-unknown;mb-40s-poly-factor-theorem;mb-40s-poly-factor;mb-40s-poly-solve,inventory only; detailed coverage unassessed,../../../../../banks/manitoba-precalculus-40s-provincial-exams-documents/questions/mb-pc40s-2025-jun-q16.json
mb-pc40s-2025-jun-q17,2025-jun,12P.R.5,1,mcq,no-calculator,False,,mb-40s-tr-reflect-point;mb-40s-tr-reflect-equation;mb-40s-tr-reflect-sketch,inventory only; detailed coverage unassessed,../../../../../banks/manitoba-precalculus-40s-provincial-exams-documents/questions/mb-pc40s-2025-jun-q17.json
mb-pc40s-2025-jun-q18,2025-jun,12P.R.7,1,mcq,no-calculator,False,,mb-40s-log-convert;mb-40s-log-evaluate;mb-40s-log-estimate,inventory only; detailed coverage unassessed,../../../../../banks/manitoba-precalculus-40s-provincial-exams-documents/questions/mb-pc40s-2025-jun-q18.json
mb-pc40s-2025-jun-q19,2025-jun,12P.R.14,1,mcq,no-calculator,False,,mb-40s-rat-npv;mb-40s-rat-features;mb-40s-rat-hole;mb-40s-rat-behaviour;mb-40s-rat-sketch;mb-40s-rat-match;mb-40s-rat-solve-graphically,inventory only; detailed coverage unassessed,../../../../../banks/manitoba-precalculus-40s-provincial-exams-documents/questions/mb-pc40s-2025-jun-q19.json
mb-pc40s-2025-jun-q20,2025-jun,12P.P.2,1,mcq,no-calculator,False,,mb-40s-pc-factorial;mb-40s-pc-permutations;mb-40s-pc-identical;mb-40s-pc-conditions;mb-40s-pc-npr-equation;mb-40s-pc-which,inventory only; detailed coverage unassessed,../../../../../banks/manitoba-precalculus-40s-provincial-exams-documents/questions/mb-pc40s-2025-jun-q20.json
mb-pc40s-2025-jun-q21,2025-jun,12P.R.11,1,mcq,no-calculator,False,,mb-40s-poly-divide;mb-40s-poly-remainder;mb-40s-poly-remainder-unknown;mb-40s-poly-factor-theorem;mb-40s-poly-factor;mb-40s-poly-solve,inventory only; detailed coverage unassessed,../../../../../banks/manitoba-precalculus-40s-provincial-exams-documents/questions/mb-pc40s-2025-jun-q21.json
mb-pc40s-2025-jun-q22,2025-jun,12P.T.4,1,mcq,no-calculator,True,,mb-40s-tf-characteristics-basic;mb-40s-tf-characteristics;mb-40s-tf-max-min;mb-40s-tf-equation-from-features;mb-40s-tf-model;mb-40s-tf-sketch;mb-40s-tf-equation-from-graph,inventory only; detailed coverage unassessed,../../../../../banks/manitoba-precalculus-40s-provincial-exams-documents/questions/mb-pc40s-2025-jun-q22.json
mb-pc40s-2025-jun-q23,2025-jun,12P.R.8,1,mcq,no-calculator,False,,mb-40s-log-expand;mb-40s-log-condense;mb-40s-log-evaluate-laws;mb-40s-log-approx;mb-40s-log-prove-law,inventory only; detailed coverage unassessed,../../../../../banks/manitoba-precalculus-40s-provincial-exams-documents/questions/mb-pc40s-2025-jun-q23.json
mb-pc40s-2025-jun-q24,2025-jun,12P.T.1,1,mcq,no-calculator,False,,mb-40s-ang-deg-to-rad;mb-40s-ang-rad-to-deg;mb-40s-ang-coterminal;mb-40s-ang-coterminal-general;mb-40s-ang-arc-length;mb-40s-ang-sketch,inventory only; detailed coverage unassessed,../../../../../banks/manitoba-precalculus-40s-provincial-exams-documents/questions/mb-pc40s-2025-jun-q24.json
mb-pc40s-2025-jun-q25,2025-jun,12P.R.11,3,frq,no-calculator,False,,mb-40s-poly-divide;mb-40s-poly-remainder;mb-40s-poly-remainder-unknown;mb-40s-poly-factor-theorem;mb-40s-poly-factor;mb-40s-poly-solve,inventory only; detailed coverage unassessed,../../../../../banks/manitoba-precalculus-40s-provincial-exams-documents/questions/mb-pc40s-2025-jun-q25.json
mb-pc40s-2025-jun-q26,2025-jun,12P.T.5,3,frq,no-calculator,False,,mb-40s-te-verify;mb-40s-te-first-degree;mb-40s-te-first-degree-approx;mb-40s-te-double-angle;mb-40s-te-second-degree;mb-40s-te-identities;mb-40s-te-general;mb-40s-te-find-error;mb-40s-te-graphical,inventory only; detailed coverage unassessed,../../../../../banks/manitoba-precalculus-40s-provincial-exams-documents/questions/mb-pc40s-2025-jun-q26.json
mb-pc40s-2025-jun-q27,2025-jun,12P.R.9,3,frq,no-calculator,True,multipart,mb-40s-exp-characteristics;mb-40s-exp-transformed;mb-40s-exp-sketch;mb-40s-log-characteristics;mb-40s-log-sketch,inventory only; detailed coverage unassessed,../../../../../banks/manitoba-precalculus-40s-provincial-exams-documents/questions/mb-pc40s-2025-jun-q27.json
mb-pc40s-2025-jun-q28,2025-jun,12P.T.3,2,frq,no-calculator,False,,mb-40s-ratio-exact;mb-40s-ratio-approx;mb-40s-ratio-terminal-point;mb-40s-ratio-terminal-angle;mb-40s-ratio-given-one;mb-40s-ratio-find-angles;mb-40s-ratio-problem,inventory only; detailed coverage unassessed,../../../../../banks/manitoba-precalculus-40s-provincial-exams-documents/questions/mb-pc40s-2025-jun-q28.json
mb-pc40s-2025-jun-q29,2025-jun,12P.R.1,1,frq,no-calculator,False,,mb-40s-op-equation;mb-40s-op-domain;mb-40s-op-evaluate;mb-40s-op-compose-evaluate;mb-40s-op-compose-equation;mb-40s-op-decompose;mb-40s-op-from-graphs;mb-40s-op-sketch;mb-40s-op-abs-reciprocal,inventory only; detailed coverage unassessed,../../../../../banks/manitoba-precalculus-40s-provincial-exams-documents/questions/mb-pc40s-2025-jun-q29.json
mb-pc40s-2025-jun-q30,2025-jun,12P.T.6,1,frq,no-calculator,False,,mb-40s-te-identities;mb-40s-id-simplify;mb-40s-id-npv;mb-40s-id-verify-numeric;mb-40s-id-exact-sum-diff;mb-40s-id-exact-double;mb-40s-id-single-function;mb-40s-id-prove,inventory only; detailed coverage unassessed,../../../../../banks/manitoba-precalculus-40s-provincial-exams-documents/questions/mb-pc40s-2025-jun-q30.json
mb-pc40s-2025-jun-q31,2025-jun,12P.R.10,2,frq,no-calculator,False,,mb-40s-exp-common-base;mb-40s-exp-logs;mb-40s-exp-growth-decay;mb-40s-exp-finance;mb-40s-log-solve;mb-40s-log-scales,inventory only; detailed coverage unassessed,../../../../../banks/manitoba-precalculus-40s-provincial-exams-documents/questions/mb-pc40s-2025-jun-q31.json
mb-pc40s-2025-jun-q32,2025-jun,12P.R.1,2,frq,no-calculator,True,,mb-40s-op-equation;mb-40s-op-domain;mb-40s-op-evaluate;mb-40s-op-compose-evaluate;mb-40s-op-compose-equation;mb-40s-op-decompose;mb-40s-op-from-graphs;mb-40s-op-sketch;mb-40s-op-abs-reciprocal,inventory only; detailed coverage unassessed,../../../../../banks/manitoba-precalculus-40s-provincial-exams-documents/questions/mb-pc40s-2025-jun-q32.json
mb-pc40s-2025-jun-q33,2025-jun,12P.T.4,4,frq,no-calculator,True,multipart,mb-40s-tf-characteristics-basic;mb-40s-tf-characteristics;mb-40s-tf-max-min;mb-40s-tf-equation-from-features;mb-40s-tf-model;mb-40s-tf-sketch;mb-40s-tf-equation-from-graph,inventory only; detailed coverage unassessed,../../../../../banks/manitoba-precalculus-40s-provincial-exams-documents/questions/mb-pc40s-2025-jun-q33.json
mb-pc40s-2025-jun-q34,2025-jun,12P.P.2,1,frq,no-calculator,False,error-analysis,mb-40s-pc-factorial;mb-40s-pc-permutations;mb-40s-pc-identical;mb-40s-pc-conditions;mb-40s-pc-npr-equation;mb-40s-pc-which,inventory only; detailed coverage unassessed,../../../../../banks/manitoba-precalculus-40s-provincial-exams-documents/questions/mb-pc40s-2025-jun-q34.json
mb-pc40s-2025-jun-q35,2025-jun,12P.T.6,4,frq,no-calculator,True,multipart,mb-40s-te-identities;mb-40s-id-simplify;mb-40s-id-npv;mb-40s-id-verify-numeric;mb-40s-id-exact-sum-diff;mb-40s-id-exact-double;mb-40s-id-single-function;mb-40s-id-prove,inventory only; detailed coverage unassessed,../../../../../banks/manitoba-precalculus-40s-provincial-exams-documents/questions/mb-pc40s-2025-jun-q35.json
mb-pc40s-2025-jun-q36,2025-jun,12P.R.4,2,frq,no-calculator,True,,mb-40s-tr-describe;mb-40s-tr-write-equation;mb-40s-tr-map-point;mb-40s-tr-mapping-rule;mb-40s-tr-domain-range;mb-40s-tr-sketch-combined;mb-40s-tr-equation-from-graph,inventory only; detailed coverage unassessed,../../../../../banks/manitoba-precalculus-40s-provincial-exams-documents/questions/mb-pc40s-2025-jun-q36.json
mb-pc40s-2025-jun-q37,2025-jun,12P.R.7,1,frq,no-calculator,False,,mb-40s-log-convert;mb-40s-log-evaluate;mb-40s-log-estimate,inventory only; detailed coverage unassessed,../../../../../banks/manitoba-precalculus-40s-provincial-exams-documents/questions/mb-pc40s-2025-jun-q37.json
mb-pc40s-2025-jun-q38,2025-jun,12P.R.14,4,frq,no-calculator,True,,mb-40s-rat-npv;mb-40s-rat-features;mb-40s-rat-hole;mb-40s-rat-behaviour;mb-40s-rat-sketch;mb-40s-rat-match;mb-40s-rat-solve-graphically,inventory only; detailed coverage unassessed,../../../../../banks/manitoba-precalculus-40s-provincial-exams-documents/questions/mb-pc40s-2025-jun-q38.json
mb-pc40s-2025-jun-q39,2025-jun,12P.P.2,1,frq,no-calculator,False,explanation,mb-40s-pc-factorial;mb-40s-pc-permutations;mb-40s-pc-identical;mb-40s-pc-conditions;mb-40s-pc-npr-equation;mb-40s-pc-which,inventory only; detailed coverage unassessed,../../../../../banks/manitoba-precalculus-40s-provincial-exams-documents/questions/mb-pc40s-2025-jun-q39.json
mb-pc40s-2025-jun-q40,2025-jun,12P.T.4,1,frq,no-calculator,False,,mb-40s-tf-characteristics-basic;mb-40s-tf-characteristics;mb-40s-tf-max-min;mb-40s-tf-equation-from-features;mb-40s-tf-model;mb-40s-tf-sketch;mb-40s-tf-equation-from-graph,inventory only; detailed coverage unassessed,../../../../../banks/manitoba-precalculus-40s-provincial-exams-documents/questions/mb-pc40s-2025-jun-q40.json
mb-pc40s-2025-jun-q41,2025-jun,12P.P.3,3,frq,no-calculator,False,,mb-40s-pc-combinations;mb-40s-pc-combination-cases;mb-40s-pc-ncr-equation;mb-40s-pc-which,inventory only; detailed coverage unassessed,../../../../../banks/manitoba-precalculus-40s-provincial-exams-documents/questions/mb-pc40s-2025-jun-q41.json
mb-pc40s-2025-jun-q42,2025-jun,12P.T.5,1,frq,no-calculator,True,,mb-40s-te-verify;mb-40s-te-first-degree;mb-40s-te-first-degree-approx;mb-40s-te-double-angle;mb-40s-te-second-degree;mb-40s-te-identities;mb-40s-te-general;mb-40s-te-find-error;mb-40s-te-graphical,inventory only; detailed coverage unassessed,../../../../../banks/manitoba-precalculus-40s-provincial-exams-documents/questions/mb-pc40s-2025-jun-q42.json
mb-pc40s-2025-jun-q43,2025-jun,12P.R.8,3,frq,no-calculator,False,,mb-40s-log-expand;mb-40s-log-condense;mb-40s-log-evaluate-laws;mb-40s-log-approx;mb-40s-log-prove-law,inventory only; detailed coverage unassessed,../../../../../banks/manitoba-precalculus-40s-provincial-exams-documents/questions/mb-pc40s-2025-jun-q43.json
mb-pc40s-2025-jun-q44,2025-jun,12P.T.1,1,frq,no-calculator,True,,mb-40s-ang-deg-to-rad;mb-40s-ang-rad-to-deg;mb-40s-ang-coterminal;mb-40s-ang-coterminal-general;mb-40s-ang-arc-length;mb-40s-ang-sketch,inventory only; detailed coverage unassessed,../../../../../banks/manitoba-precalculus-40s-provincial-exams-documents/questions/mb-pc40s-2025-jun-q44.json
mb-pc40s-2025-jun-q45,2025-jun,12P.R.12,3,frq,no-calculator,True,,mb-40s-poly-solve;mb-40s-poly-zeros-multiplicity;mb-40s-poly-end-behaviour;mb-40s-poly-identify;mb-40s-poly-write;mb-40s-poly-model;mb-40s-poly-sketch;mb-40s-poly-match;mb-40s-poly-from-graph,inventory only; detailed coverage unassessed,../../../../../banks/manitoba-precalculus-40s-provincial-exams-documents/questions/mb-pc40s-2025-jun-q45.json
mb-pc40s-2025-jun-q46,2025-jun,12P.T.3,2,frq,no-calculator,True,,mb-40s-ratio-exact;mb-40s-ratio-approx;mb-40s-ratio-terminal-point;mb-40s-ratio-terminal-angle;mb-40s-ratio-given-one;mb-40s-ratio-find-angles;mb-40s-ratio-problem,inventory only; detailed coverage unassessed,../../../../../banks/manitoba-precalculus-40s-provincial-exams-documents/questions/mb-pc40s-2025-jun-q46.json
mb-pc40s-2026-jan-q01,2026-jan,12P.T.1,2,frq,calculator-active,False,,mb-40s-ang-deg-to-rad;mb-40s-ang-rad-to-deg;mb-40s-ang-coterminal;mb-40s-ang-coterminal-general;mb-40s-ang-arc-length;mb-40s-ang-sketch,inventory only; detailed coverage unassessed,../../../../../banks/manitoba-precalculus-40s-provincial-exams-documents/questions/mb-pc40s-2026-jan-q01.json
mb-pc40s-2026-jan-q02,2026-jan,12P.P.4,4,frq,calculator-active,False,,mb-40s-bin-pascal;mb-40s-bin-expand;mb-40s-bin-term;mb-40s-bin-term-power;mb-40s-bin-coefficient,inventory only; detailed coverage unassessed,../../../../../banks/manitoba-precalculus-40s-provincial-exams-documents/questions/mb-pc40s-2026-jan-q02.json
mb-pc40s-2026-jan-q03,2026-jan,12P.R.10,3,frq,calculator-active,False,multipart,mb-40s-exp-common-base;mb-40s-exp-logs;mb-40s-exp-growth-decay;mb-40s-exp-finance;mb-40s-log-solve;mb-40s-log-scales,inventory only; detailed coverage unassessed,../../../../../banks/manitoba-precalculus-40s-provincial-exams-documents/questions/mb-pc40s-2026-jan-q03.json
mb-pc40s-2026-jan-q04,2026-jan,12P.P.3,3,frq,calculator-active,False,,mb-40s-pc-combinations;mb-40s-pc-combination-cases;mb-40s-pc-ncr-equation;mb-40s-pc-which,inventory only; detailed coverage unassessed,../../../../../banks/manitoba-precalculus-40s-provincial-exams-documents/questions/mb-pc40s-2026-jan-q04.json
mb-pc40s-2026-jan-q05,2026-jan,12P.T.5,4,frq,no-calculator,False,,mb-40s-te-verify;mb-40s-te-first-degree;mb-40s-te-first-degree-approx;mb-40s-te-double-angle;mb-40s-te-second-degree;mb-40s-te-identities;mb-40s-te-general;mb-40s-te-find-error;mb-40s-te-graphical,inventory only; detailed coverage unassessed,../../../../../banks/manitoba-precalculus-40s-provincial-exams-documents/questions/mb-pc40s-2026-jan-q05.json
mb-pc40s-2026-jan-q06,2026-jan,12P.R.3,1,frq,no-calculator,False,,mb-40s-tr-describe;mb-40s-tr-write-equation;mb-40s-tr-map-point;mb-40s-tr-sketch-stretch;mb-40s-tr-equation-from-graph,inventory only; detailed coverage unassessed,../../../../../banks/manitoba-precalculus-40s-provincial-exams-documents/questions/mb-pc40s-2026-jan-q06.json
mb-pc40s-2026-jan-q07,2026-jan,12P.R.14,1,frq,no-calculator,False,,mb-40s-rat-npv;mb-40s-rat-features;mb-40s-rat-hole;mb-40s-rat-behaviour;mb-40s-rat-sketch;mb-40s-rat-match;mb-40s-rat-solve-graphically,inventory only; detailed coverage unassessed,../../../../../banks/manitoba-precalculus-40s-provincial-exams-documents/questions/mb-pc40s-2026-jan-q07.json
mb-pc40s-2026-jan-q08,2026-jan,12P.T.2,1,frq,no-calculator,False,explanation,mb-40s-uc-point;mb-40s-uc-circle-equation,inventory only; detailed coverage unassessed,../../../../../banks/manitoba-precalculus-40s-provincial-exams-documents/questions/mb-pc40s-2026-jan-q08.json
mb-pc40s-2026-jan-q09,2026-jan,12P.R.2,3,frq,no-calculator,True,,mb-40s-tr-describe;mb-40s-tr-write-equation;mb-40s-tr-map-point;mb-40s-tr-sketch-translation;mb-40s-tr-equation-from-graph,inventory only; detailed coverage unassessed,../../../../../banks/manitoba-precalculus-40s-provincial-exams-documents/questions/mb-pc40s-2026-jan-q09.json
mb-pc40s-2026-jan-q10,2026-jan,12P.R.11,1,frq,no-calculator,True,error-analysis,mb-40s-poly-divide;mb-40s-poly-remainder;mb-40s-poly-remainder-unknown;mb-40s-poly-factor-theorem;mb-40s-poly-factor;mb-40s-poly-solve,inventory only; detailed coverage unassessed,../../../../../banks/manitoba-precalculus-40s-provincial-exams-documents/questions/mb-pc40s-2026-jan-q10.json
mb-pc40s-2026-jan-q11,2026-jan,12P.R.1,2,frq,no-calculator,False,multipart,mb-40s-op-equation;mb-40s-op-domain;mb-40s-op-evaluate;mb-40s-op-compose-evaluate;mb-40s-op-compose-equation;mb-40s-op-decompose;mb-40s-op-from-graphs;mb-40s-op-sketch;mb-40s-op-abs-reciprocal,inventory only; detailed coverage unassessed,../../../../../banks/manitoba-precalculus-40s-provincial-exams-documents/questions/mb-pc40s-2026-jan-q11.json
mb-pc40s-2026-jan-q12,2026-jan,12P.T.6,3,frq,no-calculator,False,identity-proof,mb-40s-te-identities;mb-40s-id-simplify;mb-40s-id-npv;mb-40s-id-verify-numeric;mb-40s-id-exact-sum-diff;mb-40s-id-exact-double;mb-40s-id-single-function;mb-40s-id-prove,inventory only; detailed coverage unassessed,../../../../../banks/manitoba-precalculus-40s-provincial-exams-documents/questions/mb-pc40s-2026-jan-q12.json
mb-pc40s-2026-jan-q13,2026-jan,12P.R.1,2,frq,no-calculator,False,multipart,mb-40s-op-equation;mb-40s-op-domain;mb-40s-op-evaluate;mb-40s-op-compose-evaluate;mb-40s-op-compose-equation;mb-40s-op-decompose;mb-40s-op-from-graphs;mb-40s-op-sketch;mb-40s-op-abs-reciprocal,inventory only; detailed coverage unassessed,../../../../../banks/manitoba-precalculus-40s-provincial-exams-documents/questions/mb-pc40s-2026-jan-q13.json
mb-pc40s-2026-jan-q14,2026-jan,12P.R.5,2,frq,no-calculator,True,multipart,mb-40s-tr-reflect-point;mb-40s-tr-reflect-equation;mb-40s-tr-reflect-sketch,inventory only; detailed coverage unassessed,../../../../../banks/manitoba-precalculus-40s-provincial-exams-documents/questions/mb-pc40s-2026-jan-q14.json
mb-pc40s-2026-jan-q15,2026-jan,12P.R.4,1,frq,no-calculator,False,,mb-40s-tr-describe;mb-40s-tr-write-equation;mb-40s-tr-map-point;mb-40s-tr-mapping-rule;mb-40s-tr-domain-range;mb-40s-tr-sketch-combined;mb-40s-tr-equation-from-graph,inventory only; detailed coverage unassessed,../../../../../banks/manitoba-precalculus-40s-provincial-exams-documents/questions/mb-pc40s-2026-jan-q15.json
mb-pc40s-2026-jan-q16,2026-jan,12P.R.1,1,frq,no-calculator,True,,mb-40s-op-equation;mb-40s-op-domain;mb-40s-op-evaluate;mb-40s-op-compose-evaluate;mb-40s-op-compose-equation;mb-40s-op-decompose;mb-40s-op-from-graphs;mb-40s-op-sketch;mb-40s-op-abs-reciprocal,inventory only; detailed coverage unassessed,../../../../../banks/manitoba-precalculus-40s-provincial-exams-documents/questions/mb-pc40s-2026-jan-q16.json
mb-pc40s-2026-jan-q17,2026-jan,12P.R.11,3,frq,no-calculator,False,,mb-40s-poly-divide;mb-40s-poly-remainder;mb-40s-poly-remainder-unknown;mb-40s-poly-factor-theorem;mb-40s-poly-factor;mb-40s-poly-solve,inventory only; detailed coverage unassessed,../../../../../banks/manitoba-precalculus-40s-provincial-exams-documents/questions/mb-pc40s-2026-jan-q17.json
mb-pc40s-2026-jan-q18,2026-jan,12P.T.2,1,mcq,no-calculator,False,,mb-40s-uc-point;mb-40s-uc-circle-equation,inventory only; detailed coverage unassessed,../../../../../banks/manitoba-precalculus-40s-provincial-exams-documents/questions/mb-pc40s-2026-jan-q18.json
mb-pc40s-2026-jan-q19,2026-jan,12P.R.1,1,mcq,no-calculator,False,,mb-40s-op-equation;mb-40s-op-domain;mb-40s-op-evaluate;mb-40s-op-compose-evaluate;mb-40s-op-compose-equation;mb-40s-op-decompose;mb-40s-op-from-graphs;mb-40s-op-sketch;mb-40s-op-abs-reciprocal,inventory only; detailed coverage unassessed,../../../../../banks/manitoba-precalculus-40s-provincial-exams-documents/questions/mb-pc40s-2026-jan-q19.json
mb-pc40s-2026-jan-q20,2026-jan,12P.R.3,1,mcq,no-calculator,False,,mb-40s-tr-describe;mb-40s-tr-write-equation;mb-40s-tr-map-point;mb-40s-tr-sketch-stretch;mb-40s-tr-equation-from-graph,inventory only; detailed coverage unassessed,../../../../../banks/manitoba-precalculus-40s-provincial-exams-documents/questions/mb-pc40s-2026-jan-q20.json
mb-pc40s-2026-jan-q21,2026-jan,12P.R.12,1,mcq,no-calculator,True,,mb-40s-poly-solve;mb-40s-poly-zeros-multiplicity;mb-40s-poly-end-behaviour;mb-40s-poly-identify;mb-40s-poly-write;mb-40s-poly-model;mb-40s-poly-sketch;mb-40s-poly-match;mb-40s-poly-from-graph,inventory only; detailed coverage unassessed,../../../../../banks/manitoba-precalculus-40s-provincial-exams-documents/questions/mb-pc40s-2026-jan-q21.json
mb-pc40s-2026-jan-q22,2026-jan,12P.T.5,1,mcq,no-calculator,False,,mb-40s-te-verify;mb-40s-te-first-degree;mb-40s-te-first-degree-approx;mb-40s-te-double-angle;mb-40s-te-second-degree;mb-40s-te-identities;mb-40s-te-general;mb-40s-te-find-error;mb-40s-te-graphical,inventory only; detailed coverage unassessed,../../../../../banks/manitoba-precalculus-40s-provincial-exams-documents/questions/mb-pc40s-2026-jan-q22.json
mb-pc40s-2026-jan-q23,2026-jan,12P.R.13,1,mcq,no-calculator,False,,mb-40s-rad-domain-range;mb-40s-rad-describe;mb-40s-rad-sqrt-f-domain;mb-40s-rad-sketch-table;mb-40s-rad-sketch-transform;mb-40s-rad-sketch-sqrt-f;mb-40s-rad-solve-graphically,inventory only; detailed coverage unassessed,../../../../../banks/manitoba-precalculus-40s-provincial-exams-documents/questions/mb-pc40s-2026-jan-q23.json
mb-pc40s-2026-jan-q24,2026-jan,12P.P.3,1,mcq,no-calculator,False,,mb-40s-pc-combinations;mb-40s-pc-combination-cases;mb-40s-pc-ncr-equation;mb-40s-pc-which,inventory only; detailed coverage unassessed,../../../../../banks/manitoba-precalculus-40s-provincial-exams-documents/questions/mb-pc40s-2026-jan-q24.json
mb-pc40s-2026-jan-q25,2026-jan,12P.R.11,1,mcq,no-calculator,False,,mb-40s-poly-divide;mb-40s-poly-remainder;mb-40s-poly-remainder-unknown;mb-40s-poly-factor-theorem;mb-40s-poly-factor;mb-40s-poly-solve,inventory only; detailed coverage unassessed,../../../../../banks/manitoba-precalculus-40s-provincial-exams-documents/questions/mb-pc40s-2026-jan-q25.json
mb-pc40s-2026-jan-q26,2026-jan,12P.R.13,2,frq,no-calculator,True,multipart,mb-40s-rad-domain-range;mb-40s-rad-describe;mb-40s-rad-sqrt-f-domain;mb-40s-rad-sketch-table;mb-40s-rad-sketch-transform;mb-40s-rad-sketch-sqrt-f;mb-40s-rad-solve-graphically,inventory only; detailed coverage unassessed,../../../../../banks/manitoba-precalculus-40s-provincial-exams-documents/questions/mb-pc40s-2026-jan-q26.json
mb-pc40s-2026-jan-q27,2026-jan,12P.T.4,2,frq,no-calculator,True,,mb-40s-tf-characteristics-basic;mb-40s-tf-characteristics;mb-40s-tf-max-min;mb-40s-tf-equation-from-features;mb-40s-tf-model;mb-40s-tf-sketch;mb-40s-tf-equation-from-graph,inventory only; detailed coverage unassessed,../../../../../banks/manitoba-precalculus-40s-provincial-exams-documents/questions/mb-pc40s-2026-jan-q27.json
mb-pc40s-2026-jan-q28,2026-jan,12P.P.2,3,frq,no-calculator,False,,mb-40s-pc-factorial;mb-40s-pc-permutations;mb-40s-pc-identical;mb-40s-pc-conditions;mb-40s-pc-npr-equation;mb-40s-pc-which,inventory only; detailed coverage unassessed,../../../../../banks/manitoba-precalculus-40s-provincial-exams-documents/questions/mb-pc40s-2026-jan-q28.json
mb-pc40s-2026-jan-q29,2026-jan,12P.T.6,3,frq,no-calculator,False,,mb-40s-te-identities;mb-40s-id-simplify;mb-40s-id-npv;mb-40s-id-verify-numeric;mb-40s-id-exact-sum-diff;mb-40s-id-exact-double;mb-40s-id-single-function;mb-40s-id-prove,inventory only; detailed coverage unassessed,../../../../../banks/manitoba-precalculus-40s-provincial-exams-documents/questions/mb-pc40s-2026-jan-q29.json
mb-pc40s-2026-jan-q30,2026-jan,12P.R.10,1,frq,no-calculator,False,error-analysis,mb-40s-exp-common-base;mb-40s-exp-logs;mb-40s-exp-growth-decay;mb-40s-exp-finance;mb-40s-log-solve;mb-40s-log-scales,inventory only; detailed coverage unassessed,../../../../../banks/manitoba-precalculus-40s-provincial-exams-documents/questions/mb-pc40s-2026-jan-q30.json
mb-pc40s-2026-jan-q31,2026-jan,12P.T.6,1,frq,no-calculator,False,,mb-40s-te-identities;mb-40s-id-simplify;mb-40s-id-npv;mb-40s-id-verify-numeric;mb-40s-id-exact-sum-diff;mb-40s-id-exact-double;mb-40s-id-single-function;mb-40s-id-prove,inventory only; detailed coverage unassessed,../../../../../banks/manitoba-precalculus-40s-provincial-exams-documents/questions/mb-pc40s-2026-jan-q31.json
mb-pc40s-2026-jan-q32,2026-jan,12P.T.4,4,frq,no-calculator,True,,mb-40s-tf-characteristics-basic;mb-40s-tf-characteristics;mb-40s-tf-max-min;mb-40s-tf-equation-from-features;mb-40s-tf-model;mb-40s-tf-sketch;mb-40s-tf-equation-from-graph,inventory only; detailed coverage unassessed,../../../../../banks/manitoba-precalculus-40s-provincial-exams-documents/questions/mb-pc40s-2026-jan-q32.json
mb-pc40s-2026-jan-q33,2026-jan,12P.R.12,1,frq,no-calculator,False,,mb-40s-poly-solve;mb-40s-poly-zeros-multiplicity;mb-40s-poly-end-behaviour;mb-40s-poly-identify;mb-40s-poly-write;mb-40s-poly-model;mb-40s-poly-sketch;mb-40s-poly-match;mb-40s-poly-from-graph,inventory only; detailed coverage unassessed,../../../../../banks/manitoba-precalculus-40s-provincial-exams-documents/questions/mb-pc40s-2026-jan-q33.json
mb-pc40s-2026-jan-q34,2026-jan,12P.T.1,1,frq,no-calculator,True,,mb-40s-ang-deg-to-rad;mb-40s-ang-rad-to-deg;mb-40s-ang-coterminal;mb-40s-ang-coterminal-general;mb-40s-ang-arc-length;mb-40s-ang-sketch,inventory only; detailed coverage unassessed,../../../../../banks/manitoba-precalculus-40s-provincial-exams-documents/questions/mb-pc40s-2026-jan-q34.json
mb-pc40s-2026-jan-q35,2026-jan,12P.R.10,4,frq,no-calculator,False,,mb-40s-exp-common-base;mb-40s-exp-logs;mb-40s-exp-growth-decay;mb-40s-exp-finance;mb-40s-log-solve;mb-40s-log-scales,inventory only; detailed coverage unassessed,../../../../../banks/manitoba-precalculus-40s-provincial-exams-documents/questions/mb-pc40s-2026-jan-q35.json
mb-pc40s-2026-jan-q36,2026-jan,12P.R.9,2,frq,no-calculator,True,,mb-40s-exp-characteristics;mb-40s-exp-transformed;mb-40s-exp-sketch;mb-40s-log-characteristics;mb-40s-log-sketch,inventory only; detailed coverage unassessed,../../../../../banks/manitoba-precalculus-40s-provincial-exams-documents/questions/mb-pc40s-2026-jan-q36.json
mb-pc40s-2026-jan-q37,2026-jan,12P.T.3,3,frq,no-calculator,False,,mb-40s-ratio-exact;mb-40s-ratio-approx;mb-40s-ratio-terminal-point;mb-40s-ratio-terminal-angle;mb-40s-ratio-given-one;mb-40s-ratio-find-angles;mb-40s-ratio-problem,inventory only; detailed coverage unassessed,../../../../../banks/manitoba-precalculus-40s-provincial-exams-documents/questions/mb-pc40s-2026-jan-q37.json
mb-pc40s-2026-jan-q38,2026-jan,12P.P.1,1,frq,no-calculator,True,,mb-40s-pc-fcp,inventory only; detailed coverage unassessed,../../../../../banks/manitoba-precalculus-40s-provincial-exams-documents/questions/mb-pc40s-2026-jan-q38.json
mb-pc40s-2026-jan-q39,2026-jan,12P.R.10,2,frq,no-calculator,False,,mb-40s-exp-common-base;mb-40s-exp-logs;mb-40s-exp-growth-decay;mb-40s-exp-finance;mb-40s-log-solve;mb-40s-log-scales,inventory only; detailed coverage unassessed,../../../../../banks/manitoba-precalculus-40s-provincial-exams-documents/questions/mb-pc40s-2026-jan-q39.json
mb-pc40s-2026-jan-q40,2026-jan,12P.R.14,4,frq,no-calculator,True,,mb-40s-rat-npv;mb-40s-rat-features;mb-40s-rat-hole;mb-40s-rat-behaviour;mb-40s-rat-sketch;mb-40s-rat-match;mb-40s-rat-solve-graphically,inventory only; detailed coverage unassessed,../../../../../banks/manitoba-precalculus-40s-provincial-exams-documents/questions/mb-pc40s-2026-jan-q40.json
mb-pc40s-2026-jan-q41,2026-jan,12P.R.7,2,frq,no-calculator,False,,mb-40s-log-convert;mb-40s-log-evaluate;mb-40s-log-estimate,inventory only; detailed coverage unassessed,../../../../../banks/manitoba-precalculus-40s-provincial-exams-documents/questions/mb-pc40s-2026-jan-q41.json
mb-pc40s-2026-jan-q42,2026-jan,12P.T.6,1,frq,no-calculator,False,error-analysis;explanation;identity-proof,mb-40s-te-identities;mb-40s-id-simplify;mb-40s-id-npv;mb-40s-id-verify-numeric;mb-40s-id-exact-sum-diff;mb-40s-id-exact-double;mb-40s-id-single-function;mb-40s-id-prove,inventory only; detailed coverage unassessed,../../../../../banks/manitoba-precalculus-40s-provincial-exams-documents/questions/mb-pc40s-2026-jan-q42.json
mb-pc40s-2026-jan-q43,2026-jan,12P.R.13,4,frq,no-calculator,True,,mb-40s-rad-domain-range;mb-40s-rad-describe;mb-40s-rad-sqrt-f-domain;mb-40s-rad-sketch-table;mb-40s-rad-sketch-transform;mb-40s-rad-sketch-sqrt-f;mb-40s-rad-solve-graphically,inventory only; detailed coverage unassessed,../../../../../banks/manitoba-precalculus-40s-provincial-exams-documents/questions/mb-pc40s-2026-jan-q43.json
mb-pc40s-2026-jan-q44,2026-jan,12P.R.7,2,frq,no-calculator,False,,mb-40s-log-convert;mb-40s-log-evaluate;mb-40s-log-estimate,inventory only; detailed coverage unassessed,../../../../../banks/manitoba-precalculus-40s-provincial-exams-documents/questions/mb-pc40s-2026-jan-q44.json
mb-pc40s-2026-jan-q45,2026-jan,12P.R.12,2,frq,no-calculator,True,,mb-40s-poly-solve;mb-40s-poly-zeros-multiplicity;mb-40s-poly-end-behaviour;mb-40s-poly-identify;mb-40s-poly-write;mb-40s-poly-model;mb-40s-poly-sketch;mb-40s-poly-match;mb-40s-poly-from-graph,inventory only; detailed coverage unassessed,../../../../../banks/manitoba-precalculus-40s-provincial-exams-documents/questions/mb-pc40s-2026-jan-q45.json
mb-pc40s-2026-jun-q01,2026-jun,12P.T.1,2,frq,calculator-active,False,,mb-40s-ang-deg-to-rad;mb-40s-ang-rad-to-deg;mb-40s-ang-coterminal;mb-40s-ang-coterminal-general;mb-40s-ang-arc-length;mb-40s-ang-sketch,initial task review in june-2026-mapping.csv,../../../../../banks/manitoba-precalculus-40s-provincial-exams-documents/questions/mb-pc40s-2026-jun-q01.json
mb-pc40s-2026-jun-q02,2026-jun,12P.P.3,2,frq,calculator-active,False,,mb-40s-pc-combinations;mb-40s-pc-combination-cases;mb-40s-pc-ncr-equation;mb-40s-pc-which,initial task review in june-2026-mapping.csv,../../../../../banks/manitoba-precalculus-40s-provincial-exams-documents/questions/mb-pc40s-2026-jun-q02.json
mb-pc40s-2026-jun-q03,2026-jun,12P.R.10,3,frq,calculator-active,False,,mb-40s-exp-common-base;mb-40s-exp-logs;mb-40s-exp-growth-decay;mb-40s-exp-finance;mb-40s-log-solve;mb-40s-log-scales,initial task review in june-2026-mapping.csv,../../../../../banks/manitoba-precalculus-40s-provincial-exams-documents/questions/mb-pc40s-2026-jun-q03.json
mb-pc40s-2026-jun-q04,2026-jun,12P.P.4,3,frq,calculator-active,False,,mb-40s-bin-pascal;mb-40s-bin-expand;mb-40s-bin-term;mb-40s-bin-term-power;mb-40s-bin-coefficient,initial task review in june-2026-mapping.csv,../../../../../banks/manitoba-precalculus-40s-provincial-exams-documents/questions/mb-pc40s-2026-jun-q04.json
mb-pc40s-2026-jun-q05,2026-jun,12P.T.5,3,frq,calculator-active,False,,mb-40s-te-verify;mb-40s-te-first-degree;mb-40s-te-first-degree-approx;mb-40s-te-double-angle;mb-40s-te-second-degree;mb-40s-te-identities;mb-40s-te-general;mb-40s-te-find-error;mb-40s-te-graphical,initial task review in june-2026-mapping.csv,../../../../../banks/manitoba-precalculus-40s-provincial-exams-documents/questions/mb-pc40s-2026-jun-q05.json
mb-pc40s-2026-jun-q06,2026-jun,12P.R.14,1,frq,no-calculator,False,,mb-40s-rat-npv;mb-40s-rat-features;mb-40s-rat-hole;mb-40s-rat-behaviour;mb-40s-rat-sketch;mb-40s-rat-match;mb-40s-rat-solve-graphically,initial task review in june-2026-mapping.csv,../../../../../banks/manitoba-precalculus-40s-provincial-exams-documents/questions/mb-pc40s-2026-jun-q06.json
mb-pc40s-2026-jun-q07,2026-jun,12P.R.13,2,frq,no-calculator,False,,mb-40s-rad-domain-range;mb-40s-rad-describe;mb-40s-rad-sqrt-f-domain;mb-40s-rad-sketch-table;mb-40s-rad-sketch-transform;mb-40s-rad-sketch-sqrt-f;mb-40s-rad-solve-graphically,initial task review in june-2026-mapping.csv,../../../../../banks/manitoba-precalculus-40s-provincial-exams-documents/questions/mb-pc40s-2026-jun-q07.json
mb-pc40s-2026-jun-q08,2026-jun,12P.T.6,3,frq,no-calculator,False,identity-proof,mb-40s-te-identities;mb-40s-id-simplify;mb-40s-id-npv;mb-40s-id-verify-numeric;mb-40s-id-exact-sum-diff;mb-40s-id-exact-double;mb-40s-id-single-function;mb-40s-id-prove,initial task review in june-2026-mapping.csv,../../../../../banks/manitoba-precalculus-40s-provincial-exams-documents/questions/mb-pc40s-2026-jun-q08.json
mb-pc40s-2026-jun-q09,2026-jun,12P.R.1,3,frq,no-calculator,True,,mb-40s-op-equation;mb-40s-op-domain;mb-40s-op-evaluate;mb-40s-op-compose-evaluate;mb-40s-op-compose-equation;mb-40s-op-decompose;mb-40s-op-from-graphs;mb-40s-op-sketch;mb-40s-op-abs-reciprocal,initial task review in june-2026-mapping.csv,../../../../../banks/manitoba-precalculus-40s-provincial-exams-documents/questions/mb-pc40s-2026-jun-q09.json
mb-pc40s-2026-jun-q10,2026-jun,12P.R.10,3,frq,no-calculator,False,,mb-40s-exp-common-base;mb-40s-exp-logs;mb-40s-exp-growth-decay;mb-40s-exp-finance;mb-40s-log-solve;mb-40s-log-scales,initial task review in june-2026-mapping.csv,../../../../../banks/manitoba-precalculus-40s-provincial-exams-documents/questions/mb-pc40s-2026-jun-q10.json
mb-pc40s-2026-jun-q11,2026-jun,12P.P.4,1,frq,no-calculator,False,explanation,mb-40s-bin-pascal;mb-40s-bin-expand;mb-40s-bin-term;mb-40s-bin-term-power;mb-40s-bin-coefficient,initial task review in june-2026-mapping.csv,../../../../../banks/manitoba-precalculus-40s-provincial-exams-documents/questions/mb-pc40s-2026-jun-q11.json
mb-pc40s-2026-jun-q12,2026-jun,12P.T.5,1,frq,no-calculator,True,,mb-40s-te-verify;mb-40s-te-first-degree;mb-40s-te-first-degree-approx;mb-40s-te-double-angle;mb-40s-te-second-degree;mb-40s-te-identities;mb-40s-te-general;mb-40s-te-find-error;mb-40s-te-graphical,initial task review in june-2026-mapping.csv,../../../../../banks/manitoba-precalculus-40s-provincial-exams-documents/questions/mb-pc40s-2026-jun-q12.json
mb-pc40s-2026-jun-q13,2026-jun,12P.R.1,3,frq,no-calculator,True,multipart,mb-40s-op-equation;mb-40s-op-domain;mb-40s-op-evaluate;mb-40s-op-compose-evaluate;mb-40s-op-compose-equation;mb-40s-op-decompose;mb-40s-op-from-graphs;mb-40s-op-sketch;mb-40s-op-abs-reciprocal,initial task review in june-2026-mapping.csv,../../../../../banks/manitoba-precalculus-40s-provincial-exams-documents/questions/mb-pc40s-2026-jun-q13.json
mb-pc40s-2026-jun-q14,2026-jun,12P.R.2,2,frq,no-calculator,True,,mb-40s-tr-describe;mb-40s-tr-write-equation;mb-40s-tr-map-point;mb-40s-tr-sketch-translation;mb-40s-tr-equation-from-graph,initial task review in june-2026-mapping.csv,../../../../../banks/manitoba-precalculus-40s-provincial-exams-documents/questions/mb-pc40s-2026-jun-q14.json
mb-pc40s-2026-jun-q15,2026-jun,12P.R.12,3,frq,no-calculator,True,,mb-40s-poly-solve;mb-40s-poly-zeros-multiplicity;mb-40s-poly-end-behaviour;mb-40s-poly-identify;mb-40s-poly-write;mb-40s-poly-model;mb-40s-poly-sketch;mb-40s-poly-match;mb-40s-poly-from-graph,initial task review in june-2026-mapping.csv,../../../../../banks/manitoba-precalculus-40s-provincial-exams-documents/questions/mb-pc40s-2026-jun-q15.json
mb-pc40s-2026-jun-q16,2026-jun,12P.T.6,1,mcq,no-calculator,False,,mb-40s-te-identities;mb-40s-id-simplify;mb-40s-id-npv;mb-40s-id-verify-numeric;mb-40s-id-exact-sum-diff;mb-40s-id-exact-double;mb-40s-id-single-function;mb-40s-id-prove,initial task review in june-2026-mapping.csv,../../../../../banks/manitoba-precalculus-40s-provincial-exams-documents/questions/mb-pc40s-2026-jun-q16.json
mb-pc40s-2026-jun-q17,2026-jun,12P.P.2,1,mcq,no-calculator,False,,mb-40s-pc-factorial;mb-40s-pc-permutations;mb-40s-pc-identical;mb-40s-pc-conditions;mb-40s-pc-npr-equation;mb-40s-pc-which,initial task review in june-2026-mapping.csv,../../../../../banks/manitoba-precalculus-40s-provincial-exams-documents/questions/mb-pc40s-2026-jun-q17.json
mb-pc40s-2026-jun-q18,2026-jun,12P.R.10,1,mcq,no-calculator,False,,mb-40s-exp-common-base;mb-40s-exp-logs;mb-40s-exp-growth-decay;mb-40s-exp-finance;mb-40s-log-solve;mb-40s-log-scales,initial task review in june-2026-mapping.csv,../../../../../banks/manitoba-precalculus-40s-provincial-exams-documents/questions/mb-pc40s-2026-jun-q18.json
mb-pc40s-2026-jun-q19,2026-jun,12P.R.1,1,mcq,no-calculator,False,,mb-40s-op-equation;mb-40s-op-domain;mb-40s-op-evaluate;mb-40s-op-compose-evaluate;mb-40s-op-compose-equation;mb-40s-op-decompose;mb-40s-op-from-graphs;mb-40s-op-sketch;mb-40s-op-abs-reciprocal,initial task review in june-2026-mapping.csv,../../../../../banks/manitoba-precalculus-40s-provincial-exams-documents/questions/mb-pc40s-2026-jun-q19.json
mb-pc40s-2026-jun-q20,2026-jun,12P.R.14,1,mcq,no-calculator,False,,mb-40s-rat-npv;mb-40s-rat-features;mb-40s-rat-hole;mb-40s-rat-behaviour;mb-40s-rat-sketch;mb-40s-rat-match;mb-40s-rat-solve-graphically,initial task review in june-2026-mapping.csv,../../../../../banks/manitoba-precalculus-40s-provincial-exams-documents/questions/mb-pc40s-2026-jun-q20.json
mb-pc40s-2026-jun-q21,2026-jun,12P.T.4,1,mcq,no-calculator,False,,mb-40s-tf-characteristics-basic;mb-40s-tf-characteristics;mb-40s-tf-max-min;mb-40s-tf-equation-from-features;mb-40s-tf-model;mb-40s-tf-sketch;mb-40s-tf-equation-from-graph,initial task review in june-2026-mapping.csv,../../../../../banks/manitoba-precalculus-40s-provincial-exams-documents/questions/mb-pc40s-2026-jun-q21.json
mb-pc40s-2026-jun-q22,2026-jun,12P.R.11,1,mcq,no-calculator,False,,mb-40s-poly-divide;mb-40s-poly-remainder;mb-40s-poly-remainder-unknown;mb-40s-poly-factor-theorem;mb-40s-poly-factor;mb-40s-poly-solve,initial task review in june-2026-mapping.csv,../../../../../banks/manitoba-precalculus-40s-provincial-exams-documents/questions/mb-pc40s-2026-jun-q22.json
mb-pc40s-2026-jun-q23,2026-jun,12P.T.1,1,mcq,no-calculator,True,,mb-40s-ang-deg-to-rad;mb-40s-ang-rad-to-deg;mb-40s-ang-coterminal;mb-40s-ang-coterminal-general;mb-40s-ang-arc-length;mb-40s-ang-sketch,initial task review in june-2026-mapping.csv,../../../../../banks/manitoba-precalculus-40s-provincial-exams-documents/questions/mb-pc40s-2026-jun-q23.json
mb-pc40s-2026-jun-q24,2026-jun,12P.R.8,1,mcq,no-calculator,False,,mb-40s-log-expand;mb-40s-log-condense;mb-40s-log-evaluate-laws;mb-40s-log-approx;mb-40s-log-prove-law,initial task review in june-2026-mapping.csv,../../../../../banks/manitoba-precalculus-40s-provincial-exams-documents/questions/mb-pc40s-2026-jun-q24.json
mb-pc40s-2026-jun-q25,2026-jun,12P.T.3,3,frq,no-calculator,False,,mb-40s-ratio-exact;mb-40s-ratio-approx;mb-40s-ratio-terminal-point;mb-40s-ratio-terminal-angle;mb-40s-ratio-given-one;mb-40s-ratio-find-angles;mb-40s-ratio-problem,initial task review in june-2026-mapping.csv,../../../../../banks/manitoba-precalculus-40s-provincial-exams-documents/questions/mb-pc40s-2026-jun-q25.json
mb-pc40s-2026-jun-q26,2026-jun,12P.R.8,2,frq,no-calculator,False,,mb-40s-log-expand;mb-40s-log-condense;mb-40s-log-evaluate-laws;mb-40s-log-approx;mb-40s-log-prove-law,initial task review in june-2026-mapping.csv,../../../../../banks/manitoba-precalculus-40s-provincial-exams-documents/questions/mb-pc40s-2026-jun-q26.json
mb-pc40s-2026-jun-q27,2026-jun,12P.T.6,2,frq,no-calculator,False,explanation,mb-40s-te-identities;mb-40s-id-simplify;mb-40s-id-npv;mb-40s-id-verify-numeric;mb-40s-id-exact-sum-diff;mb-40s-id-exact-double;mb-40s-id-single-function;mb-40s-id-prove,initial task review in june-2026-mapping.csv,../../../../../banks/manitoba-precalculus-40s-provincial-exams-documents/questions/mb-pc40s-2026-jun-q27.json
mb-pc40s-2026-jun-q28,2026-jun,12P.T.3,2,frq,no-calculator,True,,mb-40s-ratio-exact;mb-40s-ratio-approx;mb-40s-ratio-terminal-point;mb-40s-ratio-terminal-angle;mb-40s-ratio-given-one;mb-40s-ratio-find-angles;mb-40s-ratio-problem,initial task review in june-2026-mapping.csv,../../../../../banks/manitoba-precalculus-40s-provincial-exams-documents/questions/mb-pc40s-2026-jun-q28.json
mb-pc40s-2026-jun-q29,2026-jun,12P.R.14,3,frq,no-calculator,True,multipart,mb-40s-rat-npv;mb-40s-rat-features;mb-40s-rat-hole;mb-40s-rat-behaviour;mb-40s-rat-sketch;mb-40s-rat-match;mb-40s-rat-solve-graphically,initial task review in june-2026-mapping.csv,../../../../../banks/manitoba-precalculus-40s-provincial-exams-documents/questions/mb-pc40s-2026-jun-q29.json
mb-pc40s-2026-jun-q30,2026-jun,12P.R.6,3,frq,no-calculator,False,multipart,mb-40s-inv-linear;mb-40s-inv-quadratic;mb-40s-inv-verify;mb-40s-inv-domain-range;mb-40s-inv-is-function;mb-40s-inv-sketch,initial task review in june-2026-mapping.csv,../../../../../banks/manitoba-precalculus-40s-provincial-exams-documents/questions/mb-pc40s-2026-jun-q30.json
mb-pc40s-2026-jun-q31,2026-jun,12P.T.6,3,frq,no-calculator,True,,mb-40s-te-identities;mb-40s-id-simplify;mb-40s-id-npv;mb-40s-id-verify-numeric;mb-40s-id-exact-sum-diff;mb-40s-id-exact-double;mb-40s-id-single-function;mb-40s-id-prove,initial task review in june-2026-mapping.csv,../../../../../banks/manitoba-precalculus-40s-provincial-exams-documents/questions/mb-pc40s-2026-jun-q31.json
mb-pc40s-2026-jun-q32,2026-jun,12P.R.13,4,frq,no-calculator,True,,mb-40s-rad-domain-range;mb-40s-rad-describe;mb-40s-rad-sqrt-f-domain;mb-40s-rad-sketch-table;mb-40s-rad-sketch-transform;mb-40s-rad-sketch-sqrt-f;mb-40s-rad-solve-graphically,initial task review in june-2026-mapping.csv,../../../../../banks/manitoba-precalculus-40s-provincial-exams-documents/questions/mb-pc40s-2026-jun-q32.json
mb-pc40s-2026-jun-q33,2026-jun,12P.R.11,3,frq,no-calculator,False,,mb-40s-poly-divide;mb-40s-poly-remainder;mb-40s-poly-remainder-unknown;mb-40s-poly-factor-theorem;mb-40s-poly-factor;mb-40s-poly-solve,initial task review in june-2026-mapping.csv,../../../../../banks/manitoba-precalculus-40s-provincial-exams-documents/questions/mb-pc40s-2026-jun-q33.json
mb-pc40s-2026-jun-q34,2026-jun,12P.T.4,4,frq,no-calculator,True,,mb-40s-tf-characteristics-basic;mb-40s-tf-characteristics;mb-40s-tf-max-min;mb-40s-tf-equation-from-features;mb-40s-tf-model;mb-40s-tf-sketch;mb-40s-tf-equation-from-graph,initial task review in june-2026-mapping.csv,../../../../../banks/manitoba-precalculus-40s-provincial-exams-documents/questions/mb-pc40s-2026-jun-q34.json
mb-pc40s-2026-jun-q35,2026-jun,12P.R.9,3,frq,no-calculator,True,multipart,mb-40s-exp-characteristics;mb-40s-exp-transformed;mb-40s-exp-sketch;mb-40s-log-characteristics;mb-40s-log-sketch,initial task review in june-2026-mapping.csv,../../../../../banks/manitoba-precalculus-40s-provincial-exams-documents/questions/mb-pc40s-2026-jun-q35.json
mb-pc40s-2026-jun-q36,2026-jun,12P.T.6,1,frq,no-calculator,False,error-analysis,mb-40s-te-identities;mb-40s-id-simplify;mb-40s-id-npv;mb-40s-id-verify-numeric;mb-40s-id-exact-sum-diff;mb-40s-id-exact-double;mb-40s-id-single-function;mb-40s-id-prove,initial task review in june-2026-mapping.csv,../../../../../banks/manitoba-precalculus-40s-provincial-exams-documents/questions/mb-pc40s-2026-jun-q36.json
mb-pc40s-2026-jun-q37,2026-jun,12P.R.13,1,frq,no-calculator,True,,mb-40s-rad-domain-range;mb-40s-rad-describe;mb-40s-rad-sqrt-f-domain;mb-40s-rad-sketch-table;mb-40s-rad-sketch-transform;mb-40s-rad-sketch-sqrt-f;mb-40s-rad-solve-graphically,initial task review in june-2026-mapping.csv,../../../../../banks/manitoba-precalculus-40s-provincial-exams-documents/questions/mb-pc40s-2026-jun-q37.json
mb-pc40s-2026-jun-q38,2026-jun,12P.T.2,1,frq,no-calculator,False,,mb-40s-uc-point;mb-40s-uc-circle-equation,initial task review in june-2026-mapping.csv,../../../../../banks/manitoba-precalculus-40s-provincial-exams-documents/questions/mb-pc40s-2026-jun-q38.json
mb-pc40s-2026-jun-q39,2026-jun,12P.R.10,2,frq,no-calculator,False,,mb-40s-exp-common-base;mb-40s-exp-logs;mb-40s-exp-growth-decay;mb-40s-exp-finance;mb-40s-log-solve;mb-40s-log-scales,initial task review in june-2026-mapping.csv,../../../../../banks/manitoba-precalculus-40s-provincial-exams-documents/questions/mb-pc40s-2026-jun-q39.json
mb-pc40s-2026-jun-q40,2026-jun,12P.P.2,2,frq,no-calculator,False,,mb-40s-pc-factorial;mb-40s-pc-permutations;mb-40s-pc-identical;mb-40s-pc-conditions;mb-40s-pc-npr-equation;mb-40s-pc-which,initial task review in june-2026-mapping.csv,../../../../../banks/manitoba-precalculus-40s-provincial-exams-documents/questions/mb-pc40s-2026-jun-q40.json
mb-pc40s-2026-jun-q41,2026-jun,12P.P.2,2,frq,no-calculator,False,,mb-40s-pc-factorial;mb-40s-pc-permutations;mb-40s-pc-identical;mb-40s-pc-conditions;mb-40s-pc-npr-equation;mb-40s-pc-which,initial task review in june-2026-mapping.csv,../../../../../banks/manitoba-precalculus-40s-provincial-exams-documents/questions/mb-pc40s-2026-jun-q41.json
mb-pc40s-2026-jun-q42,2026-jun,12P.R.7,1,frq,no-calculator,False,explanation,mb-40s-log-convert;mb-40s-log-evaluate;mb-40s-log-estimate,initial task review in june-2026-mapping.csv,../../../../../banks/manitoba-precalculus-40s-provincial-exams-documents/questions/mb-pc40s-2026-jun-q42.json
mb-pc40s-2026-jun-q43,2026-jun,12P.R.11,2,frq,no-calculator,False,,mb-40s-poly-divide;mb-40s-poly-remainder;mb-40s-poly-remainder-unknown;mb-40s-poly-factor-theorem;mb-40s-poly-factor;mb-40s-poly-solve,initial task review in june-2026-mapping.csv,../../../../../banks/manitoba-precalculus-40s-provincial-exams-documents/questions/mb-pc40s-2026-jun-q43.json
mb-pc40s-2026-jun-q44,2026-jun,12P.R.2,3,frq,no-calculator,False,,mb-40s-tr-describe;mb-40s-tr-write-equation;mb-40s-tr-map-point;mb-40s-tr-sketch-translation;mb-40s-tr-equation-from-graph,initial task review in june-2026-mapping.csv,../../../../../banks/manitoba-precalculus-40s-provincial-exams-documents/questions/mb-pc40s-2026-jun-q44.json
